{"1": {"phi_c_k": 2.322437457037432, "abs_cf": 0.7586347824554667, "tip": [63.87276450159294, 30.900001405122353], "cf": [-0.7585598024875679, 0.010665795857562443], "kappa_c": 0.007402166174598007, "k2": [2.8950257301330566, -0.48296841979026794, -1.0403541326522827, -1.015805959701538, -0.9922066926956177], "k1": [36.48314666748047, 49.99369430541992, 49.99212646484375, 50.072914123535156, 50.11255645751953], "phi_c": 1.2723386431768904}}