{"0": {"sI_max": 0.022579070180654526, "pos_max": [16.00631332397461, -36.97291564941406], "s_path": [[0.0, 0.022579070180654526], [0.033333323895931244, 0.022469066083431244], [0.06666732579469681, 0.022358901798725128], [0.10000064969062805, 0.022248581051826477], [0.1333339810371399, 0.02213810384273529], [0.16666798293590546, 0.02202746644616127], [0.1999986171722412, 0.02191668003797531], [0.23333194851875305, 0.02180573157966137], [0.2666659653186798, 0.021694622933864594], [0.29999929666519165, 0.021583357825875282], [0.3333326280117035, 0.021471936255693436], [0.36666664481163025, 0.021360354498028755], [0.3999999761581421, 0.02124861627817154]], "n": [-0.7097152899226474, -0.7044886139960053]}}