{"0": {"sI_max": 6.368091583251953, "pos_max": [18.840839385986328, -34.99958038330078], "s_path": [[0.0, 6.368091583251953], [0.03333339840173721, 6.359429359436035], [0.06666723638772964, 6.350760459899902], [0.10000063478946686, 6.342083930969238], [0.13333402574062347, 6.333401679992676], [0.1666659712791443, 6.324711322784424], [0.1999993622303009, 6.316014289855957], [0.23333275318145752, 6.307310581207275], [0.26666659116744995, 6.2985992431640625], [0.29999998211860657, 6.289881706237793], [0.3333333730697632, 6.281156539916992], [0.3666672110557556, 6.272424221038818], [0.40000060200691223, 6.26368522644043]], "n": [0.9932263984173992, -0.11619518702081308]}}