{"cracks": {"1": 1.2822969400695379}, "holes": {"0": 0.031949556996914416}}