{"0": {"sI_max": 2.026231527328491, "pos_max": [18.840839385986328, -34.99958038330078], "s_path": [[0.0, 2.026231527328491], [0.03333339840173721, 2.0259194374084473], [0.06666723638772964, 2.025606393814087], [0.10000063478946686, 2.025292158126831], [0.13333402574062347, 2.024976968765259], [0.1666659712791443, 2.024660348892212], [0.1999993622303009, 2.0243430137634277], [0.23333275318145752, 2.024024248123169], [0.26666659116744995, 2.0237042903900146], [0.29999998211860657, 2.023383617401123], [0.3333333730697632, 2.023061513900757], [0.3666672110557556, 2.022738218307495], [0.40000060200691223, 2.022414207458496]], "n": [0.9932263984173992, -0.11619518702081308]}}