{"cracks": {"1": 1.2069205194775199}, "holes": {"0": 0.06766670216916423}}