{"0": {"sI_max": 5.440252304077148, "pos_max": [18.840839385986328, -34.99958038330078], "s_path": [[0.0, 5.440252304077148], [0.03333339840173721, 5.432405948638916], [0.06666723638772964, 5.4245524406433105], [0.10000063478946686, 5.416691780090332], [0.13333402574062347, 5.408824920654297], [0.1666659712791443, 5.4009504318237305], [0.1999993622303009, 5.393069267272949], [0.23333275318145752, 5.385181427001953], [0.26666659116744995, 5.377285957336426], [0.29999998211860657, 5.369383811950684], [0.3333333730697632, 5.361474990844727], [0.3666672110557556, 5.353558540344238], [0.40000060200691223, 5.345635890960693]], "n": [0.9932263984173992, -0.11619518702081308]}}