{"1": {"phi_c_k": 0.07391286475774342, "abs_cf": 0.7809093120336231, "tip": [40.08221133607065, 33.78630623399989], "cf": [-0.7661355497987188, 0.1511809278825922], "kappa_c": -0.0024852762683064476, "k2": [-1.5238699913024902, 0.3767710030078888, -0.06521017104387283, -0.03276675194501877, -0.002795938868075609], "k1": [46.89737319946289, 50.68954849243164, 50.71083450317383, 50.80021667480469, 50.843421936035156], "phi_c": -0.4271875232939468}}