{"0": {"sI_max": 0.06929126381874084, "pos_max": [16.00631332397461, -36.97291564941406], "s_path": [[0.0, 0.06929126381874084], [0.033333323895931244, 0.06881605088710785], [0.06666732579469681, 0.0683390200138092], [0.10000064969062805, 0.0678602084517479], [0.1333339810371399, 0.06737960129976273], [0.16666798293590546, 0.06689717620611191], [0.1999986171722412, 0.06641298532485962], [0.23333194851875305, 0.06592698395252228], [0.2666659653186798, 0.06543916463851929], [0.29999929666519165, 0.06494957208633423], [0.3333326280117035, 0.06445817649364471], [0.36666664481163025, 0.06396496295928955], [0.3999999761581421, 0.06346996873617172]], "n": [-0.7097152899226474, -0.7044886139960053]}}