{"cracks": {"1": 1.341096473342509}, "holes": {"0": 0.002965880363284926}}