{"cracks": {"1": 1.2233790492518688}, "holes": {"0": 0.0029937604700200965}}