{"1": {"phi_c_k": -9.490724087404573, "abs_cf": 0.268686476739642, "tip": [25.31952976756618, 36.41888768738835], "cf": [-0.2663061195261278, 0.03568576026509618], "kappa_c": -0.04626176445876621, "k2": [-0.495807409286499, 2.6171278953552246, 2.383850336074829, 2.482619524002075, 2.5317184925079346], "k1": [22.440095901489258, 29.4438533782959, 29.374216079711914, 29.494548797607422, 29.50959014892578], "phi_c": -7.951811568946852}}