{"cracks": {"1": 1.2504466669696352}, "holes": {"0": 0.003597562040614584}}