{"0": {"sI_max": 0.19294145703315735, "pos_max": [17.100976943969727, -37.81507873535156], "s_path": [[0.0, 0.19294145703315735], [0.03333425521850586, 0.19136640429496765], [0.06666520237922668, 0.18982598185539246], [0.10000040382146835, 0.188319593667984], [0.13333465158939362, 0.18684729933738708], [0.16666559875011444, 0.18540963530540466], [0.1999998539686203, 0.18400587141513824], [0.23333410918712616, 0.18263636529445648], [0.2666659951210022, 0.1813015639781952], [0.30000025033950806, 0.18000057339668274], [0.3333345055580139, 0.17873384058475494], [0.36666545271873474, 0.17750167846679688], [0.3999997079372406, 0.1763034462928772]], "n": [-0.49697149001571206, -0.8677668685260823]}}