{"cracks": {"1": 0.7360072053519064}, "holes": {"0": 0.12777101430678878}}