{"0": {"x0": [0, 0], "n0": [1, 0], "da": [10.0, 3.0, 2.1448571428571426], "kappa": [0, 0, 0], "dphi": [0, -0.9814750590179038, -0.2773718341537419], "is_active": 0, "close_hole": []}}