{"cracks": {"1": 1.2547565244108754}, "holes": {"0": 0.049923800922375694}}