{"0": {"sI_max": 8.676609992980957, "pos_max": [20.402021408081055, 4.300478458404541], "s_path": [[0.0, 8.676609992980957], [0.033332459628582, 8.670421600341797], [0.06666682660579681, 8.664230346679688], [0.0999993160367012, 8.658036231994629], [0.13333368301391602, 8.65184211730957], [0.1666661500930786, 8.645644187927246], [0.20000050961971283, 8.639444351196289], [0.23333299160003662, 8.6332426071167], [0.26666736602783203, 8.62703800201416], [0.29999983310699463, 8.620832443237305], [0.33333420753479004, 8.6146240234375], [0.366666704416275, 8.608413696289062], [0.3999991714954376, 8.602201461791992]], "n": [0.9984085756615998, -0.05639429089345447]}}