{"cracks": {"1": 1.271393318855977}, "holes": {"0": 0.004106398605390764}}