{"0": {"phi_c_k": -1.084445383360691, "abs_cf": 0.9873405785522467, "tip": [10.0, 0.0], "cf": [-0.9871957215004841, 0.01691228863944616], "kappa_c": -0.0017129971306068085, "k2": [0.14211389422416687, 0.52521151304245, 0.5329893231391907, 0.5357689261436462, 0.5377725958824158], "k1": [54.61570358276367, 56.21548843383789, 56.499080657958984, 56.60198974609375, 56.655460357666016], "phi_c": -0.9814750590179038}}