{"0": {"sI_max": 8.112248420715332, "pos_max": [20.402021408081055, 4.300478458404541], "s_path": [[0.0, 8.112248420715332], [0.033332459628582, 8.10650634765625], [0.06666682660579681, 8.100764274597168], [0.0999993160367012, 8.095020294189453], [0.13333368301391602, 8.089276313781738], [0.1666661500930786, 8.083531379699707], [0.20000050961971283, 8.07778549194336], [0.23333299160003662, 8.072039604187012], [0.26666736602783203, 8.066291809082031], [0.29999983310699463, 8.06054401397705], [0.33333420753479004, 8.054795265197754], [0.366666704416275, 8.049046516418457], [0.3999991714954376, 8.043295860290527]], "n": [0.9984085756615998, -0.05639429089345447]}}