{"1": {"phi_c_k": 0.7317943545751683, "abs_cf": 0.8920757164026106, "tip": [75.8724329795369, 30.882159587052605], "cf": [-0.8920715844654978, 0.002715139857741633], "kappa_c": -0.0016523518257769599, "k2": [3.4508423805236816, 0.2858126759529114, -0.39618849754333496, -0.34649476408958435, -0.30503547191619873], "k1": [39.69160461425781, 54.163143157958984, 54.16331481933594, 54.25239562988281, 54.2974967956543], "phi_c": -0.2840183576632671}}