{"1": {"phi_c_k": -1.2348839657166293, "abs_cf": 0.5278059043055433, "tip": [31.25110094296943, 35.52108608847412], "cf": [-0.5177968810871789, 0.10230084337962353], "kappa_c": -0.00927581765320815, "k2": [-2.897263765335083, 0.9152345061302185, 0.5290786623954773, 0.44963550567626953, 0.4931429326534271], "k1": [34.171180725097656, 41.62344741821289, 41.563812255859375, 41.71280288696289, 41.743507385253906], "phi_c": -1.5943956091853124}}