{"1": {"phi_c_k": 0.2826996830527032, "abs_cf": 0.6346326802852286, "tip": [34.19421057965566, 34.939617545520484], "cf": [-0.6220475638621563, 0.1257595609851183], "kappa_c": -0.0014747135492190104, "k2": [-2.266859292984009, 0.3933942914009094, -0.15542173385620117, -0.11308640241622925, -0.07454778999090195], "k1": [40.39690017700195, 45.743858337402344, 45.761165618896484, 45.838619232177734, 45.87482833862305], "phi_c": -0.25348458708302246}}