{"0": {"kappa": [0, 0, 0], "is_active": 0, "da": [10.0, 3.0, 2.1448571428571426], "n0": [1, 0], "dphi": [0, -0.9814750590179038, -0.2773718341537419], "x0": [0, 0], "close_hole": []}, "1": {"kappa": [0, 0, 0, 0, 0, 0, 0], "is_active": 1, "da": [2.0, 3.0, 3.0, 3.0, 3.0, 3.0, 3.0], "n0": [0.984064045715891, 0.1778143805468855], "dphi": [0, -9.922994418644207, -7.951811568946852, -1.949243696993686, -1.5943956091853124, -0.25348458708302246, 0.6939198097278396], "x0": [20.351448314779663, 36.046530815330705], "close_hole": []}}