{"cracks": {"1": 1.3052744407802963}, "holes": {"0": 0.0010777948680679372}}