{"0": {"sI_max": 10.732437133789062, "pos_max": [15.108697891235352, 4.130671501159668], "s_path": [[0.0, 10.732437133789062], [0.033333778381347656, 10.715015411376953], [0.0666666030883789, 10.697625160217285], [0.10000038146972656, 10.680264472961426], [0.1333332061767578, 10.662934303283691], [0.16666698455810547, 10.645636558532715], [0.19999980926513672, 10.628368377685547], [0.23333358764648438, 10.611132621765137], [0.2666664123535156, 10.593926429748535], [0.3000001907348633, 10.576750755310059], [0.33333301544189453, 10.55960750579834], [0.3666667938232422, 10.54249382019043], [0.39999961853027344, 10.525411605834961]], "n": [-1.0, 0.0]}}