{"1": {"phi_c_k": 1.7922911378270812, "abs_cf": 0.8155655794858031, "tip": [43.02545533889949, 33.20551820053839], "cf": [-0.8027946142931341, 0.1437637704846111], "kappa_c": 0.005875116172393513, "k2": [-2.3183159828186035, -0.3292909860610962, -0.8353700637817383, -0.8130373954772949, -0.7894933819770813], "k1": [48.07002639770508, 51.85061264038086, 51.86014938354492, 51.952518463134766, 51.997806549072266], "phi_c": 1.0098580824816086}}