{"1": {"phi_c_k": -11.389370357918018, "abs_cf": 0.13916243407251414, "tip": [22.319576406211446, 36.402159576424474], "cf": [-0.13916027062338188, -0.0007759748797226962], "kappa_c": -0.08659446213118101, "k2": [-1.7318222522735596, 2.2552294731140137, 2.090888023376465, 2.150555372238159, 2.179938316345215], "k1": [14.845366477966309, 21.114322662353516, 21.04998207092285, 21.137123107910156, 21.14596176147461], "phi_c": -9.922994418644207}}