{"1": {"phi_c_k": 2.218342133799281, "abs_cf": 0.775553965999993, "tip": [60.87473713677518, 31.008776033615774], "cf": [-0.7750440043203071, 0.028120198176083022], "kappa_c": 0.007325183748614313, "k2": [-7.69741678237915, -0.4744093418121338, -1.0027787685394287, -0.9810391068458557, -0.9588742852210999], "k1": [47.97076416015625, 50.549800872802734, 50.549644470214844, 50.632625579833984, 50.673377990722656], "phi_c": 1.2591063388602586}}