{"1": {"phi_c_k": 1.3915189509100563, "abs_cf": 0.844958443103885, "tip": [45.97847825141358, 32.67669339196107], "cf": [-0.8333854339721256, 0.13936817791602607], "kappa_c": 0.0038342599591667816, "k2": [-2.3096933364868164, -0.7558754682540894, -0.664951503276825, -0.6431761980056763, -0.6202019453048706], "k1": [49.071441650390625, 52.58824920654297, 52.853580474853516, 52.947322845458984, 52.99366760253906], "phi_c": 0.6590607396487798}}