{"cracks": {"1": 1.2367318261406746}, "holes": {"0": 0.0025484981154216707}}