{"cracks": {"1": 0.8991025792099663}, "holes": {"0": 0.11459234285274218}}