{"0": {"x0": [0, 0], "n0": [1, 0], "da": [10.0, 3.0, 2.1448571428571426], "kappa": [0, 0, 0], "dphi": [0, -0.9814750590179038, -0.2773718341537419], "is_active": 0, "close_hole": []}, "1": {"x0": [20.351448314779663, 36.046530815330705], "n0": [0.984064045715891, 0.1778143805468855], "da": [2.0, 3.0, 3.0, 3.0, 3.0, 3.0, 3.0, 3.0, 3.0, 3.0, 3.0, 3.0, 3.0, 3.0, 3.0, 3.0, 3.0, 3.0], "kappa": [0, 0, 0, 0, 0, 0, 0, 0, 0, 0, 0, 0, 0, 0, 0, 0, 0, 0], "dphi": [0, -9.922994418644207, -7.951811568946852, -1.949243696993686, -1.5943956091853124, -0.25348458708302246, 0.6939198097278396, -0.4271875232939468, 1.0098580824816086, 0.6590607396487798, 1.7308770915144134, 1.2332763972254401, 1.7093338479000932, 1.4833078026835707, 1.2591063388602586, 1.2723386431768904, 0.9552996544305405, 0.055667292444537136], "is_active": 1, "close_hole": []}}