{"1": {"phi_c_k": 2.4070445378550143, "abs_cf": 0.8017547217308815, "tip": [57.87982384381807, 31.18340239951969], "cf": [-0.8003952912676482, 0.04666917113405589], "kappa_c": 0.008629534992450229, "k2": [-6.0307440757751465, -0.579887866973877, -1.103155493736267, -1.08246910572052, -1.0609955787658691], "k1": [49.375, 51.39213943481445, 51.393714904785156, 51.47977066040039, 51.52226257324219], "phi_c": 1.4833078026835707}}