{"cracks": {"0": 1.4108883744455685}, "holes": {"0": 0.17006432209090436}}