{"0": {"sI_max": 0.18078434467315674, "pos_max": [17.100976943969727, -37.81507873535156], "s_path": [[0.0, 0.18078434467315674], [0.03333425521850586, 0.17950639128684998], [0.06666520237922668, 0.17825445532798767], [0.10000040382146835, 0.177028089761734], [0.13333465158939362, 0.17582738399505615], [0.16666559875011444, 0.17465266585350037], [0.1999998539686203, 0.17350345849990845], [0.23333410918712616, 0.1723799705505371], [0.2666659951210022, 0.171282559633255], [0.30000025033950806, 0.1702105700969696], [0.3333345055580139, 0.16916432976722717], [0.36666545271873474, 0.16814404726028442], [0.3999997079372406, 0.16714930534362793]], "n": [-0.49697149001571206, -0.8677668685260823]}}