{"0": {"sI_max": 0.23086237907409668, "pos_max": [16.00631332397461, -36.97291564941406], "s_path": [[0.0, 0.23086237907409668], [0.033333323895931244, 0.22949087619781494], [0.06666732579469681, 0.22810538113117218], [0.10000064969062805, 0.22670601308345795], [0.1333339810371399, 0.22529272735118866], [0.16666798293590546, 0.22386544942855835], [0.1999986171722412, 0.22242425382137299], [0.23333194851875305, 0.22096918523311615], [0.2666659653186798, 0.2195001244544983], [0.29999929666519165, 0.21801720559597015], [0.3333326280117035, 0.21652035415172577], [0.36666664481163025, 0.21500951051712036], [0.3999999761581421, 0.21348482370376587]], "n": [-0.7097152899226474, -0.7044886139960053]}}