{"0": {"sI_max": 0.19256259500980377, "pos_max": [17.100976943969727, -37.81507873535156], "s_path": [[0.0, 0.19256259500980377], [0.03333425521850586, 0.1902991533279419], [0.06666520237922668, 0.18806830048561096], [0.10000040382146835, 0.1858692467212677], [0.13333465158939362, 0.18370221555233002], [0.16666559875011444, 0.1815677285194397], [0.1999998539686203, 0.17946496605873108], [0.23333410918712616, 0.1773943305015564], [0.2666659951210022, 0.17535634338855743], [0.30000025033950806, 0.17334997653961182], [0.3333345055580139, 0.17137575149536133], [0.36666545271873474, 0.16943404078483582], [0.3999997079372406, 0.1675240844488144]], "n": [-0.49697149001571206, -0.8677668685260823]}}