{"cracks": {"1": 1.3097039602836538}, "holes": {"0": 0.00035263926175124955}}