{"0": {"sI_max": 0.15275895595550537, "pos_max": [16.00631332397461, -36.97291564941406], "s_path": [[0.0, 0.15275895595550537], [0.033333323895931244, 0.15197506546974182], [0.06666732579469681, 0.15117913484573364], [0.10000064969062805, 0.1503712385892868], [0.1333339810371399, 0.14955133199691772], [0.16666798293590546, 0.1487194001674652], [0.1999986171722412, 0.14787545800209045], [0.23333194851875305, 0.14701955020427704], [0.2666659653186798, 0.1461516171693802], [0.29999929666519165, 0.14527170360088348], [0.3333326280117035, 0.14437979459762573], [0.36666664481163025, 0.14347584545612335], [0.3999999761581421, 0.1425599306821823]], "n": [-0.7097152899226474, -0.7044886139960053]}}