{"1": {"phi_c_k": 1.00594857818836, "abs_cf": 0.7441380451827436, "tip": [69.87245775012369, 30.865664197535082], "cf": [-0.7441332631619559, -0.00266776017181769], "kappa_c": 0.0003238591796092453, "k2": [-0.4337642192840576, 0.07774613797664642, -0.46964791417121887, -0.4356229901313782, -0.404533714056015], "k1": [34.29877471923828, 49.533260345458984, 49.536598205566406, 49.61460494995117, 49.6528205871582], "phi_c": 0.055667292444537136}}