{"0": {"sI_max": 6.664946372580971e-13, "pos_max": [19.673969268798828, -8.191014289855957], "s_path": [[0.0, 6.664946372580971e-13], [0.03333282470703125, 6.643503564114639e-13], [0.06666755676269531, 6.621693211111834e-13], [0.10000038146972656, 6.599515855673643e-13], [0.1333332061767578, 6.576970413597893e-13], [0.16666603088378906, 6.554057969086757e-13], [0.20000076293945312, 6.530776895836976e-13], [0.23333358764648438, 6.507130988556153e-13], [0.2666664123535156, 6.4831159104356e-13], [0.2999992370605469, 6.458733287778573e-13], [0.33333396911621094, 6.434211887243468e-13], [0.3666667938232422, 6.409354384034893e-13], [0.39999961853027344, 6.384134215199622e-13]], "n": [0.9999999674072213, -0.000255314622221017]}}