{"cracks": {"1": 1.2582543131126658}, "holes": {"0": 0.003745839208054805}}