{"0": {"sI_max": 0.16426301002502441, "pos_max": [17.100976943969727, -37.81507873535156], "s_path": [[0.0, 0.16426301002502441], [0.03333425521850586, 0.16291068494319916], [0.06666520237922668, 0.16159315407276154], [0.10000040382146835, 0.16030988097190857], [0.13333465158939362, 0.15906089544296265], [0.16666559875011444, 0.15784668922424316], [0.1999998539686203, 0.1566666066646576], [0.23333410918712616, 0.1555209755897522], [0.2666659951210022, 0.1544101983308792], [0.30000025033950806, 0.15333345532417297], [0.3333345055580139, 0.15229114890098572], [0.36666545271873474, 0.15128356218338013], [0.3999997079372406, 0.15031015872955322]], "n": [-0.49697149001571206, -0.8677668685260823]}}