{"0": {"sI_max": 3.1703858375549316, "pos_max": [18.840839385986328, -34.99958038330078], "s_path": [[0.0, 3.1703858375549316], [0.03333339840173721, 3.167797565460205], [0.06666723638772964, 3.165205955505371], [0.10000063478946686, 3.1626124382019043], [0.13333402574062347, 3.1600160598754883], [0.1666659712791443, 3.157416820526123], [0.1999993622303009, 3.1548147201538086], [0.23333275318145752, 3.152210235595703], [0.26666659116744995, 3.1496024131774902], [0.29999998211860657, 3.1469924449920654], [0.3333333730697632, 3.1443796157836914], [0.3666672110557556, 3.141763687133789], [0.40000060200691223, 3.139145851135254]], "n": [0.9932263984173992, -0.11619518702081308]}}