{"0": {"sI_max": 0.2595481276512146, "pos_max": [17.100976943969727, -37.81507873535156], "s_path": [[0.0, 0.2595481276512146], [0.03333425521850586, 0.2600325345993042], [0.06666520237922668, 0.2603437006473541], [0.10000040382146835, 0.2604813575744629], [0.13333465158939362, 0.2604452967643738], [0.16666559875011444, 0.2602360248565674], [0.1999998539686203, 0.2598530352115631], [0.23333410918712616, 0.2592965364456177], [0.2666659951210022, 0.2585669457912445], [0.30000025033950806, 0.2576634883880615], [0.3333345055580139, 0.2565865218639374], [0.36666545271873474, 0.25533637404441833], [0.3999997079372406, 0.25391244888305664]], "n": [-0.49697149001571206, -0.8677668685260823]}}