{"cracks": {"1": 1.290880590236343}, "holes": {"0": 0.0023843472936979633}}