{"1": {"phi_c_k": 2.121073756388402, "abs_cf": 0.8450557174141403, "tip": [51.909894999875476, 31.776647585681122], "cf": [-0.8395739672149034, 0.0960974459044337], "kappa_c": 0.0071749112395724625, "k2": [-2.718740224838257, -1.0760860443115234, -0.9976444244384766, -0.9788824915885925, -0.9583839178085327], "k1": [48.88334655761719, 52.49257278442383, 52.750667572021484, 52.842098236083984, 52.88731002807617], "phi_c": 1.2332763972254401}}