{"1": {"phi_c_k": 0.8460404710919778, "abs_cf": 0.7852691425674467, "tip": [72.87243847135888, 30.876419299451], "cf": [-0.7852677050479997, -0.0015025569076669854], "kappa_c": -0.0005572037611086431, "k2": [-0.10007220506668091, 0.17265361547470093, -0.415855348110199, -0.37610161304473877, -0.34041687846183777], "k1": [35.12749099731445, 50.85203170776367, 50.85391616821289, 50.93442916870117, 50.97416687011719], "phi_c": -0.09577627152102303}}