{"cracks": {"0": 1.2983078942603985}, "holes": {"0": 0.16872834879366855}}