{"0": {"sI_max": 7.289315223693848, "pos_max": [18.840839385986328, -34.99958038330078], "s_path": [[0.0, 7.289315223693848], [0.03333339840173721, 7.277320861816406], [0.06666723638772964, 7.265325546264648], [0.10000063478946686, 7.253331184387207], [0.13333402574062347, 7.241337299346924], [0.1666659712791443, 7.229343891143799], [0.1999993622303009, 7.217350959777832], [0.23333275318145752, 7.205357551574707], [0.26666659116744995, 7.193364143371582], [0.29999998211860657, 7.181371688842773], [0.3333333730697632, 7.169379234313965], [0.3666672110557556, 7.157386779785156], [0.40000060200691223, 7.145395278930664]], "n": [0.9932263984173992, -0.11619518702081308]}}