{"0": {"sI_max": 10.864358901977539, "pos_max": [14.802284240722656, -34.61585998535156], "s_path": [[0.0, 10.864358901977539], [0.033333733677864075, 10.823482513427734], [0.06666631251573563, 10.782660484313965], [0.1000000461935997, 10.741886138916016], [0.13333357870578766, 10.701163291931152], [0.16666635870933533, 10.660493850708008], [0.1999998837709427, 10.619874000549316], [0.23333361744880676, 10.579304695129395], [0.26666638255119324, 10.538787841796875], [0.2999999225139618, 10.498320579528809], [0.3333336412906647, 10.457905769348145], [0.3666662275791168, 10.417542457580566], [0.3999999463558197, 10.377229690551758]], "n": [-0.9985734230195784, 0.05339586911889277]}}