{"0": {"phi_c_k": -0.39325687076883464, "abs_cf": 0.8360592805962395, "tip": [12.999559856887554, -0.051387400680659515], "cf": [-0.835857494998379, 0.01836759990135306], "kappa_c": -0.0016136839194261518, "k2": [0.21160204708576202, 0.17383547127246857, 0.17519432306289673, 0.17632648348808289, 0.17686037719249725], "k1": [39.278316497802734, 51.05561065673828, 51.29144287109375, 51.37855911254883, 51.426753997802734], "phi_c": -0.2773718341537419}}