{"cracks": {"1": 1.3051993135890458}, "holes": {"0": 0.014897691312626195}}