{"1": {"phi_c_k": 2.639959850342231, "abs_cf": 0.8265208583314689, "tip": [54.89043444803396, 31.435495716316257], "cf": [-0.8235975630968255, 0.0694534615261091], "kappa_c": 0.009944501220546862, "k2": [-3.687051296234131, -1.298115849494934, -1.223251461982727, -1.2049293518066406, -1.185180425643921], "k1": [48.48332214355469, 51.89676284790039, 52.14803695678711, 52.2370491027832, 52.281036376953125], "phi_c": 1.7093338479000932}}