{"cracks": {"1": 0.5296880436004712}, "holes": {"0": 0.13665839046754935}}