{"cracks": {"1": 1.1311504637062213}, "holes": {"0": 0.08555899633147493}}