{"0": {"sI_max": 4.299646377563477, "pos_max": [18.840839385986328, -34.99958038330078], "s_path": [[0.0, 4.299646377563477], [0.03333339840173721, 4.294894218444824], [0.06666723638772964, 4.290136814117432], [0.10000063478946686, 4.285374641418457], [0.13333402574062347, 4.280607223510742], [0.1666659712791443, 4.275834560394287], [0.1999993622303009, 4.27105712890625], [0.23333275318145752, 4.266274929046631], [0.26666659116744995, 4.261487007141113], [0.29999998211860657, 4.256694793701172], [0.3333333730697632, 4.25189733505249], [0.3666672110557556, 4.247094631195068], [0.40000060200691223, 4.2422871589660645]], "n": [0.9932263984173992, -0.11619518702081308]}}