{"1": {"phi_c_k": -1.657930508366404, "abs_cf": 0.40095918217923876, "tip": [28.292952056148785, 36.02044083552454], "cf": [-0.3953656528080103, 0.06674029033155193], "kappa_c": -0.011340240145428837, "k2": [-2.0675153732299805, 0.9829445481300354, 0.6334255337715149, 0.5267439484596252, 0.5742295980453491], "k1": [29.190017700195312, 36.31473159790039, 36.26142883300781, 36.38929748535156, 36.41276550292969], "phi_c": -1.949243696993686}}