{"cracks": {"1": 1.2248584885204874}, "holes": {"0": 0.002811307516712202}}