{"1": {"phi_c_k": 1.385053411035318, "abs_cf": 0.7225019416065998, "tip": [37.13471892339199, 34.34513400460703], "cf": [-0.7098563303436833, 0.13458471642911718], "kappa_c": 0.0040370618081877925, "k2": [-3.0877833366394043, -0.06833013892173767, -0.624914824962616, -0.591049075126648, -0.5587791800498962], "k1": [43.34578323364258, 48.78444290161133, 48.79799270629883, 48.883419036865234, 48.92427444458008], "phi_c": 0.6939198097278396}}