{"0": {"sI_max": 0.2399979829788208, "pos_max": [17.100976943969727, -37.81507873535156], "s_path": [[0.0, 0.2399979829788208], [0.03333425521850586, 0.23874957859516144], [0.06666520237922668, 0.2375040054321289], [0.10000040382146835, 0.2362608164548874], [0.13333465158939362, 0.23502010107040405], [0.16666559875011444, 0.23378221690654755], [0.1999998539686203, 0.2325466275215149], [0.23333410918712616, 0.23131360113620758], [0.2666659951210022, 0.23008345067501068], [0.30000025033950806, 0.22885555028915405], [0.3333345055580139, 0.22763021290302277], [0.36666545271873474, 0.22640767693519592], [0.3999997079372406, 0.22518745064735413]], "n": [-0.49697149001571206, -0.8677668685260823]}}