{"0": {"sI_max": 9.89315414428711, "pos_max": [20.353416442871094, 36.0468864440918], "s_path": [[0.0, 9.89315414428711], [0.03333393111824989, 9.872377395629883], [0.06666786223649979, 9.851581573486328], [0.09999924153089523, 9.830770492553711], [0.13333317637443542, 9.809935569763184], [0.16666710376739502, 9.789080619812012], [0.20000103116035461, 9.768207550048828], [0.23333241045475006, 9.747318267822266], [0.26666635274887085, 9.726405143737793], [0.30000028014183044, 9.705472946166992], [0.33333420753479004, 9.68451976776123], [0.3666655719280243, 9.663553237915039], [0.3999994993209839, 9.642560958862305]], "n": [0.984064045715891, 0.1778143805468855]}}