{"0": {"x0": [0, 0], "n0": [1, 0], "da": [10.0, 3.0, 2.1448571428571426], "kappa": [0, 0, 0], "dphi": [0, -0.9814750590179038, -0.2773718341537419], "is_active": 0, "close_hole": []}, "1": {"x0": [20.351448314779663, 36.046530815330705], "n0": [0.984064045715891, 0.1778143805468855], "da": [2.0, 3.0, 3.0], "kappa": [0, 0, 0], "dphi": [0, -9.922994418644207, -7.951811568946852], "is_active": 1, "close_hole": []}}