{"1": {"phi_c_k": 2.6492260613362433, "abs_cf": 0.8508009339370124, "tip": [48.93738862425068, 32.18187079191436], "cf": [-0.8430037335050997, 0.11492142743873046], "kappa_c": 0.01006983473142324, "k2": [-2.7935006618499756, -1.3193520307540894, -1.244088888168335, -1.2269840240478516, -1.2074507474899292], "k1": [49.14059066772461, 52.650474548339844, 52.91355895996094, 53.00666427612305, 53.052738189697266], "phi_c": 1.7308770915144134}}