{"1": {"phi_c_k": 1.994578702376288, "abs_cf": 0.7423415238816097, "tip": [66.87246799540986, 30.857823814122476], "cf": [-0.7423389887144936, -0.001940080723443316], "kappa_c": 0.005557708104325656, "k2": [1.2755826711654663, -0.3235969841480255, -0.8901881575584412, -0.8628532290458679, -0.837438702583313], "k1": [35.81434631347656, 49.45873260498047, 49.45854187011719, 49.537174224853516, 49.5755729675293], "phi_c": 0.9552996544305405}}