{"0": {"sI_max": 0.9409353733062744, "pos_max": [18.840839385986328, -34.99958038330078], "s_path": [[0.0, 0.9409353733062744], [0.03333339840173721, 0.942711591720581], [0.06666723638772964, 0.9444882869720459], [0.10000063478946686, 0.9462657570838928], [0.13333402574062347, 0.948043942451477], [0.1666659712791443, 0.9498225450515747], [0.1999993622303009, 0.951602041721344], [0.23333275318145752, 0.9533821940422058], [0.26666659116744995, 0.9551628828048706], [0.29999998211860657, 0.9569444060325623], [0.3333333730697632, 0.9587266445159912], [0.3666672110557556, 0.9605093002319336], [0.40000060200691223, 0.9622929096221924]], "n": [0.9932263984173992, -0.11619518702081308]}}