{"cracks": {"1": 1.0315642525153863}, "holes": {"0": 0.10016777215210161}}