{"0": {"sI_max": 3.9394917488098145, "pos_max": [22.14593505859375, -1.699653148651123], "s_path": [[0.0, 3.9394917488098145], [0.03333309292793274, 3.8995285034179688], [0.06666618585586548, 3.859419107437134], [0.10000044107437134, 3.8191628456115723], [0.13333353400230408, 3.778761386871338], [0.16666662693023682, 3.7382137775421143], [0.19999971985816956, 3.6975197792053223], [0.23333290219306946, 3.656679391860962], [0.2666671574115753, 3.615692377090454], [0.30000025033950806, 3.5745601654052734], [0.3333333432674408, 3.5213463306427], [0.36666643619537354, 3.45926570892334], [0.3999995291233063, 3.3972787857055664]], "n": [0.6098671980840273, 0.7925036281943054]}, "1": {"sI_max": 10.375983238220215, "pos_max": [15.043750762939453, 0.9552792310714722], "s_path": [[0.0, 10.375983238220215], [0.03333351016044617, 10.0322904586792], [0.0666666179895401, 9.870430946350098], [0.10000012814998627, 6.571169853210449], [0.1333332359790802, 6.30457878112793], [0.16666674613952637, 6.0384345054626465], [0.19999991357326508, 5.772740364074707], [0.23333336412906647, 5.506374359130859], [0.2666665315628052, 5.237418174743652], [0.30000004172325134, 4.969714641571045], [0.33333316445350647, 4.7032694816589355], [0.36666667461395264, 4.438076972961426], [0.40000012516975403, 4.174140930175781]], "n": [-0.365339734517515, -0.9308742548715544]}}