{"0": {"sI_max": 1.1681283110936969e-12, "pos_max": [20.14471435546875, -1.120962381362915], "s_path": [[0.0, 1.1681283110936969e-12], [0.03333338350057602, 1.1616538894004824e-12], [0.06666676700115204, 1.155292007892772e-12], [0.10000015050172806, 1.1490423413099138e-12], [0.13333353400230408, 1.1429047812316906e-12], [0.16666698455810547, 1.1368796529187541e-12], [0.2000003606081009, 1.1309666311104527e-12], [0.2333337366580963, 1.125166041067438e-12], [0.26666712760925293, 1.1194776659492756e-12], [0.30000051856040955, 1.1137939529004548e-12], [0.33333390951156616, 1.1080528855567096e-12], [0.36666733026504517, 1.1022788584669208e-12], [0.4000007212162018, 1.0964717632108711e-12]], "n": [-0.8078363024774505, 0.589406912412436]}, "1": {"sI_max": 1.8589379167932574e-12, "pos_max": [25.935016632080078, 7.307954788208008], "s_path": [[0.0, 1.8589379167932574e-12], [0.03333380073308945, 1.71760435735413e-12], [0.06666646152734756, 1.6622112757394558e-12], [0.10000026226043701, 1.6191941450832692e-12], [0.13333331048488617, 1.5760224071972861e-12], [0.16666710376739502, 1.5326925926345547e-12], [0.19999976456165314, 1.4892084961026786e-12], [0.233333557844162, 1.445565889213185e-12], [0.2666662037372589, 1.4017692171949814e-12], [0.30000001192092896, 1.3578140348191603e-12], [0.3333326578140259, 1.3137045704741945e-12], [0.3666664659976959, 1.2694367041918286e-12], [0.400000661611557, 1.2250121706955386e-12]], "n": [0.5971267353196519, -0.802146907970413]}}