{"0": {"phi_c_k": 67.05712550872094, "abs_cf": 0.009444900144218827, "tip": [28.693989099143806, 7.2120394713529645], "cf": [-0.0029964704849767543, -0.008956969541475956], "kappa_c": 0.046158512169871914, "k2": [-0.11847615242004395, -2.9981887340545654, -3.588876485824585, -3.5082108974456787, -3.415733575820923], "k1": [-0.3207930326461792, 0.6095476150512695, 0.6478291749954224, 0.6454917788505554, 0.6285836696624756], "phi_c": 39.670319039053624}, "1": {"phi_c_k": 3.1092825700167555, "abs_cf": 0.7633195380108192, "tip": [64.51687975013795, 34.09847944917735], "cf": [-0.7623388237519251, 0.0386811958137514], "kappa_c": 0.010981451133663772, "k2": [1.096846580505371, -0.8138450384140015, -1.3894239664077759, -1.3670297861099243, -1.345333218574524], "k1": [31.926193237304688, 50.227500915527344, 50.21715545654297, 50.29485321044922, 50.3333625793457], "phi_c": 1.8875724086642625}}