{"0": {"sI_max": 3.6573853492736816, "pos_max": [22.14593505859375, -1.699653148651123], "s_path": [[0.0, 3.6573853492736816], [0.03333309292793274, 3.6318111419677734], [0.06666618585586548, 3.6061413288116455], [0.10000044107437134, 3.580375909805298], [0.13333353400230408, 3.5545151233673096], [0.16666662693023682, 3.5285587310791016], [0.19999971985816956, 3.502506971359253], [0.23333290219306946, 3.4763596057891846], [0.2666671574115753, 3.4501166343688965], [0.30000025033950806, 3.4237782955169678], [0.3333333432674408, 3.3973445892333984], [0.36666643619537354, 3.3631343841552734], [0.3999995291233063, 3.3270792961120605]], "n": [0.6098671980840273, 0.7925036281943054]}, "1": {"sI_max": 10.06297492980957, "pos_max": [15.043750762939453, 0.9552792310714722], "s_path": [[0.0, 10.06297492980957], [0.03333351016044617, 9.758983612060547], [0.0666666179895401, 9.623111724853516], [0.10000012814998627, 6.46890926361084], [0.1333332359790802, 6.198087692260742], [0.16666674613952637, 5.9280524253845215], [0.19999991357326508, 5.658809185028076], [0.23333336412906647, 5.3878374099731445], [0.2666665315628052, 5.110579013824463], [0.30000004172325134, 4.8355255126953125], [0.33333316445350647, 4.562684059143066], [0.36666667461395264, 4.292047023773193], [0.40000012516975403, 4.023619174957275]], "n": [-0.365339734517515, -0.9308742548715544]}}