{"cracks": {"0": 0.1379932512391021, "1": 1.24054451007347}, "holes": {"0": 0.046384868365738526, "1": 0.1470379410628508}}