{"cracks": {"0": 1.7741160989886118}, "holes": {"0": 0.18470808364148886, "1": 0.6560107557175104}}