{"0": {"sI_max": 4.1775898933410645, "pos_max": [22.14593505859375, -1.699653148651123], "s_path": [[0.0, 4.1775898933410645], [0.03333309292793274, 4.13463830947876], [0.06666618585586548, 4.091595649719238], [0.10000044107437134, 4.048460483551025], [0.13333353400230408, 4.005234241485596], [0.16666662693023682, 3.96191668510437], [0.19999971985816956, 3.9185075759887695], [0.23333290219306946, 3.8750064373016357], [0.2666671574115753, 3.8314132690429688], [0.30000025033950806, 3.7877297401428223], [0.3333333432674408, 3.7438833713531494], [0.36666643619537354, 3.689610719680786], [0.3999995291233063, 3.635288715362549]], "n": [0.6098671980840273, 0.7925036281943054]}, "1": {"sI_max": 10.233393669128418, "pos_max": [15.043750762939453, 0.9552792310714722], "s_path": [[0.0, 10.233393669128418], [0.03333351016044617, 9.922920227050781], [0.0666666179895401, 9.783647537231445], [0.10000012814998627, 6.574108123779297], [0.1333332359790802, 6.298828601837158], [0.16666674613952637, 6.024348735809326], [0.19999991357326508, 5.750675201416016], [0.23333336412906647, 5.4752397537231445], [0.2666665315628052, 5.193395614624023], [0.30000004172325134, 4.9137959480285645], [0.33333316445350647, 4.63644552230835], [0.36666667461395264, 4.361339569091797], [0.40000012516975403, 4.088480472564697]], "n": [-0.365339734517515, -0.9308742548715544]}}