{"0": {"x0": [0, 0], "n0": [1, 0], "da": [10.0, 3.0, 3.0], "kappa": [0, 0, 0], "dphi": [0, -9.832827925234739, 6.255156273755951], "is_active": 1, "close_hole": []}}