{"cracks": {"0": 0.1296556194742111, "1": 1.2609966503531955}, "holes": {"0": 0.0920367801604426, "1": 0.13352480704340736}}