{"0": {"x0": [0, 0], "n0": [1, 0], "da": [10.0, 3.0, 3.0, 15.0], "kappa": [0, 0, 0, 0], "dphi": [0, -9.832827925234739, 6.255156273755951, 35.41016920298531], "is_active": 1, "close_hole": [1]}, "1": {"x0": [53.66625923038112, 35.72751912962413], "n0": [0.9577566356117564, -0.287579948782333], "da": [2.0, 3.0, 3.0, 3.0, 3.0], "kappa": [0, 0, 0, 0, 0], "dphi": [0, 8.36489996053297, 1.3083173484083908, 2.2476306167166173, 1.8875724086642625], "is_active": 1, "close_hole": []}}