{"0": {"sI_max": 9.243008613586426, "pos_max": [44.019874572753906, -36.192970275878906], "s_path": [[0.0, 9.243008613586426], [0.03333406150341034, 9.218917846679688], [0.06666812300682068, 9.19443130493164], [0.09999850392341614, 9.169548988342285], [0.13333256542682648, 9.144268989562988], [0.16666662693023682, 9.118592262268066], [0.20000068843364716, 9.092519760131836], [0.2333347499370575, 9.066048622131348], [0.26666513085365295, 9.0391845703125], [0.2999992072582245, 9.011920928955078], [0.333333283662796, 8.984261512756348], [0.36666736006736755, 8.956204414367676], [0.4000014364719391, 8.927750587463379]], "n": [0.9993898718180584, 0.03492683935721676]}, "1": {"sI_max": 32.169857025146484, "pos_max": [53.668174743652344, 35.72694396972656], "s_path": [[0.0, 32.169857025146484], [0.03333340957760811, 31.889787673950195], [0.06666681915521622, 31.609289169311523], [0.10000023245811462, 31.32836151123047], [0.13333363831043243, 31.04700469970703], [0.16666704416275024, 30.76521873474121], [0.1999993622303009, 30.48302459716797], [0.2333327680826187, 30.200380325317383], [0.2666661739349365, 29.917308807373047], [0.2999995946884155, 29.619611740112305], [0.33333301544189453, 29.32047462463379], [0.36666643619537354, 29.020347595214844], [0.39999985694885254, 28.719223022460938]], "n": [0.9577566356117564, -0.287579948782333]}}