{"0": {"phi_c_k": 39.12055370739309, "abs_cf": 0.006807764225373642, "tip": [28.693989099143806, 7.2120394713529645], "cf": [0.0013962164658809506, -0.006663049851883152], "kappa_c": 0.08145146083684102, "k2": [-0.4967704713344574, -1.1880788803100586, -1.0512149333953857, -0.956213653087616, -1.5093013048171997], "k1": [1.684989094734192, 2.0251219272613525, 2.0106682777404785, 2.0117716789245605, 2.0138468742370605], "phi_c": 70.00237411689153}}