{"0": {"sI_max": 7.3672051429748535, "pos_max": [44.019874572753906, -36.192970275878906], "s_path": [[0.0, 7.3672051429748535], [0.03333406150341034, 7.355797290802002], [0.06666812300682068, 7.344378471374512], [0.09999850392341614, 7.332949161529541], [0.13333256542682648, 7.321507453918457], [0.16666662693023682, 7.310054779052734], [0.20000068843364716, 7.298590660095215], [0.2333347499370575, 7.287115097045898], [0.26666513085365295, 7.275629997253418], [0.2999992072582245, 7.264132022857666], [0.333333283662796, 7.252623081207275], [0.36666736006736755, 7.241103172302246], [0.4000014364719391, 7.229571342468262]], "n": [0.9993898718180584, 0.03492683935721676]}, "1": {"sI_max": 10.347983360290527, "pos_max": [53.67084503173828, 37.81951904296875], "s_path": [[0.0, 10.347983360290527], [0.03333370015025139, 10.318731307983398], [0.06666843593120575, 10.28114128112793], [0.09999846667051315, 10.23519515991211], [0.1333332061767578, 10.180872917175293], [0.1666669100522995, 10.115478515625], [0.2000006139278412, 10.029580116271973], [0.23333534598350525, 9.899068832397461], [0.26666536927223206, 9.828653335571289], [0.3000001013278961, 9.784178733825684], [0.3333337903022766, 9.730809211730957], [0.3666674792766571, 9.668556213378906], [0.3999985456466675, 9.597433090209961]], "n": [0.9623094620024526, 0.2719567968272726]}}