{"cracks": {"0": 0.11820683879385072, "1": 1.359565326564276}, "holes": {"0": 0.06086504575038775, "1": 0.15494212524308756}}