{"0": {"phi_c_k": 66.84479659923994, "abs_cf": 0.006930536941867163, "tip": [28.693989099143806, 7.2120394713529645], "cf": [-0.0030205025994263224, -0.006237700405553659], "kappa_c": 0.0376173008580735, "k2": [-0.1018441691994667, -2.6608519554138184, -3.1668076515197754, -3.099487066268921, -3.018822431564331], "k1": [-0.23376746475696564, 0.5751500725746155, 0.6069444417953491, 0.6056745648384094, 0.5903314352035522], "phi_c": 32.32968863762193}, "1": {"phi_c_k": 1.5920396679540405, "abs_cf": 0.9168152670891299, "tip": [76.51194192905723, 34.01563811960893], "cf": [-0.9165682083365994, -0.02128270270310395], "kappa_c": 0.00027667290610935177, "k2": [-0.8061313033103943, 0.002883156528696418, -0.8296583890914917, -0.7653822898864746, -0.7128265500068665], "k1": [33.645652770996094, 54.98506164550781, 54.98041534423828, 55.06574249267578, 55.1098518371582], "phi_c": 0.047556569477055444}}