{"0": {"phi_c_k": -12.560012384080395, "abs_cf": 0.7885824367128534, "tip": [10.0, 0.0], "cf": [-0.7769983297079364, 0.1346694290589312], "kappa_c": -0.0171615222077389, "k2": [5.1414666175842285, 5.598482131958008, 5.64223575592041, 5.666434288024902, 5.68033504486084], "k1": [47.745643615722656, 49.84672164916992, 50.145240783691406, 50.243492126464844, 50.29103469848633], "phi_c": -9.832827925234739}}