{"cracks": {"0": 0.14096317545798248, "1": 1.2300313133815755}, "holes": {"0": 0.056873393947193956, "1": 0.1510738544786566}}