{"0": {"phi_c_k": 64.76923741239516, "abs_cf": 0.008881296379829732, "tip": [28.693989099143806, 7.2120394713529645], "cf": [-0.001025667686886944, -0.008821872317283486], "kappa_c": 0.05996466106653189, "k2": [-0.8317372798919678, -2.5043234825134277, -3.0246686935424805, -2.941338300704956, -2.8496718406677246], "k1": [0.244761124253273, 0.8708677291870117, 0.9070835113525391, 0.9065136909484863, 0.8906778693199158], "phi_c": 51.535829985670844}, "1": {"phi_c_k": 3.397454728727553, "abs_cf": 0.7846105086570087, "tip": [61.52736736884441, 34.34911009792704], "cf": [-0.7818676100410471, 0.06554914693350966], "kappa_c": 0.013076184876778557, "k2": [-2.825150489807129, -0.9886006712913513, -1.5313829183578491, -1.513507604598999, -1.4942047595977783], "k1": [36.97056198120117, 50.87507247924805, 50.86300277709961, 50.9438362121582, 50.98394775390625], "phi_c": 2.2476306167166173}}