{"0": {"sI_max": 4.079758167266846, "pos_max": [22.14593505859375, -1.699653148651123], "s_path": [[0.0, 4.079758167266846], [0.03333309292793274, 4.050713062286377], [0.06666618585586548, 4.021539211273193], [0.10000044107437134, 3.992237091064453], [0.13333353400230408, 3.9628055095672607], [0.16666662693023682, 3.9332456588745117], [0.19999971985816956, 3.9035563468933105], [0.23333290219306946, 3.8737387657165527], [0.2666671574115753, 3.843791961669922], [0.30000025033950806, 3.8137166500091553], [0.3333333432674408, 3.7835123538970947], [0.36666643619537354, 3.7434167861938477], [0.3999995291233063, 3.7040932178497314]], "n": [0.6098671980840273, 0.7925036281943054]}, "1": {"sI_max": 10.291447639465332, "pos_max": [15.043750762939453, 0.9552792310714722], "s_path": [[0.0, 10.291447639465332], [0.03333351016044617, 9.9749116897583], [0.0666666179895401, 9.837156295776367], [0.10000012814998627, 6.593685150146484], [0.1333332359790802, 6.319523811340332], [0.16666674613952637, 6.046079158782959], [0.19999991357326508, 5.77335786819458], [0.23333336412906647, 5.499117851257324], [0.2666665315628052, 5.219330787658691], [0.30000004172325134, 4.941554069519043], [0.33333316445350647, 4.66579532623291], [0.36666667461395264, 4.392046928405762], [0.40000012516975403, 4.120312690734863]], "n": [-0.365339734517515, -0.9308742548715544]}}