{"0": {"sI_max": 11.796514511108398, "pos_max": [44.019874572753906, -36.192970275878906], "s_path": [[0.0, 11.796514511108398], [0.03333406150341034, 11.753653526306152], [0.06666812300682068, 11.71109390258789], [0.09999850392341614, 11.668837547302246], [0.13333256542682648, 11.62687873840332], [0.16666662693023682, 11.58521842956543], [0.20000068843364716, 11.543858528137207], [0.2333347499370575, 11.502799034118652], [0.26666513085365295, 11.462043762207031], [0.2999992072582245, 11.421585083007812], [0.333333283662796, 11.381424903869629], [0.36666736006736755, 11.341564178466797], [0.4000014364719391, 11.302005767822266]], "n": [0.9993898718180584, 0.03492683935721676]}, "1": {"sI_max": 42.10960006713867, "pos_max": [14.119251251220703, 2.4538373947143555], "s_path": [[0.0, 42.10960006713867], [0.03333296254277229, 41.849491119384766], [0.06666690111160278, 41.594642639160156], [0.09999986737966537, 41.34507751464844], [0.13333378732204437, 41.10078048706055], [0.16666674613952637, 40.861759185791016], [0.19999973475933075, 40.628013610839844], [0.23333364725112915, 40.3995246887207], [0.26666662096977234, 40.17632293701172], [0.2999995946884155, 39.95838928222656], [0.3333335220813751, 39.7457275390625], [0.3666664958000183, 39.5383415222168], [0.4000004231929779, 39.33622741699219]], "n": [-0.9957041643539157, -0.09259166856834586]}}