{"0": {"phi_c_k": 59.8166619363297, "abs_cf": 0.008338047511975746, "tip": [28.693989099143806, 7.2120394713529645], "cf": [0.0007172408821141119, -0.008307141616042735], "kappa_c": 0.0734227412319361, "k2": [-1.0337074995040894, -1.8525923490524292, -2.2791666984558105, -2.192908525466919, -2.880648136138916], "k1": [1.0411460399627686, 1.2567201852798462, 1.2888031005859375, 1.289496660232544, 1.289283275604248], "phi_c": 63.10219789306663}, "1": {"phi_c_k": 2.2988084320733577, "abs_cf": 0.7886958258921817, "tip": [58.54998429885023, 34.71679209981454], "cf": [-0.7827498664621544, 0.09666308671478419], "kappa_c": 0.007611481796896071, "k2": [-3.563030958175659, -0.5750844478607178, -1.0434283018112183, -1.0272387266159058, -1.0093142986297607], "k1": [40.42790603637695, 51.07587432861328, 51.074928283691406, 51.157955169677734, 51.19906234741211], "phi_c": 1.3083173484083908}}