{"0": {"sI_max": 11.415681838989258, "pos_max": [44.019874572753906, -36.192970275878906], "s_path": [[0.0, 11.415681838989258], [0.03333406150341034, 11.38693904876709], [0.06666812300682068, 11.358076095581055], [0.09999850392341614, 11.32909870147705], [0.13333256542682648, 11.29999828338623], [0.16666662693023682, 11.270776748657227], [0.20000068843364716, 11.241436004638672], [0.2333347499370575, 11.211976051330566], [0.26666513085365295, 11.18239974975586], [0.2999992072582245, 11.152700424194336], [0.333333283662796, 11.122880935668945], [0.36666736006736755, 11.092942237854004], [0.4000014364719391, 11.062884330749512]], "n": [0.9993898718180584, 0.03492683935721676]}, "1": {"sI_max": 32.99187088012695, "pos_max": [14.119251251220703, 2.4538373947143555], "s_path": [[0.0, 32.99187088012695], [0.03333296254277229, 32.92988586425781], [0.06666690111160278, 32.866973876953125], [0.09999986737966537, 32.80313491821289], [0.13333378732204437, 32.738365173339844], [0.16666674613952637, 32.672672271728516], [0.19999973475933075, 32.606048583984375], [0.23333364725112915, 32.53849792480469], [0.26666662096977234, 32.47002029418945], [0.2999995946884155, 32.40061569213867], [0.3333335220813751, 32.33028030395508], [0.3666664958000183, 32.2590217590332], [0.4000004231929779, 32.186832427978516]], "n": [-0.9957041643539157, -0.09259166856834586]}}