{"cracks": {}, "holes": {"0": 1.8220864595233645e-14, "1": 2.6208154057002386e-14}}