{"0": {"phi_c_k": 68.22277009640543, "abs_cf": 0.009239853347888766, "tip": [28.693989099143806, 7.2120394713529645], "cf": [-0.004638807841061521, -0.007991016938049711], "kappa_c": 0.03261696511763277, "k2": [-0.1661296933889389, -3.221153736114502, -3.8263494968414307, -3.7497029304504395, -3.658093214035034], "k1": [-0.29546037316322327, 0.42243480682373047, 0.45871347188949585, 0.4562652111053467, 0.43851345777511597], "phi_c": 28.032216626486765}, "1": {"phi_c_k": 2.046831342936081, "abs_cf": 0.7749198187281606, "tip": [73.51269358355293, 33.94848633638794], "cf": [-0.7747256614063076, -0.01734574922696197], "kappa_c": 0.0038455029243468415, "k2": [-0.998580813407898, -0.25945261120796204, -0.9495611786842346, -0.9058632254600525, -0.8669300079345703], "k1": [30.23833465576172, 50.60537338256836, 50.601531982421875, 50.67686462402344, 50.714317321777344], "phi_c": 0.6609932630108698}}