{"cracks": {"0": 0.11715515822849472}, "holes": {"0": 0.14501699015018307, "1": 0.4985059989537128}}