{"cracks": {"0": 0.1413416587222048, "1": 1.2265874884041954}, "holes": {"0": 0.06452648749614245, "1": 0.15359350468070895}}