{"cracks": {"0": 0.13381270296748052, "1": 1.2577265304978513}, "holes": {"0": 0.0690026992741404, "1": 0.1411430906552649}}