{"0": {"phi_c_k": 30.558215731895796, "abs_cf": 1.5246614903881262, "tip": [15.950084009817708, -0.6995269395576075], "cf": [-1.2953427551237837, -0.80416404235757], "kappa_c": 0.20600801376012998, "k2": [-11.046171188354492, -19.006229400634766, -19.238859176635742, -19.278438568115234, -19.331905364990234], "k1": [54.48481750488281, 59.6207275390625, 59.933837890625, 60.03833770751953, 60.087371826171875], "phi_c": 35.41016920298531}}