{"cracks": {"0": 1.2609060016454803}, "holes": {"0": 0.1791429603205581, "1": 0.5183921615176492}}