{"cracks": {"0": 1.7532581940881815}, "holes": {"0": 0.1509326427389616, "1": 0.7074079580901317}}