{"0": {"sI_max": 2.98927903175354, "pos_max": [22.14593505859375, -1.699653148651123], "s_path": [[0.0, 2.98927903175354], [0.03333309292793274, 2.9652271270751953], [0.06666618585586548, 2.941145181655884], [0.10000044107437134, 2.9170331954956055], [0.13333353400230408, 2.8928911685943604], [0.16666662693023682, 2.8687191009521484], [0.19999971985816956, 2.8445169925689697], [0.23333290219306946, 2.8202850818634033], [0.2666671574115753, 2.796022653579712], [0.30000025033950806, 2.771730661392212], [0.3333333432674408, 2.742245674133301], [0.36666643619537354, 2.711364507675171], [0.3999995291233063, 2.681450843811035]], "n": [0.6098671980840273, 0.7925036281943054]}, "1": {"sI_max": 9.80235481262207, "pos_max": [15.043750762939453, 0.9552792310714722], "s_path": [[0.0, 9.80235481262207], [0.03333351016044617, 9.501562118530273], [0.0666666179895401, 9.366212844848633], [0.10000012814998627, 6.283596992492676], [0.1333332359790802, 6.021121025085449], [0.16666674613952637, 5.759377479553223], [0.19999991357326508, 5.498372554779053], [0.23333336412906647, 5.235772132873535], [0.2666665315628052, 4.967362880706787], [0.30000004172325134, 4.701007843017578], [0.33333316445350647, 4.436714172363281], [0.36666667461395264, 4.174475193023682], [0.40000012516975403, 3.9142942428588867]], "n": [-0.365339734517515, -0.9308742548715544]}}