{"0": {"phi_c_k": 68.16231895947044, "abs_cf": 0.009855825950258185, "tip": [28.693989099143806, 7.2120394713529645], "cf": [-0.004512548783142112, -0.008762089285184516], "kappa_c": 0.035975493049709185, "k2": [-0.16600604355335236, -3.287154197692871, -3.9155306816101074, -3.8362066745758057, -3.742708921432495], "k1": [-0.31685376167297363, 0.4437403082847595, 0.48217982053756714, 0.47913309931755066, 0.46130770444869995], "phi_c": 30.918658764758447}, "1": {"phi_c_k": 3.750865439213202, "abs_cf": 0.7504366078220049, "tip": [67.513025344964, 33.94645453475729], "cf": [-0.750397784597368, 0.007633297502376735], "kappa_c": 0.013508233700369814, "k2": [-0.5536816716194153, -1.0114678144454956, -1.6584298610687256, -1.6335649490356445, -1.6081492900848389], "k1": [29.63883399963379, 49.71869659423828, 49.70637512207031, 49.78174591064453, 49.81899642944336], "phi_c": 2.321894339122731}}