{"cracks": {"0": 0.13648712975400065, "1": 1.2499353360114278}, "holes": {"0": 0.06342461394473059, "1": 0.15442985088896694}}