{"cracks": {"0": 0.12111902792168788, "1": 1.2144770810574748}, "holes": {"0": 0.11583936604843363, "1": 0.16215280429856993}}