{"0": {"phi_c_k": 36.83910791766958, "abs_cf": 0.013165540333279591, "tip": [28.693989099143806, 7.2120394713529645], "cf": [0.002862708543235115, -0.012850538979502002], "kappa_c": 0.08229365826454033, "k2": [-0.4462801516056061, -1.5304040908813477, -1.3267018795013428, -1.1778061389923096, -1.92452073097229], "k1": [2.036144971847534, 2.767315626144409, 2.750533103942871, 2.752084732055664, 2.753814220428467], "phi_c": 70.7261894887507}}