{"0": {"sI_max": 5.862719535827637, "pos_max": [44.019874572753906, -36.192970275878906], "s_path": [[0.0, 5.862719535827637], [0.03333406150341034, 5.849032402038574], [0.06666812300682068, 5.8353271484375], [0.09999850392341614, 5.821605682373047], [0.13333256542682648, 5.807865142822266], [0.16666662693023682, 5.794107437133789], [0.20000068843364716, 5.780332088470459], [0.2333347499370575, 5.766538619995117], [0.26666513085365295, 5.752728462219238], [0.2999992072582245, 5.738900184631348], [0.333333283662796, 5.725053787231445], [0.36666736006736755, 5.711189270019531], [0.4000014364719391, 5.697307586669922]], "n": [0.9993898718180584, 0.03492683935721676]}, "1": {"sI_max": 8.918466567993164, "pos_max": [15.043750762939453, 0.9552792310714722], "s_path": [[0.0, 8.918466567993164], [0.03333351016044617, 8.63382625579834], [0.0666666179895401, 8.505839347839355], [0.10000012814998627, 5.678253173828125], [0.1333332359790802, 5.444735527038574], [0.16666674613952637, 5.211727142333984], [0.19999991357326508, 4.979231834411621], [0.23333336412906647, 4.745785713195801], [0.2666665315628052, 4.5087995529174805], [0.30000004172325134, 4.273242950439453], [0.33333316445350647, 4.039119720458984], [0.36666667461395264, 3.8064253330230713], [0.40000012516975403, 3.5751633644104004]], "n": [-0.365339734517515, -0.9308742548715544]}}