{"cracks": {"0": 0.16292153967873463}, "holes": {"0": 0.0022838717730973646, "1": 0.11935437426961228}}