{"0": {"sI_max": 0.14119943976402283, "pos_max": [20.122575759887695, -1.411504864692688], "s_path": [[0.0, 0.14119943976402283], [0.03333279862999916, 0.14307773113250732], [0.06666736304759979, 0.14477583765983582], [0.10000015795230865, 0.146293506026268], [0.13333295285701752, 0.14763088524341583], [0.16666746139526367, 0.14878802001476288], [0.20000025629997253, 0.1497647762298584], [0.2333330512046814, 0.15056122839450836], [0.26666584610939026, 0.15117737650871277], [0.30000039935112, 0.1516132354736328], [0.33333319425582886, 0.1515577733516693], [0.3666659891605377, 0.1511879414319992], [0.40000054240226746, 0.14804765582084656]], "n": [-0.9240707274139461, 0.38222152050435393]}, "1": {"sI_max": 7.866676330566406, "pos_max": [15.043750762939453, 0.9552792310714722], "s_path": [[0.0, 7.866676330566406], [0.03333351016044617, 7.667581558227539], [0.0666666179895401, 7.60093355178833], [0.10000012814998627, 5.228682518005371], [0.1333332359790802, 5.00475549697876], [0.16666674613952637, 4.781854629516602], [0.19999991357326508, 4.559986114501953], [0.23333336412906647, 4.335750102996826], [0.2666665315628052, 4.10295295715332], [0.30000004172325134, 3.873033285140991], [0.33333316445350647, 3.64599609375], [0.36666667461395264, 3.4218356609344482], [0.40000012516975403, 3.2005558013916016]], "n": [-0.365339734517515, -0.9308742548715544]}}