{"0": {"sI_max": 9.614471435546875, "pos_max": [44.019874572753906, -36.192970275878906], "s_path": [[0.0, 9.614471435546875], [0.03333406150341034, 9.591926574707031], [0.06666812300682068, 9.569448471069336], [0.09999850392341614, 9.547039985656738], [0.13333256542682648, 9.524694442749023], [0.16666662693023682, 9.50241470336914], [0.20000068843364716, 9.480201721191406], [0.2333347499370575, 9.458053588867188], [0.26666513085365295, 9.435977935791016], [0.2999992072582245, 9.413963317871094], [0.333333283662796, 9.39201545715332], [0.36666736006736755, 9.370133399963379], [0.4000014364719391, 9.348318099975586]], "n": [0.9993898718180584, 0.03492683935721676]}, "1": {"sI_max": 35.32009506225586, "pos_max": [14.693994522094727, 1.3314446210861206], "s_path": [[0.0, 35.32009506225586], [0.03333320841193199, 39.506858825683594], [0.06666650623083115, 44.813087463378906], [0.09999971836805344, 47.374603271484375], [0.13333354890346527, 48.70370101928711], [0.16666685044765472, 49.59742736816406], [0.20000006258487701, 50.05580139160156], [0.2333332747220993, 48.977821350097656], [0.26666656136512756, 46.205562591552734], [0.29999977350234985, 43.450843811035156], [0.3333336114883423, 42.480167388916016], [0.36666691303253174, 41.827205657958984], [0.40000012516975403, 41.49897003173828]], "n": [-0.6554074917832138, -0.7552754594943731]}}