{"0": {"phi_c_k": 68.52678209246713, "abs_cf": 0.00990882238721073, "tip": [28.693989099143806, 7.2120394713529645], "cf": [-0.005102506122805828, -0.008494068069424543], "kappa_c": 0.031618003720090146, "k2": [-0.18296922743320465, -3.365953207015991, -3.9996724128723145, -3.9200491905212402, -3.8252484798431396], "k1": [-0.31693607568740845, 0.378953754901886, 0.41642439365386963, 0.41365665197372437, 0.39526110887527466], "phi_c": 27.173672546851527}, "1": {"phi_c_k": 2.5601309067332836, "abs_cf": 0.7462403658880171, "tip": [70.51287014241565, 33.915939109112486], "cf": [-0.7461964474379101, -0.00809601826355788], "kappa_c": 0.0070070908529486185, "k2": [-0.8667734265327454, -0.5027060508728027, -1.1460137367248535, -1.1120778322219849, -1.080250859260559], "k1": [29.493404388427734, 49.65056610107422, 49.64466094970703, 49.718666076660156, 49.75524139404297], "phi_c": 1.2044301976160399}}