{"0": {"phi_c_k": 48.48661459524919, "abs_cf": 0.007276230186648526, "tip": [28.693989099143806, 7.2120394713529645], "cf": [0.0014352605482055303, -0.007133270840775641], "kappa_c": 0.08091798891542257, "k2": [-0.4658468961715698, -1.5464601516723633, -1.4242686033248901, -1.3345849514007568, -1.9165878295898438], "k1": [1.3037303686141968, 1.7772605419158936, 1.7603715658187866, 1.7615947723388672, 1.7629814147949219], "phi_c": 69.54388877310136}, "1": {"phi_c_k": 10.28705370821981, "abs_cf": 0.7315774718852867, "tip": [55.58177250160463, 35.15235923205946], "cf": [-0.7238256275496724, 0.10621703381468706], "kappa_c": 0.07299752295562202, "k2": [-4.155174732208252, -4.488696575164795, -4.463788032531738, -4.465341091156006, -4.4595723152160645], "k1": [42.9800910949707, 48.49439239501953, 48.72343444824219, 48.803627014160156, 48.842899322509766], "phi_c": 8.36489996053297}}