{"0": {"phi_c_k": 5.589792049992294, "abs_cf": 1.5611540146145224, "tip": [12.955930642889268, -0.5123221978679511], "cf": [-1.558111516383974, 0.0974184780145606], "kappa_c": 0.03639102406794037, "k2": [-3.272920608520508, -3.3398022651672363, -3.461846351623535, -3.499359130859375, -3.5181984901428223], "k1": [67.66954040527344, 70.69029998779297, 71.16500091552734, 71.33879852294922, 71.43171691894531], "phi_c": 6.255156273755951}}