{"0": {"sI_max": 4.396845817565918, "pos_max": [43.80744171142578, -37.51140594482422], "s_path": [[0.0, 4.396845817565918], [0.033332157880067825, 4.385860443115234], [0.06666788458824158, 4.3749260902404785], [0.1000000387430191, 4.364043235778809], [0.13333219289779663, 4.353212833404541], [0.16666792333126068, 4.342432975769043], [0.2000000774860382, 4.331705570220947], [0.23333223164081573, 4.3210296630859375], [0.2666679620742798, 4.310405254364014], [0.3000001311302185, 4.299832820892334], [0.3333323001861572, 4.289312362670898], [0.3666680157184601, 4.278842449188232], [0.4000001847743988, 4.2684245109558105]], "n": [0.9365072620503254, -0.3506481828371612]}, "1": {"sI_max": 9.408232688903809, "pos_max": [15.043750762939453, 0.9552792310714722], "s_path": [[0.0, 9.408232688903809], [0.03333351016044617, 9.116748809814453], [0.0666666179895401, 8.990906715393066], [0.10000012814998627, 6.018448829650879], [0.1333332359790802, 5.76856803894043], [0.16666674613952637, 5.519326210021973], [0.19999991357326508, 5.270726680755615], [0.23333336412906647, 5.020808696746826], [0.2666665315628052, 4.766054630279541], [0.30000004172325134, 4.51309061050415], [0.33333316445350647, 4.261921405792236], [0.36666667461395264, 4.012542247772217], [0.40000012516975403, 3.764955997467041]], "n": [-0.365339734517515, -0.9308742548715544]}}