{"name": "plate-bogerl-flipx1-rotz0", "functions": "plate", "B,H": [80.0, 85.0], "crack": {"a0": 10.0, "x0": [0, 0], "n0": [1, 0]}, "hole_list": [{"type": "spline", "data": [[70.89434144, 18.304684], [69.84837728, 18.099272], [68.76674864, 17.537495], [67.68506719999999, 16.746983], [66.61523552, 15.668806], [65.63936864, 14.554822999999999], [65.00762528, 13.440794], [64.47080096, 12.326777], [63.96157376, 11.212753], [63.52289216, 10.098730000000003], [63.17431232, 8.984703000000003], [62.979793279999996, 7.870685999999999], [62.77703744, 6.756656999999997], [62.584179199999994, 5.64264], [62.4669248, 4.5286100000000005], [62.369008640000004, 3.4145770000000013], [62.368448, 2.3005599999999973], [62.368448, 1.1865299999999976], [62.368448, 0.07251399999999819], [62.368448, -1.0415149999999969], [62.368448, -2.1555370000000025], [62.368448, -3.2695580000000035], [62.368805120000005, -4.383586999999999], [62.4754688, -5.497604000000003], [62.82499232, -6.611629999999998], [63.30711872, -7.725650000000002], [63.87339968, -8.839683999999998], [64.55357599999999, -9.953710000000001], [65.15803904, -11.067720000000001], [65.8377488, -12.181750000000001], [66.6062288, -13.295775999999996], [67.52308736, -14.409714000000001], [68.4955832, -15.458280000000002], [69.40969376, -16.50264], [70.46483216, -17.332912], [71.5464728, -17.814068], [72.60394784, -16.893974], [72.76646528, -15.780259999999998], [72.629908736, -14.666229999999999], [72.17703488, -13.552210000000002], [71.49992576, -12.438183000000002], [70.78088096, -11.324154], [70.01847584000001, -10.21013], [69.20290208, -9.096107000000003], [68.34943136, -7.982080000000003], [67.54066976, -6.86806], [66.84024992, -5.754047], [66.29736608, -4.640022000000002], [65.8065296, -3.5259969999999967], [65.33831264, -2.4119699999999966], [65.18202656, -1.2979500000000002], [65.18084864, -0.18391400000000147], [65.18084864, 0.9301069999999996], [65.18084864, 2.0441300000000027], [65.18234336, 3.158149999999999], [65.28519104, 4.272174999999997], [65.4048368, 5.386200000000002], [65.58222752, 6.500214], [65.93610464, 7.614246000000001], [66.34719008, 8.728264000000003], [66.88514912, 9.842292999999998], [67.42490432, 10.956308], [68.09084576000001, 12.070340999999999], [69.05845088, 13.184359], [70.04006624, 14.298388], [71.11371008, 15.412417999999999], [72.08559968, 16.526428], [72.10183904, 17.635931], [71.15794592, 18.253403]]}], "u_load": 0.2, "E_rel": 0}