{"0": {"phi_c_k": -4.829343554060234, "abs_cf": 0.88582194335218, "tip": [10.0, 0.0], "cf": [-0.8849632417106932, 0.038994565584630436], "kappa_c": -0.004403500161799681, "k2": [3.1460611820220947, 2.3295440673828125, 2.2850844860076904, 2.280731439590454, 2.274608850479126], "k1": [50.45052719116211, 53.46063995361328, 53.78390121459961, 53.89322280883789, 53.947715759277344], "phi_c": -2.5230197435629687}}