{"0": {"sI_max": 16.265708923339844, "pos_max": [75.51795959472656, 6.180320739746094], "s_path": [[0.0, 16.265708923339844], [0.03333112969994545, 16.2187557220459], [0.06666988879442215, 16.17138671875], [0.1000010296702385, 16.123620986938477], [0.13333216309547424, 16.075448989868164], [0.1666632890701294, 16.026870727539062], [0.2000020444393158, 15.977874755859375], [0.23333317041397095, 15.928484916687012], [0.2666642963886261, 15.878687858581543], [0.3000030517578125, 15.828473091125488], [0.33333417773246765, 15.777863502502441], [0.3666653037071228, 15.726848602294922], [0.39999642968177795, 15.675426483154297]], "n": [0.9995930283056496, -0.028526790263559254]}, "1": {"sI_max": 15.556190490722656, "pos_max": [24.73662567138672, -6.409237861633301], "s_path": [[0.0, 15.556190490722656], [0.0333341509103775, 15.474390983581543], [0.06666633486747742, 15.392688751220703], [0.10000048577785492, 15.31107234954834], [0.1333327740430832, 15.22955322265625], [0.1666669249534607, 15.148120880126953], [0.1999991089105606, 15.06678581237793], [0.2333332598209381, 14.985536575317383], [0.2666673958301544, 14.904378890991211], [0.2999995946884155, 14.823318481445312], [0.33333373069763184, 14.742345809936523], [0.3666660189628601, 14.661468505859375], [0.4000001549720764, 14.58067798614502]], "n": [0.9765001301270735, 0.21551681108862186]}, "2": {"sI_max": 14.493335723876953, "pos_max": [63.867130279541016, -4.056353569030762], "s_path": [[0.0, 14.493335723876953], [0.03333258256316185, 14.413119316101074], [0.06666506826877594, 14.333849906921387], [0.10000138729810715, 14.255517959594727], [0.1333339661359787, 14.178140640258789], [0.1666664481163025, 14.10170841217041], [0.19999903440475464, 14.026220321655273], [0.23333151638507843, 13.951680183410645], [0.26666784286499023, 13.87807846069336], [0.3000003695487976, 13.805429458618164], [0.33333295583724976, 13.733726501464844], [0.36666548252105713, 13.662967681884766], [0.40000176429748535, 13.59315013885498]], "n": [-0.9790661824456464, 0.2035421587566275]}, "3": {"sI_max": 19.741609573364258, "pos_max": [54.57671356201172, 3.3184866905212402], "s_path": [[0.0, 19.741609573364258], [0.03333235904574394, 19.660194396972656], [0.06666851043701172, 19.57854652404785], [0.10000086575746536, 19.496686935424805], [0.1333332061767578, 19.41460418701172], [0.16666556894779205, 19.332298278808594], [0.20000173151493073, 19.2497615814209], [0.23333407938480377, 19.167011260986328], [0.266666442155838, 19.08403968811035], [0.29999879002571106, 19.000844955444336], [0.33333495259284973, 18.91741943359375], [0.3666673004627228, 18.833778381347656], [0.3999996483325958, 18.74991798400879]], "n": [-0.9982975705072074, -0.05832632955542066]}, "4": {"sI_max": 7.255518913269043, "pos_max": [24.35507583618164, 5.90898323059082], "s_path": [[0.0, 7.255518913269043], [0.033332690596580505, 7.254124641418457], [0.06666719168424606, 7.255776405334473], [0.09999988228082657, 7.26047420501709], [0.13333258032798767, 7.26821756362915], [0.16666707396507263, 7.279008865356445], [0.19999976456165314, 7.292845249176025], [0.23333273828029633, 7.309728145599365], [0.2666669487953186, 7.329658031463623], [0.2999996542930603, 7.352632999420166], [0.33333414793014526, 7.378655433654785], [0.36666685342788696, 7.4077229499816895], [0.39999955892562866, 7.439836502075195]], "n": [-0.7981884538397384, 0.6024078287646402]}, "5": {"sI_max": 13.880684852600098, "pos_max": [10.979053497314453, 5.117060661315918], "s_path": [[0.0, 13.880684852600098], [0.03333327919244766, 13.751145362854004], [0.0666668564081192, 13.62298583984375], [0.10000013560056686, 13.496214866638184], [0.13333307206630707, 13.37082576751709], [0.16666699945926666, 13.246817588806152], [0.19999992847442627, 13.12419605255127], [0.23333320021629333, 13.002958297729492], [0.2666667699813843, 12.883099555969238], [0.30000004172325134, 12.764628410339355], [0.33333298563957214, 12.647540092468262], [0.36666691303253174, 12.531832695007324], [0.39999985694885254, 12.417510986328125]], "n": [-0.6830218586429077, -0.7303979330584033]}, "6": {"sI_max": 24.02985382080078, "pos_max": [50.17189025878906, 12.279788970947266], "s_path": [[0.0, 24.02985382080078], [0.03333284705877304, 23.91272735595703], [0.06666569411754608, 23.795625686645508], [0.09999854117631912, 23.67855453491211], [0.1333352029323578, 23.56149673461914], [0.16666804254055023, 23.44447898864746], [0.20000088214874268, 23.32748794555664], [0.23333372175693512, 23.210525512695312], [0.26666656136512756, 23.093591690063477], [0.2999994158744812, 22.9766845703125], [0.33333227038383484, 22.859806060791016], [0.3666651248931885, 22.74295425415039], [0.40000179409980774, 22.626117706298828]], "n": [0.9999993687147862, 0.0011236414147258516]}, "7": {"sI_max": 8.987692832946777, "pos_max": [40.26244354248047, -15.42150592803955], "s_path": [[0.0, 8.987692832946777], [0.03333381190896034, 8.949583053588867], [0.06666743010282516, 8.911639213562012], [0.10000123828649521, 8.873859405517578], [0.13333505392074585, 8.836243629455566], [0.1666649430990219, 8.798798561096191], [0.19999875128269196, 8.761512756347656], [0.233332559466362, 8.724393844604492], [0.26666638255119324, 8.687438011169434], [0.30000001192092896, 8.650650024414062], [0.333333820104599, 8.614025115966797], [0.36666762828826904, 8.577564239501953], [0.40000125765800476, 8.541271209716797]], "n": [0.9802880470457682, -0.19757364403987102]}, "8": {"sI_max": 15.00039005279541, "pos_max": [45.15807342529297, -5.453153610229492], "s_path": [[0.0, 15.00039005279541], [0.03333243727684021, 14.9370756149292], [0.06666485220193863, 14.873030662536621], [0.10000110417604446, 14.808246612548828], [0.13333354890346527, 14.74273681640625], [0.16666598618030548, 14.676497459411621], [0.1999984085559845, 14.609526634216309], [0.23333466053009033, 14.541816711425781], [0.26666709780693054, 14.473381996154785], [0.29999950528144836, 14.404216766357422], [0.3333319425582886, 14.334320068359375], [0.3666681945323944, 14.26368236541748], [0.40000060200691223, 14.19232177734375]], "n": [-0.9989818432686303, -0.04511404237717804]}}