{"0": {"sI_max": 15.16240119934082, "pos_max": [69.84992980957031, 4.1449785232543945], "s_path": [[0.0, 15.16240119934082], [0.03333278000354767, 15.10491943359375], [0.06666552275419235, 15.047286987304688], [0.09999830275774002, 14.989508628845215], [0.1333310455083847, 14.931580543518066], [0.16666382551193237, 14.873504638671875], [0.19999656081199646, 14.815279006958008], [0.233336940407753, 14.756893157958984], [0.26666972041130066, 14.698369979858398], [0.30000245571136475, 14.63969898223877], [0.3333352506160736, 14.580879211425781], [0.3666679859161377, 14.521910667419434], [0.40000078082084656, 14.462793350219727]], "n": [-0.9963397736945075, -0.08548131582034316]}, "1": {"sI_max": 21.348621368408203, "pos_max": [17.09082794189453, 2.921872138977051], "s_path": [[0.0, 21.348621368408203], [0.03333350270986557, 20.782808303833008], [0.06666678190231323, 20.221670150756836], [0.1000002846121788, 19.68168067932129], [0.13333356380462646, 19.190168380737305], [0.1666664034128189, 18.704694747924805], [0.19999991357326508, 18.225242614746094], [0.23333320021629333, 17.75182342529297], [0.2666667103767395, 16.78844451904297], [0.29999998211860657, 15.793525695800781], [0.33333349227905273, 14.778304100036621], [0.3666670024394989, 13.742788314819336], [0.40000027418136597, 12.70471477508545]], "n": [0.3518987303811867, 0.9360380780481684]}, "2": {"sI_max": 13.373056411743164, "pos_max": [63.867130279541016, -4.056353569030762], "s_path": [[0.0, 13.373056411743164], [0.03333258256316185, 13.310685157775879], [0.06666506826877594, 13.248318672180176], [0.10000138729810715, 13.185951232910156], [0.1333339661359787, 13.123592376708984], [0.1666664481163025, 13.061241149902344], [0.19999903440475464, 12.998893737792969], [0.23333151638507843, 12.936551094055176], [0.26666784286499023, 12.874208450317383], [0.3000003695487976, 12.81187629699707], [0.33333295583724976, 12.749547004699707], [0.36666548252105713, 12.687223434448242], [0.40000176429748535, 12.624900817871094]], "n": [-0.9790661824456464, 0.2035421587566275]}, "3": {"sI_max": 20.84543228149414, "pos_max": [54.57671356201172, 3.3184866905212402], "s_path": [[0.0, 20.84543228149414], [0.03333235904574394, 20.735748291015625], [0.06666851043701172, 20.626529693603516], [0.10000086575746536, 20.51780128479004], [0.1333332061767578, 20.409549713134766], [0.16666556894779205, 20.301776885986328], [0.20000173151493073, 20.194467544555664], [0.23333407938480377, 20.087648391723633], [0.266666442155838, 19.981307983398438], [0.29999879002571106, 19.875446319580078], [0.33333495259284973, 19.77004623413086], [0.3666673004627228, 19.665138244628906], [0.3999996483325958, 19.56070899963379]], "n": [-0.9982975705072074, -0.05832632955542066]}, "4": {"sI_max": 0.0782477855682373, "pos_max": [29.946670532226562, 5.067506790161133], "s_path": [[0.0, 0.0782477855682373], [0.03333376348018646, 0.08385100960731506], [0.06666669249534607, 0.08945433795452118], [0.10000045597553253, 0.09505794197320938], [0.13333338499069214, 0.10066165775060654], [0.1666671484708786, 0.10626564919948578], [0.2000000774860382, 0.11186974495649338], [0.23333384096622467, 0.11747412383556366], [0.2666667699813843, 0.1230785995721817], [0.30000051856040955, 0.12868335843086243], [0.3333330750465393, 0.13428813219070435], [0.3666672110557556, 0.1398933380842209], [0.3999997675418854, 0.14549849927425385]], "n": [0.6311707146305655, -0.7756439447276962]}, "5": {"sI_max": 4.437343120574951, "pos_max": [12.079368591308594, 4.735633373260498], "s_path": [[0.0, 4.437343120574951], [0.03333329036831856, 3.6648495197296143], [0.06666677445173264, 2.8921401500701904], [0.1000000610947609, 1.9723306894302368], [0.13333335518836975, 1.126813292503357], [0.166666641831398, 0.40355151891708374], [0.2000001221895218, 10.67595100402832], [0.23333340883255005, 10.604485511779785], [0.2666667103767395, 10.53249454498291], [0.29999974370002747, 10.460081100463867], [0.33333349227905273, 10.387242317199707], [0.3666667938232422, 10.313982009887695], [0.40000009536743164, 10.240299224853516]], "n": [0.2793419779372269, -0.9601916784486928]}, "6": {"sI_max": 24.75351333618164, "pos_max": [50.17189025878906, 12.279788970947266], "s_path": [[0.0, 24.75351333618164], [0.03333284705877304, 24.62950897216797], [0.06666569411754608, 24.505496978759766], [0.09999854117631912, 24.38148307800293], [0.1333352029323578, 24.2574462890625], [0.16666804254055023, 24.133420944213867], [0.20000088214874268, 24.00939178466797], [0.23333372175693512, 23.885358810424805], [0.26666656136512756, 23.76131820678711], [0.2999994158744812, 23.63727378845215], [0.33333227038383484, 23.51322364807129], [0.3666651248931885, 23.389171600341797], [0.40000179409980774, 23.265098571777344]], "n": [0.9999993687147862, 0.0011236414147258516]}, "7": {"sI_max": 8.37877082824707, "pos_max": [40.26244354248047, -15.42150592803955], "s_path": [[0.0, 8.37877082824707], [0.03333381190896034, 8.357306480407715], [0.06666743010282516, 8.335792541503906], [0.10000123828649521, 8.314223289489746], [0.13333505392074585, 8.292601585388184], [0.1666649430990219, 8.270929336547852], [0.19999875128269196, 8.249201774597168], [0.233332559466362, 8.227420806884766], [0.26666638255119324, 8.205588340759277], [0.30000001192092896, 8.183704376220703], [0.333333820104599, 8.161766052246094], [0.36666762828826904, 8.139775276184082], [0.40000125765800476, 8.117733001708984]], "n": [0.9802880470457682, -0.19757364403987102]}, "8": {"sI_max": 14.664125442504883, "pos_max": [45.15807342529297, -5.453153610229492], "s_path": [[0.0, 14.664125442504883], [0.03333243727684021, 14.587672233581543], [0.06666485220193863, 14.511931419372559], [0.10000110417604446, 14.436895370483398], [0.13333354890346527, 14.362581253051758], [0.16666598618030548, 14.288980484008789], [0.1999984085559845, 14.216092109680176], [0.23333466053009033, 14.143909454345703], [0.26666709780693054, 14.07244873046875], [0.29999950528144836, 14.001701354980469], [0.3333319425582886, 13.931665420532227], [0.3666681945323944, 13.862337112426758], [0.40000060200691223, 13.793728828430176]], "n": [-0.9989818432686303, -0.04511404237717804]}}