{"0": {"sI_max": 2.1795998166040942e-13, "pos_max": [73.8885498046875, 8.836748123168945], "s_path": [[0.0, 2.1795998166040942e-13], [0.03333486244082451, 2.2989490628018416e-13], [0.06666593998670578, 2.429385631465969e-13], [0.10000080615282059, 2.611956332644605e-13], [0.13333187997341156, 2.916519564917508e-13], [0.16666674613952637, 3.090124456230775e-13], [0.20000073313713074, 3.2735495087213295e-13], [0.23333269357681274, 3.4103652519178185e-13], [0.26666754484176636, 3.551987805446022e-13], [0.29999861121177673, 3.700365209559353e-13], [0.33333346247673035, 3.855548150709376e-13], [0.3999994099140167, 1.7647604501325707e-14]], "n": [0.3807686998357182, 0.9246703181271781]}, "1": {"sI_max": 6.368687586848221e-13, "pos_max": [24.953617095947266, -8.117313385009766], "s_path": [[0.0, 6.368687586848221e-13], [0.03333288058638573, 6.314281237630726e-13], [0.06666576117277145, 6.259690574043908e-13], [0.10000062733888626, 6.204913969784509e-13], [0.1333335041999817, 6.149957387964478e-13], [0.16666638851165771, 6.094817575977296e-13], [0.19999927282333374, 6.039493449620792e-13], [0.23333404958248138, 5.983983924692793e-13], [0.2666669189929962, 5.928293880103075e-13], [0.2999998927116394, 5.872419521144034e-13], [0.33333277702331543, 5.81636247411893e-13], [0.36666756868362427, 5.760119486421245e-13], [0.4000004529953003, 5.707413166210207e-13]], "n": [0.9961069069850921, 0.0881534449502295]}, "2": {"sI_max": 3.7408420003152976e-13, "pos_max": [63.829345703125, -7.062958717346191], "s_path": [[0.0, 3.7408420003152976e-13], [0.03333507478237152, 3.7177127153696643e-13], [0.06666640937328339, 3.694726816161342e-13], [0.10000148415565491, 3.6718796948310983e-13], [0.1333327740430832, 3.649176501339252e-13], [0.1666678488254547, 3.6266118146749404e-13], [0.19999918341636658, 3.604189971646854e-13], [0.2333342581987381, 3.581907448597932e-13], [0.2666655480861664, 3.559768040235778e-13], [0.3000006377696991, 3.537767409751702e-13], [0.33333197236061096, 3.515909893954394e-13], [0.3666670620441437, 3.4941911560351646e-13], [0.39999833703041077, 3.472615803853246e-13]], "n": [-0.9944386078434065, -0.10531787706969496]}, "3": {"sI_max": 4.442408355238847e-13, "pos_max": [65.2237548828125, 12.22337532043457], "s_path": [[0.0, 4.442408355238847e-13], [0.03333129361271858, 4.314049117937202e-13], [0.06666970998048782, 4.2084068977051026e-13], [0.10000099986791611, 4.1255231652756463e-13], [0.133332297205925, 4.065374881352668e-13], [0.16666334867477417, 4.027962859087797e-13], [0.2000020146369934, 4.0132833037734295e-13], [0.2333333045244217, 3.920115371636862e-13], [0.2666643559932709, 3.730333641809025e-13], [0.3000030219554901, 3.540603140533838e-13], [0.3333343267440796, 3.351020903905738e-13], [0.3666653633117676, 3.1615348902204465e-13], [0.39999666810035706, 2.972149707337196e-13]], "n": [0.9661762345201419, 0.257882693968556]}, "4": {"sI_max": 1.1104934246469744e-12, "pos_max": [24.69602394104004, 2.3773255348205566], "s_path": [[0.0, 1.1104934246469744e-12], [0.03333336487412453, 1.1142251401044523e-12], [0.06666672974824905, 1.1189150734419728e-12], [0.10000009089708328, 1.1245630078191016e-12], [0.1333334594964981, 1.1311693769167075e-12], [0.1666664034128189, 1.1207791422371272e-12], [0.19999976456165314, 1.1080315267739116e-12], [0.23333312571048737, 1.0953245688921642e-12], [0.2666665017604828, 1.0826580517514506e-12], [0.299999862909317, 1.0700323006124224e-12], [0.33333346247673035, 1.0574470986346451e-12], [0.3666668236255646, 1.0449023373979016e-12], [0.40000006556510925, 1.0323263511385905e-12]], "n": [0.22075078418672622, -0.975330247291114]}, "5": {"sI_max": 1.0045617115927996e-11, "pos_max": [11.659015655517578, 4.72528076171875], "s_path": [[0.0, 1.0045617115927996e-11], [0.03333320841193199, 1.0895447738468178e-11], [0.06666690111160278, 5.316909239272416e-12], [0.10000011324882507, 5.283825894181193e-12], [0.20000022649765015, 4.599401914016921e-13], [0.23333343863487244, 4.571730906170746e-13], [0.2666666507720947, 4.544219818145012e-13], [0.299999862909317, 4.516869734141893e-13], [0.3333335518836975, 4.489678756807586e-13], [0.3666667640209198, 4.462649596647522e-13], [0.3999999761581421, 4.435779543156271e-13]], "n": [-0.0048206846425023295, -0.9999883804322816]}, "6": {"sI_max": 2.792517736147082e-13, "pos_max": [48.42315673828125, 8.35443115234375], "s_path": [[0.0, 2.792517736147082e-13], [0.033333271741867065, 2.799753159345164e-13], [0.06666654348373413, 2.807333900935183e-13], [0.10000040382146835, 2.815260231967681e-13], [0.13333366811275482, 2.8235324234932024e-13], [0.1666669398546219, 2.8321502044612035e-13], [0.20000021159648895, 2.841113303821141e-13], [0.23333407938480377, 2.8504217215730154e-13], [0.26666733622550964, 2.8600759998179126e-13], [0.3000006079673767, 2.8700758675052895e-13], [0.3333338797092438, 2.880421053584603e-13], [0.3666677474975586, 2.8911118291063964e-13], [0.40000101923942566, 2.9021484651212126e-13]], "n": [0.7864351356770646, -0.6176728724596838]}, "7": {"sI_max": 2.042698421435979e-13, "pos_max": [30.560392379760742, -1.711496353149414], "s_path": [[0.0, 2.042698421435979e-13], [0.03333292156457901, 2.0514765288002362e-13], [0.06666584312915802, 2.0602771333595726e-13], [0.10000066459178925, 2.069100912740346e-13], [0.13333359360694885, 2.077946647215112e-13], [0.16666650772094727, 2.0868148788849572e-13], [0.19999943673610687, 2.0957056077498815e-13], [0.2333342581987381, 2.1046195114362426e-13], [0.2666671872138977, 2.1135553702165966e-13], [0.3000001013278961, 2.122513590666758e-13], [0.33333301544189453, 2.1314945793625417e-13], [0.36666592955589294, 2.1404980652534045e-13], [0.40000075101852417, 2.149524454915161e-13]], "n": [-0.9938745908917437, 0.11051378909334822]}, "8": {"sI_max": 4.622866759534938e-13, "pos_max": [55.50525665283203, -17.8082332611084], "s_path": [[0.0, 4.622866759534938e-13], [0.0333329476416111, 4.622547461995141e-13], [0.06666629761457443, 4.62179448358635e-13], [0.09999924153089523, 4.620608366409651e-13], [0.13333219289779663, 4.618988568363958e-13], [0.16666553914546967, 4.616935631550356e-13], [0.19999848306179047, 4.614449555968847e-13], [0.23333142697811127, 4.61153034161943e-13], [0.26666849851608276, 4.608176904299932e-13], [0.30000144243240356, 4.604390870313613e-13], [0.33333438634872437, 4.600171155458299e-13], [0.3666677474975586, 4.595518301835078e-13], [0.4000006914138794, 4.590431767342862e-13]], "n": [0.9775618794603012, -0.21064845555105272]}}