{"0": {"sI_max": 16.201271057128906, "pos_max": [69.84992980957031, 4.1449785232543945], "s_path": [[0.0, 16.201271057128906], [0.03333278000354767, 16.108612060546875], [0.06666552275419235, 16.016616821289062], [0.09999830275774002, 15.925281524658203], [0.1333310455083847, 15.834609031677246], [0.16666382551193237, 15.744597434997559], [0.19999656081199646, 15.655248641967773], [0.233336940407753, 15.566539764404297], [0.26666972041130066, 15.478513717651367], [0.30000245571136475, 15.391149520874023], [0.3333352506160736, 15.30444622039795], [0.3666679859161377, 15.218404769897461], [0.40000078082084656, 15.133024215698242]], "n": [-0.9963397736945075, -0.08548131582034316]}, "1": {"sI_max": 8.38564682006836, "pos_max": [16.571605682373047, 2.9492268562316895], "s_path": [[0.0, 8.38564682006836], [0.03333330899477005, 8.141679763793945], [0.0666666179895401, 7.899489402770996], [0.10000016540288925, 7.65907096862793], [0.13333328068256378, 7.4204325675964355], [0.16666659712791443, 7.183566093444824], [0.19999991357326508, 6.948474884033203], [0.23333345353603363, 6.715156078338623], [0.2666667699813843, 6.483613967895508], [0.30000007152557373, 6.291313171386719], [0.33333319425582886, 6.1180620193481445], [0.3666667342185974, 5.9443583488464355], [0.40000003576278687, 5.770205974578857]], "n": [0.10384646499813016, 0.9945933398667981]}, "2": {"sI_max": 13.288383483886719, "pos_max": [63.867130279541016, -4.056353569030762], "s_path": [[0.0, 13.288383483886719], [0.03333258256316185, 13.212255477905273], [0.06666506826877594, 13.137120246887207], [0.10000138729810715, 13.062968254089355], [0.1333339661359787, 12.989813804626465], [0.1666664481163025, 12.917651176452637], [0.19999903440475464, 12.846478462219238], [0.23333151638507843, 12.776297569274902], [0.26666784286499023, 12.707099914550781], [0.3000003695487976, 12.638901710510254], [0.33333295583724976, 12.57169246673584], [0.36666548252105713, 12.505475997924805], [0.40000176429748535, 12.440242767333984]], "n": [-0.9790661824456464, 0.2035421587566275]}, "3": {"sI_max": 21.32486343383789, "pos_max": [54.57671356201172, 3.3184866905212402], "s_path": [[0.0, 21.32486343383789], [0.03333235904574394, 21.23316764831543], [0.06666851043701172, 21.141162872314453], [0.10000086575746536, 21.048866271972656], [0.1333332061767578, 20.956270217895508], [0.16666556894779205, 20.863374710083008], [0.20000173151493073, 20.770164489746094], [0.23333407938480377, 20.676668167114258], [0.266666442155838, 20.582870483398438], [0.29999879002571106, 20.488771438598633], [0.33333495259284973, 20.394359588623047], [0.3666673004627228, 20.299659729003906], [0.3999996483325958, 20.20465850830078]], "n": [-0.9982975705072074, -0.05832632955542066]}, "4": {"sI_max": 0.04771086573600769, "pos_max": [32.14787292480469, 6.850866317749023], "s_path": [[0.0, 0.04771086573600769], [0.03333326056599617, 0.050436832010746], [0.06666652113199234, 0.053147390484809875], [0.09999978542327881, 0.05584254115819931], [0.13333304226398468, 0.05852228403091431], [0.1666666716337204, 0.061186645179986954], [0.19999992847442627, 0.06383556872606277], [0.23333318531513214, 0.06646908819675446], [0.266666442155838, 0.0690871924161911], [0.2999997138977051, 0.07168988883495331], [0.33333298563957214, 0.07427717745304108], [0.3666662573814392, 0.0768490582704544], [0.3999995291233063, 0.0794055312871933]], "n": [0.622445460458635, -0.7826631770783891]}, "5": {"sI_max": 0.44695764780044556, "pos_max": [10.671531677246094, 5.527358055114746], "s_path": [[0.0, 0.44695764780044556], [0.03333289176225662, 0.4305691719055176], [0.06666669249534607, 0.4145115613937378], [0.09999958425760269, 0.3987855911254883], [0.13333338499069214, 0.3833904266357422], [0.16666628420352936, 0.36832699179649353], [0.2000000774860382, 0.3535943627357483], [0.23333297669887543, 0.3391934037208557], [0.2666667699813843, 0.32512331008911133], [0.2999996542930603, 0.31138482689857483], [0.33333346247673035, 0.2979772388935089], [0.36666634678840637, 0.2849012613296509], [0.4000001549720764, 0.2721561789512634]], "n": [-0.9513898922492174, -0.3079890792317516]}, "6": {"sI_max": 23.410045623779297, "pos_max": [50.17189025878906, 12.279788970947266], "s_path": [[0.0, 23.410045623779297], [0.03333284705877304, 23.308876037597656], [0.06666569411754608, 23.207969665527344], [0.09999854117631912, 23.107330322265625], [0.1333352029323578, 23.006948471069336], [0.16666804254055023, 22.906845092773438], [0.20000088214874268, 22.807003021240234], [0.23333372175693512, 22.70743179321289], [0.26666656136512756, 22.60812759399414], [0.2999994158744812, 22.50908851623535], [0.33333227038383484, 22.410314559936523], [0.3666651248931885, 22.311809539794922], [0.40000179409980774, 22.213558197021484]], "n": [0.9999993687147862, 0.0011236414147258516]}, "7": {"sI_max": 7.435978889465332, "pos_max": [40.26244354248047, -15.42150592803955], "s_path": [[0.0, 7.435978889465332], [0.03333381190896034, 7.427908420562744], [0.06666743010282516, 7.419520378112793], [0.10000123828649521, 7.4108123779296875], [0.13333505392074585, 7.401786804199219], [0.1666649430990219, 7.3924431800842285], [0.19999875128269196, 7.382779598236084], [0.233332559466362, 7.372797966003418], [0.26666638255119324, 7.362497806549072], [0.30000001192092896, 7.35188102722168], [0.333333820104599, 7.340943813323975], [0.36666762828826904, 7.329688549041748], [0.40000125765800476, 7.318116188049316]], "n": [0.9802880470457682, -0.19757364403987102]}, "8": {"sI_max": 13.570826530456543, "pos_max": [45.15807342529297, -5.453153610229492], "s_path": [[0.0, 13.570826530456543], [0.03333243727684021, 13.51130199432373], [0.06666485220193863, 13.451343536376953], [0.10000110417604446, 13.390945434570312], [0.13333354890346527, 13.330123901367188], [0.16666598618030548, 13.268867492675781], [0.1999984085559845, 13.207179069519043], [0.23333466053009033, 13.145051956176758], [0.26666709780693054, 13.082498550415039], [0.29999950528144836, 13.019513130187988], [0.3333319425582886, 12.956094741821289], [0.3666681945323944, 12.89223575592041], [0.40000060200691223, 12.827953338623047]], "n": [-0.9989818432686303, -0.04511404237717804]}}