{"cracks": {"1": 1.0978464474218674}, "holes": {"0": 0.248581987203948, "1": 0.29335785202796644, "2": 0.22899425491017175, "3": 0.30489842528586286, "4": 0.29539631316740617, "5": 0.24076702833715913, "6": 0.30512940216607165, "7": 0.2702863890252603, "8": 0.24767387625268755}}