{"3": {"phi_c_k": 1.6463806550446236, "abs_cf": 0.8090346291539979, "tip": [52.132857700332856, 11.291247594836738], "cf": [-0.8074306723810878, 0.05091895981431094], "kappa_c": 0.005074489864622753, "k2": [-1.42223060131073, -0.8321506977081299, -0.7572426795959473, -0.7412717938423157, -0.7237222790718079], "k1": [48.74830627441406, 51.200260162353516, 51.47374725341797, 51.5692253112793, 51.61690902709961], "phi_c": 0.5814937048495925}}