{"0": {"sI_max": 16.0633487701416, "pos_max": [75.51795959472656, 6.180320739746094], "s_path": [[0.0, 16.0633487701416], [0.03333112969994545, 16.015769958496094], [0.06666988879442215, 15.967823028564453], [0.1000010296702385, 15.91952896118164], [0.13333216309547424, 15.870878219604492], [0.1666632890701294, 15.821870803833008], [0.2000020444393158, 15.77249526977539], [0.23333317041397095, 15.722773551940918], [0.2666642963886261, 15.67269515991211], [0.3000030517578125, 15.622246742248535], [0.33333417773246765, 15.571453094482422], [0.3666653037071228, 15.520303726196289], [0.39999642968177795, 15.468795776367188]], "n": [0.9995930283056496, -0.028526790263559254]}, "1": {"sI_max": 16.013042449951172, "pos_max": [19.925872802734375, 0.47074633836746216], "s_path": [[0.0, 16.013042449951172], [0.03333317115902901, 15.912312507629395], [0.06666634231805801, 15.810857772827148], [0.09999949485063553, 15.708681106567383], [0.13333263993263245, 15.605777740478516], [0.16666723787784576, 15.502145767211914], [0.20000039041042328, 15.397794723510742], [0.2333335429430008, 15.292718887329102], [0.2666667401790619, 15.186918258666992], [0.2999998927116394, 15.080394744873047], [0.3333330452442169, 14.973146438598633], [0.3666662275791168, 14.865174293518066], [0.39999938011169434, 14.756477355957031]], "n": [0.737406928457907, 0.6754487559114127]}, "2": {"sI_max": 14.118452072143555, "pos_max": [63.867130279541016, -4.056353569030762], "s_path": [[0.0, 14.118452072143555], [0.03333258256316185, 14.066287994384766], [0.06666506826877594, 14.0148344039917], [0.10000138729810715, 13.964086532592773], [0.1333339661359787, 13.914052963256836], [0.1666664481163025, 13.864730834960938], [0.19999903440475464, 13.816117286682129], [0.23333151638507843, 13.76821517944336], [0.26666784286499023, 13.721017837524414], [0.3000003695487976, 13.674535751342773], [0.33333295583724976, 13.628763198852539], [0.36666548252105713, 13.583700180053711], [0.40000176429748535, 13.539344787597656]], "n": [-0.9790661824456464, 0.2035421587566275]}, "3": {"sI_max": 19.969568252563477, "pos_max": [54.57671356201172, 3.3184866905212402], "s_path": [[0.0, 19.969568252563477], [0.03333235904574394, 19.88381576538086], [0.06666851043701172, 19.797832489013672], [0.10000086575746536, 19.711633682250977], [0.1333332061767578, 19.625213623046875], [0.16666556894779205, 19.538570404052734], [0.20000173151493073, 19.451696395874023], [0.23333407938480377, 19.364604949951172], [0.266666442155838, 19.277294158935547], [0.29999879002571106, 19.18975830078125], [0.33333495259284973, 19.101991653442383], [0.3666673004627228, 19.01401138305664], [0.3999996483325958, 18.925809860229492]], "n": [-0.9982975705072074, -0.05832632955542066]}, "4": {"sI_max": 0.4752503037452698, "pos_max": [24.35507583618164, 5.90898323059082], "s_path": [[0.0, 0.4752503037452698], [0.033332690596580505, 0.4915784001350403], [0.06666719168424606, 0.5078933835029602], [0.09999988228082657, 0.5241934061050415], [0.13333258032798767, 0.5404793620109558], [0.16666707396507263, 0.5567523837089539], [0.19999976456165314, 0.5730103850364685], [0.23333273828029633, 0.5892544388771057], [0.2666669487953186, 0.6054853200912476], [0.2999996542930603, 0.6217013597488403], [0.33333414793014526, 0.6379042863845825], [0.36666685342788696, 0.6540921926498413], [0.39999955892562866, 0.6702661514282227]], "n": [-0.7981884538397384, 0.6024078287646402]}, "5": {"sI_max": 13.169515609741211, "pos_max": [10.979053497314453, 5.117060661315918], "s_path": [[0.0, 13.169515609741211], [0.03333327919244766, 13.038527488708496], [0.0666668564081192, 12.909472465515137], [0.10000013560056686, 12.782356262207031], [0.13333307206630707, 12.657177925109863], [0.16666699945926666, 12.533931732177734], [0.19999992847442627, 12.412627220153809], [0.23333320021629333, 12.293258666992188], [0.2666667699813843, 12.175823211669922], [0.30000004172325134, 12.060328483581543], [0.33333298563957214, 11.946771621704102], [0.36666691303253174, 11.835145950317383], [0.39999985694885254, 11.725461959838867]], "n": [-0.6830218586429077, -0.7303979330584033]}, "6": {"sI_max": 22.221887588500977, "pos_max": [50.17189025878906, 12.279788970947266], "s_path": [[0.0, 22.221887588500977], [0.03333284705877304, 22.111900329589844], [0.06666569411754608, 22.002395629882812], [0.09999854117631912, 21.89337730407715], [0.1333352029323578, 21.784832000732422], [0.16666804254055023, 21.676788330078125], [0.20000088214874268, 21.569225311279297], [0.23333372175693512, 21.462146759033203], [0.26666656136512756, 21.35555648803711], [0.2999994158744812, 21.249454498291016], [0.33333227038383484, 21.14383316040039], [0.3666651248931885, 21.0386962890625], [0.40000179409980774, 20.934036254882812]], "n": [0.9999993687147862, 0.0011236414147258516]}, "7": {"sI_max": 9.194811820983887, "pos_max": [40.26244354248047, -15.42150592803955], "s_path": [[0.0, 9.194811820983887], [0.03333381190896034, 9.152828216552734], [0.06666743010282516, 9.11107063293457], [0.10000123828649521, 9.069534301757812], [0.13333505392074585, 9.028223037719727], [0.1666649430990219, 8.987138748168945], [0.19999875128269196, 8.946273803710938], [0.233332559466362, 8.905632019042969], [0.26666638255119324, 8.865214347839355], [0.30000001192092896, 8.825021743774414], [0.333333820104599, 8.785050392150879], [0.36666762828826904, 8.7453031539917], [0.40000125765800476, 8.705781936645508]], "n": [0.9802880470457682, -0.19757364403987102]}, "8": {"sI_max": 15.259296417236328, "pos_max": [45.15807342529297, -5.453153610229492], "s_path": [[0.0, 15.259296417236328], [0.03333243727684021, 15.197293281555176], [0.06666485220193863, 15.134629249572754], [0.10000110417604446, 15.071296691894531], [0.13333354890346527, 15.007309913635254], [0.16666598618030548, 14.942662239074707], [0.1999984085559845, 14.87735366821289], [0.23333466053009033, 14.81137466430664], [0.26666709780693054, 14.744742393493652], [0.29999950528144836, 14.677448272705078], [0.3333319425582886, 14.609493255615234], [0.3666681945323944, 14.540868759155273], [0.40000060200691223, 14.471590995788574]], "n": [-0.9989818432686303, -0.04511404237717804]}}