{"0": {"sI_max": 12.116300582885742, "pos_max": [75.49651336669922, 3.982686758041382], "s_path": [[0.0, 12.116300582885742], [0.03333659842610359, 12.072811126708984], [0.06666559725999832, 12.029280662536621], [0.10000219941139221, 11.985689163208008], [0.13333119451999664, 11.942054748535156], [0.16666778922080994, 11.898358345031738], [0.19999681413173676, 11.854620933532715], [0.23333337903022766, 11.810821533203125], [0.26666998863220215, 11.766969680786133], [0.2999989986419678, 11.723207473754883], [0.33333560824394226, 11.67984676361084], [0.3666646480560303, 11.636675834655762], [0.4000012278556824, 11.59367561340332]], "n": [0.9918754765262289, -0.12721257432292826]}, "1": {"sI_max": 0.2051510214805603, "pos_max": [23.384563446044922, -3.870612859725952], "s_path": [[0.0, 0.2051510214805603], [0.03333333879709244, 0.20445677638053894], [0.06666667759418488, 0.20376808941364288], [0.10000001639127731, 0.20308496057987213], [0.13333335518836975, 0.2024073600769043], [0.16666655242443085, 0.20173533260822296], [0.1999998837709427, 0.20106886327266693], [0.23333321511745453, 0.200407937169075], [0.26666656136512756, 0.1997525691986084], [0.2999998927116394, 0.19910277426242828], [0.33333322405815125, 0.19845852255821228], [0.3666665554046631, 0.19781982898712158], [0.3999998867511749, 0.197186678647995]], "n": [0.8230594899921193, 0.5679551707079639]}, "2": {"sI_max": 7.7645158767700195, "pos_max": [71.5280532836914, -14.308300971984863], "s_path": [[0.0, 7.7645158767700195], [0.03333400562405586, 7.748682975769043], [0.06666801124811172, 7.7328314781188965], [0.10000226646661758, 7.71696138381958], [0.13333627581596375, 7.70107364654541], [0.1666702777147293, 7.68516731262207], [0.1999969184398651, 7.66924524307251], [0.23333092033863068, 7.6533026695251465], [0.26666519045829773, 7.637340545654297], [0.2999992072582245, 7.621360778808594], [0.33333322405815125, 7.605362892150879], [0.366667240858078, 7.589346408843994], [0.40000149607658386, 7.5733113288879395]], "n": [0.9644855281089614, -0.26413569631607553]}, "3": {"sI_max": 0.07002700120210648, "pos_max": [54.578826904296875, 3.6539902687072754], "s_path": [[0.0, 0.07002700120210648], [0.033332377672195435, 0.07117003202438354], [0.06666857749223709, 0.07226355373859406], [0.10000095516443253, 0.07330729067325592], [0.13333334028720856, 0.07430139183998108], [0.166665717959404, 0.07524583488702774], [0.20000191032886505, 0.07614073902368546], [0.23333428800106049, 0.07698589563369751], [0.2666666805744171, 0.07778140157461166], [0.29999905824661255, 0.07852725684642792], [0.3333352506160736, 0.07922354340553284], [0.36666762828826904, 0.07987010478973389], [0.4000000059604645, 0.08046703040599823]], "n": [-0.9994411518630207, 0.03342729367924184]}, "4": {"sI_max": 1.0291883945465088, "pos_max": [27.63831329345703, 3.435183048248291], "s_path": [[0.0, 1.0291883945465088], [0.033333007246255875, 1.0159157514572144], [0.06666696071624756, 1.0026507377624512], [0.09999996423721313, 0.9893941283226013], [0.13333317637443542, 0.976145327091217], [0.1666671335697174, 0.9629045724868774], [0.20000013709068298, 0.9496719241142273], [0.23333314061164856, 0.936447262763977], [0.26666614413261414, 0.9232306480407715], [0.3000001013278961, 0.9100219011306763], [0.3333331048488617, 0.8968213796615601], [0.366666316986084, 0.8836287260055542], [0.40000027418136597, 0.8704440593719482]], "n": [0.4982363961695745, -0.8670412294302704]}, "5": {"sI_max": 0.049223393201828, "pos_max": [24.057411193847656, 13.571556091308594], "s_path": [[0.0, 0.049223393201828], [0.03333405405282974, 0.0487513393163681], [0.06666603684425354, 0.04827766492962837], [0.10000009089708328, 0.04780232533812523], [0.13333268463611603, 0.04732535406947136], [0.16666674613952637, 0.04684672877192497], [0.20000018179416656, 0.04636647179722786], [0.2333327829837799, 0.04588457569479942], [0.26666682958602905, 0.04540101811289787], [0.30000028014183044, 0.044915832579135895], [0.3333328664302826, 0.04442900791764259], [0.36666691303253174, 0.043940525501966476], [0.3999994993209839, 0.04345041513442993]], "n": [0.7630133038482612, -0.6463827798994656]}, "6": {"sI_max": 0.24413946270942688, "pos_max": [50.169837951660156, 12.197093963623047], "s_path": [[0.0, 0.24413946270942688], [0.033332839608192444, 0.2445083111524582], [0.06666567921638489, 0.24489068984985352], [0.09999851882457733, 0.24528677761554718], [0.1333351731300354, 0.24569647014141083], [0.16666801273822784, 0.24611981213092804], [0.2000008523464203, 0.24655677378177643], [0.23333369195461273, 0.2470073103904724], [0.2666665315628052, 0.24747157096862793], [0.2999993860721588, 0.24794934689998627], [0.33333224058151245, 0.24844084680080414], [0.3666650950908661, 0.24872128665447235], [0.40000176429748535, 0.23982766270637512]], "n": [0.9999995101918652, -0.0009897555403492505]}, "7": {"sI_max": 1.868940830230713, "pos_max": [36.65144348144531, -5.732722282409668], "s_path": [[0.0, 1.868940830230713], [0.0333334282040596, 1.8560307025909424], [0.0666671097278595, 1.8431329727172852], [0.1000005379319191, 1.8302477598190308], [0.133334219455719, 1.8173749446868896], [0.1666676551103592, 1.8045146465301514], [0.2000013291835785, 1.7916666269302368], [0.2333347648382187, 1.7788312435150146], [0.26666519045829773, 1.7660095691680908], [0.29999861121177673, 1.7531988620758057], [0.3333323001861572, 1.740400791168213], [0.36666572093963623, 1.7276149988174438], [0.3999994099140167, 1.7148418426513672]], "n": [0.8507463345763878, 0.5255765160324808]}, "8": {"sI_max": 1.4246933460235596, "pos_max": [51.235206604003906, -5.9973039627075195], "s_path": [[0.0, 1.4246933460235596], [0.033332157880067825, 1.4143227338790894], [0.06666736304759979, 1.4039573669433594], [0.09999951720237732, 1.3935984373092651], [0.13333438336849213, 1.3832447528839111], [0.1666668802499771, 1.3728973865509033], [0.19999903440475464, 1.362555980682373], [0.23333390057086945, 1.352219820022583], [0.26666638255119324, 1.3418900966644287], [0.30000126361846924, 1.331565499305725], [0.3333337604999542, 1.3212473392486572], [0.36666592955589294, 1.310935139656067], [0.40000081062316895, 1.3006280660629272]], "n": [0.7106082856140419, 0.7035878512429506]}}