{"cracks": {}, "holes": {"0": 3.835955229640445e-15, "1": 9.872093387799832e-15, "2": 5.8271301629334555e-15, "3": 6.636011452061898e-15, "4": 1.764977420661921e-14, "5": 8.385547663518143e-14, "6": 4.428149958447308e-15, "7": 3.24984747896534e-15, "8": 7.289869935182992e-15}}