{"0": {"sI_max": 16.03113555908203, "pos_max": [69.84992980957031, 4.1449785232543945], "s_path": [[0.0, 16.03113555908203], [0.03333278000354767, 15.96070671081543], [0.06666552275419235, 15.89025592803955], [0.09999830275774002, 15.819782257080078], [0.1333310455083847, 15.749286651611328], [0.16666382551193237, 15.678767204284668], [0.19999656081199646, 15.608227729797363], [0.233336940407753, 15.53764820098877], [0.26666972041130066, 15.467062950134277], [0.30000245571136475, 15.396455764770508], [0.3333352506160736, 15.325827598571777], [0.3666679859161377, 15.255176544189453], [0.40000078082084656, 15.184501647949219]], "n": [-0.9963397736945075, -0.08548131582034316]}, "1": {"sI_max": 14.212193489074707, "pos_max": [15.565269470214844, 2.498682737350464], "s_path": [[0.0, 14.212193489074707], [0.033333487808704376, 14.07252025604248], [0.06666683405637741, 13.934263229370117], [0.10000032186508179, 13.797422409057617], [0.13333304226398468, 13.661999702453613], [0.16666653752326965, 13.527987480163574], [0.1999998837709427, 13.395391464233398], [0.23333337903022766, 13.264209747314453], [0.26666685938835144, 13.134445190429688], [0.3000001907348633, 13.006094932556152], [0.33333367109298706, 12.879159927368164], [0.36666640639305115, 12.753644943237305], [0.3999998867511749, 12.629539489746094]], "n": [-0.7985930557372791, 0.6018713577901801]}, "2": {"sI_max": 14.508260726928711, "pos_max": [63.867130279541016, -4.056353569030762], "s_path": [[0.0, 14.508260726928711], [0.03333258256316185, 14.454612731933594], [0.06666506826877594, 14.400653839111328], [0.10000138729810715, 14.346378326416016], [0.1333339661359787, 14.291796684265137], [0.1666664481163025, 14.236906051635742], [0.19999903440475464, 14.181703567504883], [0.23333151638507843, 14.12619400024414], [0.26666784286499023, 14.070365905761719], [0.3000003695487976, 14.014232635498047], [0.33333295583724976, 13.957789421081543], [0.36666548252105713, 13.90103530883789], [0.40000176429748535, 13.843966484069824]], "n": [-0.9790661824456464, 0.2035421587566275]}, "3": {"sI_max": 20.030895233154297, "pos_max": [54.57671356201172, 3.3184866905212402], "s_path": [[0.0, 20.030895233154297], [0.03333235904574394, 19.935482025146484], [0.06666851043701172, 19.840036392211914], [0.10000086575746536, 19.74458885192871], [0.1333332061767578, 19.64912223815918], [0.16666556894779205, 19.55363655090332], [0.20000173151493073, 19.458127975463867], [0.23333407938480377, 19.36260986328125], [0.266666442155838, 19.267072677612305], [0.29999879002571106, 19.171520233154297], [0.33333495259284973, 19.075939178466797], [0.3666673004627228, 18.9803524017334], [0.3999996483325958, 18.884748458862305]], "n": [-0.9982975705072074, -0.05832632955542066]}, "4": {"sI_max": 19.108686447143555, "pos_max": [23.556297302246094, 3.128049850463867], "s_path": [[0.0, 19.108686447143555], [0.03333406522870064, 18.909950256347656], [0.06666633486747742, 18.718807220458984], [0.10000039637088776, 18.535245895385742], [0.13333266973495483, 18.35927963256836], [0.16666673123836517, 18.190895080566406], [0.2000007927417755, 18.03009605407715], [0.2333330661058426, 17.876893997192383], [0.26666712760925293, 17.731271743774414], [0.2999993860721588, 17.593242645263672], [0.33333346247673035, 17.46279525756836], [0.3666675388813019, 17.339937210083008], [0.39999979734420776, 17.22467041015625]], "n": [-0.9390788290253784, -0.34370183717333264]}, "5": {"sI_max": 25.998903274536133, "pos_max": [10.979053497314453, 5.117060661315918], "s_path": [[0.0, 25.998903274536133], [0.03333327919244766, 25.84888458251953], [0.0666668564081192, 25.710607528686523], [0.10000013560056686, 25.584056854248047], [0.13333307206630707, 25.46924591064453], [0.16666699945926666, 25.366172790527344], [0.19999992847442627, 25.274831771850586], [0.23333320021629333, 25.195220947265625], [0.2666667699813843, 25.127355575561523], [0.30000004172325134, 25.071216583251953], [0.33333298563957214, 25.026813507080078], [0.36666691303253174, 24.994150161743164], [0.39999985694885254, 24.97321891784668]], "n": [-0.6830218586429077, -0.7303979330584033]}, "6": {"sI_max": 18.055831909179688, "pos_max": [38.407806396484375, 1.103996992111206], "s_path": [[0.0, 18.055831909179688], [0.03333417326211929, 17.979351043701172], [0.06666834652423859, 17.90160369873047], [0.09999905526638031, 17.822599411010742], [0.13333317637443542, 17.742324829101562], [0.16666735708713531, 17.660785675048828], [0.2000015377998352, 17.57798194885254], [0.23333224654197693, 17.493919372558594], [0.2666664123535156, 17.408588409423828], [0.30000054836273193, 17.321990966796875], [0.33333471417427063, 17.234128952026367], [0.36666542291641235, 17.145008087158203], [0.39999955892562866, 17.05461883544922]], "n": [-0.9073745175979878, -0.42032307195039753]}, "7": {"sI_max": 16.084993362426758, "pos_max": [30.76356315612793, -1.2647348642349243], "s_path": [[0.0, 16.084993362426758], [0.033332668244838715, 15.990138053894043], [0.06666712462902069, 15.895706176757812], [0.09999975562095642, 15.801705360412598], [0.133334219455719, 15.708127975463867], [0.1666668951511383, 15.614983558654785], [0.19999957084655762, 15.522265434265137], [0.2333340346813202, 15.429972648620605], [0.2666666507720947, 15.33811092376709], [0.29999932646751404, 15.246676445007324], [0.3333337903022766, 15.15566635131836], [0.3666664659976959, 15.065089225769043], [0.4000009298324585, 14.974933624267578]], "n": [-0.9366632105067341, 0.35023139505649364]}, "8": {"sI_max": 14.691716194152832, "pos_max": [45.4073486328125, -4.174811840057373], "s_path": [[0.0, 14.691716194152832], [0.03333267197012901, 14.566272735595703], [0.06666513532400131, 14.443233489990234], [0.10000123828649521, 14.32258415222168], [0.13333390653133392, 14.204340934753418], [0.16666637361049652, 14.088497161865234], [0.19999904930591583, 13.975052833557129], [0.23333172500133514, 13.864006042480469], [0.2666676342487335, 13.755355834960938], [0.30000030994415283, 13.649107933044434], [0.33333277702331543, 13.54526138305664], [0.36666545271873474, 13.443811416625977], [0.40000155568122864, 13.344755172729492]], "n": [-0.8995300912727393, 0.4368588043004942]}}