{"0": {"x0": [0, 0], "n0": [1, 0], "da": [10.0, 3.0, 2.359142857142857], "kappa": [0, 0, 0], "dphi": [0, -2.5230197435629687, 6.726512522057927], "is_active": 0, "close_hole": []}, "1": {"x0": [36.44200045746768, 11.49106486143802], "n0": [0.9884492446753604, -0.15155227052310832], "da": [2.0, 4.716285714285714], "kappa": [0, 0], "dphi": [0, -4.081918294326007], "is_active": 0, "close_hole": [6]}, "2": {"x0": [23.371371732435374, 3.908661339959407], "n0": [-0.9934834051870737, 0.1139768556238365], "da": [2.0, 3.0, 10.5, 3.0, 3.0], "kappa": [0, 0, 0, 0, 0], "dphi": [0, 2.5796276353750613, 1.9860817812158018, -304.5235348150642, 27.660243684466366], "is_active": 0, "close_hole": []}, "3": {"x0": [50.13820309930522, 11.437374329554542], "n0": [0.9973273005138173, -0.07306336735890193], "da": [2.0], "kappa": [0], "dphi": [0], "is_active": 1, "close_hole": []}}