{"0": {"kappa": [0, 0, 0], "is_active": 0, "da": [10.0, 3.0, 2.359142857142857], "n0": [1, 0], "dphi": [0, -2.5230197435629687, 6.726512522057927], "x0": [0, 0], "close_hole": []}, "1": {"kappa": [0, 0], "is_active": 0, "da": [2.0, 4.716285714285714], "n0": [0.9884492446753604, -0.15155227052310832], "dphi": [0, -4.081918294326007], "x0": [36.44200045746768, 11.49106486143802], "close_hole": [6]}, "2": {"kappa": [0, 0, 0, 0, 0], "is_active": 0, "da": [2.0, 3.0, 10.5, 3.0, 3.0], "n0": [-0.9934834051870737, 0.1139768556238365], "dphi": [0, 2.5796276353750613, 1.9860817812158018, -304.5235348150642, 27.660243684466366], "x0": [23.371371732435374, 3.908661339959407], "close_hole": []}, "3": {"kappa": [0, 0, 0], "is_active": 0, "da": [2.0, 3.0, 3.8591428571428574], "n0": [0.9973273005138173, -0.07306336735890193], "dphi": [0, 0.5814937048495925, -4.611111883905524], "x0": [50.13820309930522, 11.437374329554542], "close_hole": []}, "4": {"kappa": [0, 0], "is_active": 1, "da": [2.0, 3.0], "n0": [0.9919226601665011, -0.12684414156046814], "dphi": [0, 3.836390688538499], "x0": [65.26456431141794, 10.37014008659855], "close_hole": []}}