{"cracks": {"3": 1.2771523808612315}, "holes": {"0": 0.24885648206136407, "1": 0.0002869374199784822, "2": 0.19988469379942722, "3": 0.37180447299543956, "4": 0.00013152246491231984, "5": 0.006825867009294995, "6": 0.11059623021094696, "7": 0.09439142744013099, "8": 0.18026051903713786}}