{"1": {"phi_c_k": -3.4002124372006954, "abs_cf": 0.5978123437699402, "tip": [38.4188989468184, 11.187960320391802], "cf": [-0.5829590672485523, 0.13243233848425007], "kappa_c": -0.035621457016689895, "k2": [-0.5109184384346008, 1.441148042678833, 1.292067050933838, 1.3159399032592773, 1.3354588747024536], "k1": [40.63288116455078, 44.14331817626953, 44.18069076538086, 44.25774383544922, 44.29507064819336], "phi_c": -4.081918294326007}}