{"0": {"phi_c_k": 6.388110294702825, "abs_cf": 0.9884060939282431, "tip": [12.997091847922945, -0.13206231526755213], "cf": [-0.9857472921464705, -0.0724491721166487], "kappa_c": 0.039133263562179506, "k2": [-1.7477314472198486, -2.9961395263671875, -3.1387441158294678, -3.1798903942108154, -3.2083888053894043], "k1": [53.182708740234375, 56.17881393432617, 56.50931167602539, 56.627681732177734, 56.68987274169922], "phi_c": 6.726512522057927}}