{"4": {"phi_c_k": -7.829028403208244, "abs_cf": 0.8158901275862088, "tip": [70.24296995591494, 9.935873662655471], "cf": [-0.7997604107000171, 0.16143105577793904], "kappa_c": -0.04631464997365033, "k2": [2.2101564407348633, 3.3511149883270264, 3.4711785316467285, 3.514260768890381, 3.5468955039978027], "k1": [48.16498565673828, 50.524269104003906, 50.783050537109375, 50.876365661621094, 50.92644500732422], "phi_c": -7.9609019193475605}}