{"cracks": {"2": 0.8904148956130813}, "holes": {"0": 0.25184760683345914, "1": 0.24935959368258942, "2": 0.22104270709750834, "3": 0.31224931809693224, "4": 0.008014602643219912, "5": 0.20359083048864615, "6": 0.3470163443720879, "7": 0.14369840186271113, "8": 0.23870223713804886}}