{"cracks": {}, "holes": {"0": 0.28715374747258177, "1": 0.3250107211798702, "2": 0.26632456238181074, "3": 0.3707561700857866, "4": 0.45713292455028204, "5": 0.30486389485959015, "6": 0.4114084269933599, "7": 0.15813398627912262, "8": 0.329659853950469}}