{"cracks": {"2": 0.5837514417660826}, "holes": {"0": 0.23732587109981218, "1": 0.3188322385188691, "2": 0.20894992888315853, "3": 0.32531519885841514, "4": 0.0014122132775320252, "5": 0.04541030271753143, "6": 0.38649405497730727, "7": 0.13147452913887914, "8": 0.22887785992574733}}