{"0": {"sI_max": 19.820493698120117, "pos_max": [70.30201721191406, 6.742348670959473], "s_path": [[0.0, 19.820493698120117], [0.033330515027046204, 19.750774383544922], [0.06666787713766098, 19.683849334716797], [0.09999839216470718, 19.619735717773438], [0.13333575427532196, 19.55841636657715], [0.16666626930236816, 19.499906539916992], [0.19999678432941437, 19.444198608398438], [0.23333413898944855, 19.391284942626953], [0.26666465401649475, 19.341184616088867], [0.30000200867652893, 19.293874740600586], [0.33333253860473633, 19.249380111694336], [0.36667007207870483, 19.20767593383789], [0.4000003933906555, 19.16878318786621]], "n": [-0.9215724510831731, 0.3882064108236141]}, "1": {"sI_max": 0.269626647233963, "pos_max": [23.384563446044922, -3.870612859725952], "s_path": [[0.0, 0.269626647233963], [0.03333333879709244, 0.26748669147491455], [0.06666667759418488, 0.265340656042099], [0.10000001639127731, 0.26318857073783875], [0.13333335518836975, 0.2610304653644562], [0.16666655242443085, 0.2588663399219513], [0.1999998837709427, 0.2566961348056793], [0.23333321511745453, 0.25451987981796265], [0.26666656136512756, 0.25233757495880127], [0.2999998927116394, 0.2501492500305176], [0.33333322405815125, 0.247954860329628], [0.3666665554046631, 0.2457544207572937], [0.3999998867511749, 0.2435479462146759]], "n": [0.8230594899921193, 0.5679551707079639]}, "2": {"sI_max": 10.74912166595459, "pos_max": [71.70062255859375, -12.973690032958984], "s_path": [[0.0, 10.74912166595459], [0.03333374112844467, 10.736001968383789], [0.06666747480630875, 10.723005294799805], [0.10000121593475342, 10.710131645202637], [0.1333349496126175, 10.697381973266602], [0.16666868329048157, 10.684754371643066], [0.20000241696834564, 10.672248840332031], [0.23333615064620972, 10.659868240356445], [0.2666698694229126, 10.64760971069336], [0.30000361800193787, 10.635475158691406], [0.3333297073841095, 10.623464584350586], [0.36666345596313477, 10.61157512664795], [0.39999717473983765, 10.599809646606445]], "n": [0.9999726480726502, 0.007396154850448298]}, "3": {"sI_max": 0.16036689281463623, "pos_max": [64.96818542480469, 9.641851425170898], "s_path": [[0.0, 0.16036689281463623], [0.033332277089357376, 0.1857050657272339], [0.06666496396064758, 0.21088671684265137], [0.09999724477529526, 0.2359113097190857], [0.1333364099264145, 0.2607842683792114], [0.166669100522995, 0.2854955196380615], [0.20000137388706207, 0.3100496530532837], [0.23333406448364258, 0.33444729447364807], [0.26666635274887085, 0.3586878478527069], [0.2999986410140991, 0.3827716112136841], [0.33333131670951843, 0.4066988527774811], [0.3666636049747467, 0.43046900629997253], [0.40000277757644653, 0.4540872573852539]], "n": [0.902053494190907, -0.43162425049801767]}, "4": {"sI_max": 1.3900389671325684, "pos_max": [27.63831329345703, 3.435183048248291], "s_path": [[0.0, 1.3900389671325684], [0.033333007246255875, 1.380737543106079], [0.06666696071624756, 1.371474027633667], [0.09999996423721313, 1.3622483015060425], [0.13333317637443542, 1.3530606031417847], [0.1666671335697174, 1.3439106941223145], [0.20000013709068298, 1.3347985744476318], [0.23333314061164856, 1.325724720954895], [0.26666614413261414, 1.3166886568069458], [0.3000001013278961, 1.3076902627944946], [0.3333331048488617, 1.2987300157546997], [0.366666316986084, 1.2883436679840088], [0.40000027418136597, 1.2748898267745972]], "n": [0.4982363961695745, -0.8670412294302704]}, "5": {"sI_max": 0.10870663821697235, "pos_max": [24.057411193847656, 13.571556091308594], "s_path": [[0.0, 0.10870663821697235], [0.03333405405282974, 0.10767209529876709], [0.06666603684425354, 0.10663407295942307], [0.10000009089708328, 0.10559242218732834], [0.13333268463611603, 0.10454727709293365], [0.16666674613952637, 0.10349853336811066], [0.20000018179416656, 0.10244627296924591], [0.2333327829837799, 0.10139047354459763], [0.26666682958602905, 0.10033109039068222], [0.30000028014183044, 0.09926818311214447], [0.3333328664302826, 0.09820173680782318], [0.36666691303253174, 0.09713169932365417], [0.3999994993209839, 0.09605816751718521]], "n": [0.7630133038482612, -0.6463827798994656]}, "6": {"sI_max": 0.25806599855422974, "pos_max": [50.169837951660156, 12.197093963623047], "s_path": [[0.0, 0.25806599855422974], [0.033332839608192444, 0.2584180533885956], [0.06666567921638489, 0.25873324275016785], [0.09999851882457733, 0.25901171565055847], [0.1333351731300354, 0.2592534124851227], [0.16666801273822784, 0.25945836305618286], [0.2000008523464203, 0.25962650775909424], [0.23333369195461273, 0.2597578465938568], [0.2666665315628052, 0.25985246896743774], [0.2999993860721588, 0.2599102854728699], [0.33333224058151245, 0.259931355714798], [0.3666650950908661, 0.25967857241630554], [0.40000176429748535, 0.25033944845199585]], "n": [0.9999995101918652, -0.0009897555403492505]}, "7": {"sI_max": 2.050218105316162, "pos_max": [35.70867156982422, -4.3782854080200195], "s_path": [[0.0, 2.050218105316162], [0.03333199769258499, 2.0349671840667725], [0.06666698306798935, 2.0197219848632812], [0.09999898076057434, 2.0044848918914795], [0.13333426415920258, 1.9892534017562866], [0.16666626930236816, 1.9740301370620728], [0.20000125467777252, 1.9588125944137573], [0.2333332598209381, 1.943603277206421], [0.2666652500629425, 1.9284006357192993], [0.30000022053718567, 1.9132040739059448], [0.33333221077919006, 1.8980152606964111], [0.3666674792766571, 1.882832407951355], [0.3999994695186615, 1.8676574230194092]], "n": [0.7821388431305372, 0.6231041887729734]}, "8": {"sI_max": 2.139845848083496, "pos_max": [55.476707458496094, -17.500442504882812], "s_path": [[0.0, 2.139845848083496], [0.03333296626806259, 2.1346280574798584], [0.06666607409715652, 2.1295642852783203], [0.09999904036521912, 2.1246562004089355], [0.13333214819431305, 2.1199023723602295], [0.16666510701179504, 2.115304470062256], [0.19999821484088898, 2.1108603477478027], [0.2333349883556366, 2.106571674346924], [0.2666681110858917, 2.1024374961853027], [0.3000010848045349, 2.098459243774414], [0.3333340585231781, 2.0946357250213623], [0.3666671812534332, 2.0909664630889893], [0.4000001549720764, 2.0874528884887695]], "n": [0.99713287445479, -0.07567054038083691]}}