{"2": {"phi_c_k": 28.343658230594066, "abs_cf": 0.16091237865361518, "tip": [6.11327648281179, 2.2951424070159203], "cf": [0.024734420992899686, 0.1590000063588377], "kappa_c": 0.1609207747326352, "k2": [-2.5247385501861572, -3.4132251739501953, -3.880289316177368, -5.35183048248291, -10.15987777709961], "k1": [12.91999340057373, 19.80787467956543, 20.38311767578125, 18.49119758605957, 15.245930671691895], "phi_c": 27.660243684466366}}