{"0": {"sI_max": 17.59583282470703, "pos_max": [69.84992980957031, 4.1449785232543945], "s_path": [[0.0, 17.59583282470703], [0.03333278000354767, 17.48993492126465], [0.06666552275419235, 17.384784698486328], [0.09999830275774002, 17.280384063720703], [0.1333310455083847, 17.17673110961914], [0.16666382551193237, 17.07382583618164], [0.19999656081199646, 16.971670150756836], [0.233336940407753, 16.870237350463867], [0.26666972041130066, 16.769577026367188], [0.30000245571136475, 16.66966438293457], [0.3333352506160736, 16.570499420166016], [0.3666679859161377, 16.472084045410156], [0.40000078082084656, 16.37441635131836]], "n": [-0.9963397736945075, -0.08548131582034316]}, "1": {"sI_max": 0.010954895056784153, "pos_max": [15.999391555786133, -2.0248472690582275], "s_path": [[0.0, 0.010954895056784153], [0.03333371505141258, 0.010881396941840649], [0.06666664034128189, 0.01080499030649662], [0.10000035911798477, 0.010725671425461769], [0.13333328068256378, 0.010643444955348969], [0.16666699945926666, 0.01055830530822277], [0.19999992847442627, 0.010470258072018623], [0.23333364725112915, 0.010379298590123653], [0.26666656136512756, 0.01028543058782816], [0.3000001311302185, 0.010188650339841843], [0.3333330452442169, 0.010088963434100151], [0.3666667640209198, 0.009986362420022488], [0.3999996781349182, 0.00988085474818945]], "n": [-0.8327444189193302, -0.5536575952325654]}, "2": {"sI_max": 12.396498680114746, "pos_max": [63.867130279541016, -4.056353569030762], "s_path": [[0.0, 12.396498680114746], [0.03333258256316185, 12.359448432922363], [0.06666506826877594, 12.321917533874512], [0.10000138729810715, 12.28389835357666], [0.1333339661359787, 12.245401382446289], [0.1666664481163025, 12.206421852111816], [0.19999903440475464, 12.166960716247559], [0.23333151638507843, 12.127016067504883], [0.26666784286499023, 12.08658504486084], [0.3000003695487976, 12.045677185058594], [0.33333295583724976, 12.004284858703613], [0.36666548252105713, 11.962410926818848], [0.40000176429748535, 11.920050621032715]], "n": [-0.9790661824456464, 0.2035421587566275]}, "3": {"sI_max": 21.600841522216797, "pos_max": [65.30830383300781, 11.468788146972656], "s_path": [[0.0, 21.600841522216797], [0.03333530202507973, 21.500530242919922], [0.0666629746556282, 21.40009117126465], [0.09999826550483704, 21.29948616027832], [0.13333356380462646, 21.19873046875], [0.1666688621044159, 21.097829818725586], [0.19999653100967407, 20.996803283691406], [0.2333318293094635, 20.895605087280273], [0.26666712760925293, 20.79426383972168], [0.30000242590904236, 20.692771911621094], [0.33333009481430054, 20.591154098510742], [0.36666539311408997, 20.489368438720703], [0.4000006914138794, 20.387435913085938]], "n": [0.9999257983862435, 0.012181860351911438]}, "4": {"sI_max": -0.0006696766940876842, "pos_max": [28.21904754638672, 9.908315658569336], "s_path": [[0.0, -0.0006696766940876842], [0.033333417028188705, -0.0006184850353747606], [0.06666752696037292, -0.0005706156371161342], [0.09999963641166687, -0.0005260736797936261], [0.13333305716514587, -0.0004848273820243776], [0.1666671633720398, -0.0004469050036277622], [0.2000005841255188, -0.0004122891405131668], [0.23333269357681274, -0.00038100878009572625], [0.26666679978370667, -0.0003530315589159727], [0.30000022053718567, -0.00032836245372891426], [0.3333336412906647, -0.00030700722709298134], [0.36666643619537354, -0.00028899702010676265], [0.39999985694885254, -0.0002742732176557183]], "n": [-0.6849723481375022, 0.7285690648709952]}, "5": {"sI_max": 0.30457785725593567, "pos_max": [24.057411193847656, 13.571556091308594], "s_path": [[0.0, 0.30457785725593567], [0.03333405405282974, 0.30177053809165955], [0.06666603684425354, 0.2989543676376343], [0.10000009089708328, 0.296129047870636], [0.13333268463611603, 0.29329490661621094], [0.16666674613952637, 0.29045164585113525], [0.20000018179416656, 0.28759944438934326], [0.2333327829837799, 0.28473830223083496], [0.26666682958602905, 0.2818680703639984], [0.30000028014183044, 0.27898892760276794], [0.3333328664302826, 0.27610084414482117], [0.36666691303253174, 0.27320367097854614], [0.3999994993209839, 0.270297646522522]], "n": [0.7630133038482612, -0.6463827798994656]}, "6": {"sI_max": 0.13879922032356262, "pos_max": [45.65378189086914, 5.1772565841674805], "s_path": [[0.0, 0.13879922032356262], [0.03333444520831108, 0.15246641635894775], [0.06666608899831772, 0.16612718999385834], [0.10000085830688477, 0.1797839105129242], [0.1333325058221817, 0.19343407452106476], [0.16666695475578308, 0.20708002150058746], [0.19999860227108002, 0.22071956098079681], [0.2333330512046814, 0.2343549132347107], [0.26666781306266785, 0.24798506498336792], [0.2999994456768036, 0.26160866022109985], [0.3333338797092438, 0.2752280831336975], [0.3666655123233795, 0.28884103894233704], [0.3999999463558197, 0.3024498522281647]], "n": [0.7344337628282296, -0.6786803725009054]}, "7": {"sI_max": 2.882338047027588, "pos_max": [40.26244354248047, -15.42150592803955], "s_path": [[0.0, 2.882338047027588], [0.03333381190896034, 2.885958671569824], [0.06666743010282516, 2.889274835586548], [0.10000123828649521, 2.892284870147705], [0.13333505392074585, 2.894989252090454], [0.1666649430990219, 2.897387981414795], [0.19999875128269196, 2.8994812965393066], [0.233332559466362, 2.9012691974639893], [0.26666638255119324, 2.9027516841888428], [0.30000001192092896, 2.9039297103881836], [0.333333820104599, 2.9048008918762207], [0.36666762828826904, 2.905366897583008], [0.40000125765800476, 2.905628204345703]], "n": [0.9802880470457682, -0.19757364403987102]}, "8": {"sI_max": 9.57226276397705, "pos_max": [55.476707458496094, -17.500442504882812], "s_path": [[0.0, 9.57226276397705], [0.03333296626806259, 9.532021522521973], [0.06666607409715652, 9.492406845092773], [0.09999904036521912, 9.453428268432617], [0.13333214819431305, 9.415079116821289], [0.16666510701179504, 9.377363204956055], [0.19999821484088898, 9.340276718139648], [0.2333349883556366, 9.303820610046387], [0.2666681110858917, 9.267997741699219], [0.3000010848045349, 9.232809066772461], [0.3333340585231781, 9.198251724243164], [0.3666671812534332, 9.164323806762695], [0.4000001549720764, 9.131030082702637]], "n": [0.99713287445479, -0.07567054038083691]}}