{"0": {"sI_max": 15.869596481323242, "pos_max": [75.26026916503906, 7.450169086456299], "s_path": [[0.0, 15.869596481323242], [0.03333127498626709, 15.824268341064453], [0.06666967272758484, 15.778165817260742], [0.10000094771385193, 15.73129653930664], [0.13333241641521454, 15.683656692504883], [0.16666369140148163, 15.635248184204102], [0.20000189542770386, 15.586065292358398], [0.23333336412906647, 15.536115646362305], [0.26666462421417236, 15.485396385192871], [0.3000030219554901, 15.433900833129883], [0.3333342969417572, 15.381641387939453], [0.3666655719280243, 15.32861328125], [0.3999970555305481, 15.274812698364258]], "n": [0.9075818795192093, 0.41987513854523395]}, "1": {"sI_max": 0.014665346592664719, "pos_max": [23.384563446044922, -3.870612859725952], "s_path": [[0.0, 0.014665346592664719], [0.03333333879709244, 0.0164101030677557], [0.06666667759418488, 0.018166592344641685], [0.10000001639127731, 0.019934814423322678], [0.13333335518836975, 0.021714771166443825], [0.16666655242443085, 0.02350645139813423], [0.1999998837709427, 0.02530987188220024], [0.23333321511745453, 0.027125025168061256], [0.26666656136512756, 0.028951914981007576], [0.2999998927116394, 0.0307905375957489], [0.33333322405815125, 0.03264089301228523], [0.3666665554046631, 0.03450298309326172], [0.3999998867511749, 0.03637680411338806]], "n": [0.8230594899921193, 0.5679551707079639]}, "2": {"sI_max": 12.770586967468262, "pos_max": [63.867130279541016, -4.056353569030762], "s_path": [[0.0, 12.770586967468262], [0.03333258256316185, 12.72161865234375], [0.06666506826877594, 12.673370361328125], [0.10000138729810715, 12.625834465026855], [0.1333339661359787, 12.579019546508789], [0.1666664481163025, 12.532923698425293], [0.19999903440475464, 12.487545013427734], [0.23333151638507843, 12.44288444519043], [0.26666784286499023, 12.398937225341797], [0.3000003695487976, 12.355710983276367], [0.33333295583724976, 12.313203811645508], [0.36666548252105713, 12.271413803100586], [0.40000176429748535, 12.230337142944336]], "n": [-0.9790661824456464, 0.2035421587566275]}, "3": {"sI_max": 23.839763641357422, "pos_max": [54.57671356201172, 3.3184866905212402], "s_path": [[0.0, 23.839763641357422], [0.03333235904574394, 23.706995010375977], [0.06666851043701172, 23.574289321899414], [0.10000086575746536, 23.441675186157227], [0.1333332061767578, 23.30914306640625], [0.16666556894779205, 23.176687240600586], [0.20000173151493073, 23.044294357299805], [0.23333407938480377, 22.911996841430664], [0.266666442155838, 22.7797794342041], [0.29999879002571106, 22.64763832092285], [0.33333495259284973, 22.515562057495117], [0.3666673004627228, 22.38357925415039], [0.3999996483325958, 22.251676559448242]], "n": [-0.9982975705072074, -0.05832632955542066]}, "4": {"sI_max": 0.005185699090361595, "pos_max": [28.824581146240234, 4.2041120529174805], "s_path": [[0.0, 0.005185699090361595], [0.033333100378513336, 0.006747099570930004], [0.06666693836450577, 0.008316036313772202], [0.1000000387430191, 0.00989230815321207], [0.13333313167095184, 0.011476012878119946], [0.16666696965694427, 0.013067260384559631], [0.20000006258487701, 0.014665836468338966], [0.23333315551280975, 0.01627184823155403], [0.2666671872138977, 0.01788540743291378], [0.3000001013278961, 0.019506284967064857], [0.33333319425582886, 0.021134600043296814], [0.3666672110557556, 0.022770468145608902], [0.40000012516975403, 0.02441365085542202]], "n": [0.5880157118619987, -0.8088495055345135]}, "5": {"sI_max": 0.44120293855667114, "pos_max": [24.057411193847656, 13.571556091308594], "s_path": [[0.0, 0.44120293855667114], [0.03333405405282974, 0.4370154142379761], [0.06666603684425354, 0.43282005190849304], [0.10000009089708328, 0.42861640453338623], [0.13333268463611603, 0.4244048595428467], [0.16666674613952637, 0.4201850891113281], [0.20000018179416656, 0.4159573018550873], [0.2333327829837799, 0.4117215573787689], [0.26666682958602905, 0.40747758746147156], [0.30000028014183044, 0.4032256603240967], [0.3333328664302826, 0.3989656865596771], [0.36666691303253174, 0.39469751715660095], [0.3999994993209839, 0.3904215097427368]], "n": [0.7630133038482612, -0.6463827798994656]}, "6": {"sI_max": 6.387138843536377, "pos_max": [49.99955749511719, 13.617292404174805], "s_path": [[0.0, 6.387138843536377], [0.03333340212702751, 6.702447891235352], [0.06666703522205353, 7.007593631744385], [0.10000044107437134, 7.302567481994629], [0.13333407044410706, 7.58737850189209], [0.16666747629642487, 7.86201810836792], [0.20000088214874268, 8.126490592956543], [0.2333345115184784, 8.380799293518066], [0.266667902469635, 8.60593032836914], [0.3000012934207916, 8.691494941711426], [0.33333492279052734, 8.775569915771484], [0.36666831374168396, 8.858154296875], [0.3999982476234436, 8.93924331665039]], "n": [0.9696529738052092, 0.24448539913605116]}, "7": {"sI_max": 6.017275333404541, "pos_max": [40.26244354248047, -15.42150592803955], "s_path": [[0.0, 6.017275333404541], [0.03333381190896034, 6.000977516174316], [0.06666743010282516, 5.984649658203125], [0.10000123828649521, 5.968289375305176], [0.13333505392074585, 5.951896667480469], [0.1666649430990219, 5.935474872589111], [0.19999875128269196, 5.91901969909668], [0.233332559466362, 5.902532577514648], [0.26666638255119324, 5.886014461517334], [0.30000001192092896, 5.869465351104736], [0.333333820104599, 5.852884292602539], [0.36666762828826904, 5.836270332336426], [0.40000125765800476, 5.81962776184082]], "n": [0.9802880470457682, -0.19757364403987102]}, "8": {"sI_max": 11.526737213134766, "pos_max": [55.476707458496094, -17.500442504882812], "s_path": [[0.0, 11.526737213134766], [0.03333296626806259, 11.477627754211426], [0.06666607409715652, 11.42919921875], [0.09999904036521912, 11.381460189819336], [0.13333214819431305, 11.334402084350586], [0.16666510701179504, 11.288032531738281], [0.19999821484088898, 11.242342948913574], [0.2333349883556366, 11.197338104248047], [0.2666681110858917, 11.153018951416016], [0.3000010848045349, 11.109389305114746], [0.3333340585231781, 11.066444396972656], [0.3666671812534332, 11.024179458618164], [0.4000001549720764, 10.982603073120117]], "n": [0.99713287445479, -0.07567054038083691]}}