{"cracks": {}, "holes": {"0": 0.3294310306800766, "1": 0.003349821365008035, "2": 0.24641333836364024, "3": 0.42944268117692014, "4": 0.01970428774013932, "5": 0.003490494693804939, "6": 0.002263148445924715, "7": 0.03024397899354642, "8": 0.11267588481944608}}