{"3": {"phi_c_k": -3.6770629491205633, "abs_cf": 0.8374602482569988, "tip": [55.12691003116601, 11.102433823536652], "cf": [-0.8288573926887466, 0.11972923617850029], "kappa_c": -0.026826361517329974, "k2": [-0.5668914318084717, 1.5109082460403442, 1.63798189163208, 1.6746283769607544, 1.7040603160858154], "k1": [48.08637237548828, 51.70396423339844, 51.96759033203125, 52.0625, 52.111900329589844], "phi_c": -4.611111883905524}}