{"0": {"sI_max": 18.557050704956055, "pos_max": [69.88089752197266, 3.677820920944214], "s_path": [[0.0, 18.557050704956055], [0.033331770449876785, 18.381248474121094], [0.06666354089975357, 18.20800018310547], [0.10000255703926086, 18.037277221679688], [0.13333432376384735, 17.869138717651367], [0.16666609048843384, 17.703556060791016], [0.19999785721302032, 17.54052734375], [0.23333688080310822, 17.38002586364746], [0.2666686475276947, 17.222108840942383], [0.3000004291534424, 17.066743850708008], [0.33333221077919006, 16.9139347076416], [0.36666399240493774, 16.763681411743164], [0.40000301599502563, 16.615957260131836]], "n": [-0.9501378375677735, -0.3118302256389453]}, "1": {"sI_max": 20.907358169555664, "pos_max": [24.773860931396484, -6.299100875854492], "s_path": [[0.0, 20.907358169555664], [0.0333334319293499, 20.75754165649414], [0.0666668638586998, 20.60781478881836], [0.1000002920627594, 20.458181381225586], [0.1333337277173996, 20.308639526367188], [0.1666671633720398, 20.159191131591797], [0.20000059902668, 20.00983428955078], [0.2333340346813202, 19.86056900024414], [0.2666674554347992, 19.71139907836914], [0.3000008761882782, 19.562416076660156], [0.33333244919776917, 19.429607391357422], [0.36666586995124817, 19.29680633544922], [0.3999992907047272, 19.164024353027344]], "n": [0.9666794216093827, 0.2559900307374279]}, "2": {"sI_max": 17.179584503173828, "pos_max": [63.817710876464844, -3.944248676300049], "s_path": [[0.0, 17.179584503173828], [0.03333345800638199, 17.03396224975586], [0.0666668638586998, 16.8870906829834], [0.10000032186508179, 16.73897361755371], [0.1333337277173996, 16.5896053314209], [0.16666719317436218, 16.438987731933594], [0.20000065863132477, 16.28712272644043], [0.23333406448364258, 16.134010314941406], [0.26666751503944397, 15.97964859008789], [0.30000096559524536, 15.8240385055542], [0.33333438634872437, 15.709613800048828], [0.36666783690452576, 15.608826637268066], [0.40000125765800476, 15.507914543151855]], "n": [-0.9756055963614175, 0.21953068202026546]}, "3": {"sI_max": 23.852848052978516, "pos_max": [54.62123107910156, 2.750539779663086], "s_path": [[0.0, 23.852848052978516], [0.033334698528051376, 23.680543899536133], [0.0666656345129013, 23.50840187072754], [0.10000033676624298, 23.33638572692871], [0.13333503901958466, 23.16451072692871], [0.1666659712791443, 22.992794036865234], [0.20000067353248596, 22.821203231811523], [0.23333166539669037, 22.64977264404297], [0.26666632294654846, 22.478466033935547], [0.30000102519989014, 22.307302474975586], [0.33333200216293335, 22.13629722595215], [0.36666664481163025, 21.965417861938477], [0.4000013470649719, 21.794679641723633]], "n": [-0.9730495523684273, -0.23059611582939404]}, "4": {"sI_max": 29.59902572631836, "pos_max": [23.369384765625, 3.9088892936706543], "s_path": [[0.0, 29.59902572631836], [0.03333260864019394, 29.292652130126953], [0.0666671097278595, 28.986587524414062], [0.09999971836805344, 28.680864334106445], [0.133334219455719, 28.375446319580078], [0.16666685044765472, 28.07036590576172], [0.19999945163726807, 27.76561164855957], [0.23333396017551422, 27.461162567138672], [0.26666656136512756, 27.157054901123047], [0.2999991774559021, 26.853267669677734], [0.33333367109298706, 26.549789428710938], [0.3666662871837616, 26.246646881103516], [0.40000078082084656, 25.943815231323242]], "n": [-0.9934834051870737, 0.1139768556238365]}, "5": {"sI_max": 19.872203826904297, "pos_max": [24.79621124267578, 14.978788375854492], "s_path": [[0.0, 19.872203826904297], [0.03333253040909767, 19.601490020751953], [0.06666678190231323, 19.33219337463379], [0.0999993085861206, 19.064355850219727], [0.13333356380462646, 18.797941207885742], [0.16666609048843384, 18.532983779907227], [0.2000003457069397, 18.269447326660156], [0.23333287239074707, 18.079971313476562], [0.26666712760925293, 17.93091583251953], [0.2999996542930603, 17.782405853271484], [0.33333390951156616, 17.634424209594727], [0.36666643619537354, 17.48699188232422], [0.4000006914138794, 17.340087890625]], "n": [0.9857065494158188, -0.16847135791807394]}, "6": {"sI_max": 26.407981872558594, "pos_max": [50.14019775390625, 11.437228202819824], "s_path": [[0.0, 26.407981872558594], [0.033334191888570786, 26.246307373046875], [0.0666683167219162, 26.085567474365234], [0.09999870508909225, 25.925779342651367], [0.13333289325237274, 25.76690673828125], [0.16666708886623383, 25.608966827392578], [0.20000120997428894, 25.451961517333984], [0.2333315908908844, 25.29590606689453], [0.2666657865047455, 25.140769958496094], [0.29999998211860657, 24.9865665435791], [0.3333341181278229, 24.833297729492188], [0.36666831374168396, 24.680957794189453], [0.3999986946582794, 24.52957534790039]], "n": [0.9973273005138173, -0.07306336735890193]}, "7": {"sI_max": 10.154669761657715, "pos_max": [30.79935073852539, -0.9809210300445557], "s_path": [[0.0, 10.154669761657715], [0.033332955092191696, 10.090072631835938], [0.06666591018438339, 10.026586532592773], [0.10000048577785492, 9.964208602905273], [0.13333344459533691, 9.902945518493652], [0.1666664034128189, 9.842792510986328], [0.1999993622303009, 9.78375244140625], [0.23333393037319183, 9.725818634033203], [0.26666688919067383, 9.669000625610352], [0.29999983310699463, 9.613293647766113], [0.33333277702331543, 9.558698654174805], [0.36666738986968994, 9.50521183013916], [0.40000030398368835, 9.452838897705078]], "n": [-0.8630122788990778, 0.5051829435654182]}, "8": {"sI_max": 21.413063049316406, "pos_max": [45.152164459228516, -4.530043601989746], "s_path": [[0.0, 21.413063049316406], [0.03333442658185959, 21.158445358276367], [0.06666500866413116, 20.904075622558594], [0.09999943524599075, 20.649892807006836], [0.13333386182785034, 20.39592742919922], [0.16666825115680695, 20.142183303833008], [0.1999988704919815, 19.888683319091797], [0.2333332598209381, 19.6353759765625], [0.2666676938533783, 19.382282257080078], [0.29999831318855286, 19.164039611816406], [0.33333268761634827, 18.957733154296875], [0.36666712164878845, 18.751962661743164], [0.40000155568122864, 18.546730041503906]], "n": [-0.9965190908553213, 0.08336487006457662]}}