{"0": {"sI_max": 21.25686264038086, "pos_max": [69.88089752197266, 3.677820920944214], "s_path": [[0.0, 21.25686264038086], [0.033331770449876785, 21.071613311767578], [0.06666354089975357, 20.888526916503906], [0.10000255703926086, 20.70757293701172], [0.13333432376384735, 20.52880859375], [0.16666609048843384, 20.352210998535156], [0.19999785721302032, 20.177772521972656], [0.23333688080310822, 20.00546646118164], [0.2666686475276947, 19.835351943969727], [0.3000004291534424, 19.667400360107422], [0.33333221077919006, 19.50161361694336], [0.36666399240493774, 19.33798599243164], [0.40000301599502563, 19.176490783691406]], "n": [-0.9501378375677735, -0.3118302256389453]}, "1": {"sI_max": 0.21670424938201904, "pos_max": [23.32782745361328, -3.7828588485717773], "s_path": [[0.0, 0.21670424938201904], [0.03333287686109543, 0.21455416083335876], [0.06666719168424606, 0.21240918338298798], [0.10000006854534149, 0.21026957035064697], [0.13333295285701752, 0.20813517272472382], [0.1666674017906189, 0.20600584149360657], [0.20000015199184418, 0.2038818895816803], [0.2333330363035202, 0.20176316797733307], [0.2666674852371216, 0.19964951276779175], [0.30000022053718567, 0.1975412219762802], [0.3333331048488617, 0.19543814659118652], [0.3666659891605377, 0.19334030151367188], [0.40000030398368835, 0.19124753773212433]], "n": [0.824850915584615, 0.5653503047308124]}, "2": {"sI_max": 15.899322509765625, "pos_max": [63.817710876464844, -3.944248676300049], "s_path": [[0.0, 15.899322509765625], [0.03333345800638199, 15.76245403289795], [0.0666668638586998, 15.624587059020996], [0.10000032186508179, 15.485722541809082], [0.1333337277173996, 15.345860481262207], [0.16666719317436218, 15.205001831054688], [0.20000065863132477, 15.06314468383789], [0.23333406448364258, 14.92029094696045], [0.26666751503944397, 14.776440620422363], [0.30000096559524536, 14.631591796875], [0.33333438634872437, 14.53372573852539], [0.36666783690452576, 14.443817138671875], [0.40000125765800476, 14.353747367858887]], "n": [-0.9756055963614175, 0.21953068202026546]}, "3": {"sI_max": 27.579055786132812, "pos_max": [65.26654815673828, 10.36988639831543], "s_path": [[0.0, 27.579055786132812], [0.033335085958242416, 27.404136657714844], [0.06667005270719528, 27.22914695739746], [0.09999757260084152, 27.054128646850586], [0.1333325356245041, 26.87900733947754], [0.1666676253080368, 26.703811645507812], [0.20000259578227997, 26.528553009033203], [0.2333301156759262, 26.353261947631836], [0.2666650712490082, 26.177867889404297], [0.3000001609325409, 26.002403259277344], [0.33333513140678406, 25.826873779296875], [0.3666702210903168, 25.651275634765625], [0.39999762177467346, 25.475645065307617]], "n": [0.9919226601665011, -0.12684414156046814]}, "4": {"sI_max": 1.278334379196167, "pos_max": [28.314205169677734, 3.8360002040863037], "s_path": [[0.0, 1.278334379196167], [0.0333334356546402, 1.2639129161834717], [0.0666668713092804, 1.2494585514068604], [0.1000003069639206, 1.2349714040756226], [0.1333337426185608, 1.2204515933990479], [0.16666612029075623, 1.2058993577957153], [0.19999955594539642, 1.1913137435913086], [0.23333299160003662, 1.176695466041565], [0.266666442155838, 1.1620442867279053], [0.2999998927116394, 1.1473603248596191], [0.3333333432674408, 1.132643461227417], [0.3666667938232422, 1.117893934249878], [0.4000002443790436, 1.1031115055084229]], "n": [0.5588091969579837, -0.8292962567111788]}, "5": {"sI_max": 0.2289237678050995, "pos_max": [24.55203628540039, 14.231826782226562], "s_path": [[0.0, 0.2289237678050995], [0.033333681523799896, 0.22513635456562042], [0.06666736304759979, 0.2213512808084488], [0.099999338388443, 0.2175687551498413], [0.1333330273628235, 0.21378833055496216], [0.16666628420352936, 0.21001029014587402], [0.19999997317790985, 0.20623455941677094], [0.23333366215229034, 0.2024611532688141], [0.26666733622550964, 0.19869007170200348], [0.29999932646751404, 0.1950063854455948], [0.33333301544189453, 0.19197212159633636], [0.366666704416275, 0.18893860280513763], [0.4000003933906555, 0.1859057992696762]], "n": [0.8949751944303241, -0.44611590574020515]}, "6": {"sI_max": 0.15034867823123932, "pos_max": [50.163047790527344, 12.691730499267578], "s_path": [[0.0, 0.15034867823123932], [0.03333301469683647, 0.14452005922794342], [0.06666599959135056, 0.14348603785037994], [0.09999901056289673, 0.14331629872322083], [0.1333319991827011, 0.1430417150259018], [0.16666501760482788, 0.14266256988048553], [0.2000018209218979, 0.1421784907579422], [0.23333483934402466, 0.14080259203910828], [0.26666784286499023, 0.13901641964912415], [0.3000008165836334, 0.13726986944675446], [0.333333820104599, 0.1355631798505783], [0.3666667938232422, 0.1338961273431778], [0.39999979734420776, 0.13226892054080963]], "n": [0.9995369345279659, -0.030428876325569985]}, "7": {"sI_max": 1.9508566856384277, "pos_max": [35.611534118652344, -4.236364841461182], "s_path": [[0.0, 1.9508566856384277], [0.03333427011966705, 1.9342806339263916], [0.06666559725999832, 1.9177054166793823], [0.09999986737966537, 1.901128888130188], [0.13333414494991302, 1.8845518827438354], [0.1666654795408249, 1.8679759502410889], [0.19999945163726807, 1.8513987064361572], [0.23333372175693512, 1.8348208665847778], [0.2666679918766022, 1.8182427883148193], [0.29999932646751404, 1.8016657829284668], [0.3333336114883423, 1.7850871086120605], [0.36666789650917053, 1.7685084342956543], [0.3999992311000824, 1.7526592016220093]], "n": [0.7712963816110018, 0.6364761517243015]}, "8": {"sI_max": 7.249756336212158, "pos_max": [55.50525665283203, -17.8082332611084], "s_path": [[0.0, 7.249756336212158], [0.0333329476416111, 7.1965179443359375], [0.06666629761457443, 7.14438009262085], [0.09999924153089523, 7.093350887298584], [0.13333219289779663, 7.043424606323242], [0.16666553914546967, 6.994597911834717], [0.19999848306179047, 6.9468793869018555], [0.23333142697811127, 6.900263786315918], [0.26666849851608276, 6.854745388031006], [0.30000144243240356, 6.810338020324707], [0.33333438634872437, 6.767034530639648], [0.3666677474975586, 6.7248311042785645], [0.4000006914138794, 6.683734893798828]], "n": [0.9775618794603012, -0.21064845555105272]}}