{"cracks": {"2": 0.5695788955476286}, "holes": {"0": 0.25260741151783467, "1": 0.12454348890143921, "2": 0.20719334851919177, "3": 0.33343612684252155, "4": 0.0008388939200931003, "5": 0.006534496666315934, "6": 0.3660335981339203, "7": 0.1170251778562616, "8": 0.21215265245422332}}