{"cracks": {"4": 1.2822215512563515}, "holes": {"0": 0.33176110422821675, "1": 0.003032912434217483, "2": 0.1874520097691975, "3": 0.10347840766361983, "4": 0.020222684927154656, "5": 0.002317342042923157, "6": 0.004778668862180218, "7": 0.028795279788839567, "8": 0.07504268209606327}}