{"2": {"phi_c_k": 2.0306968897906783, "abs_cf": 0.579456319608265, "tip": [21.384404922061226, 4.136615051207079], "cf": [0.578069385677054, -0.04006758885819295], "kappa_c": 0.022511497856365286, "k2": [0.2931884527206421, -0.754764974117279, -0.7668021321296692, -0.7604986429214478, -0.7597475647926331], "k1": [40.61660385131836, 42.605255126953125, 42.81360626220703, 42.88323974609375, 42.91686248779297], "phi_c": 2.5796276353750613}}