{"cracks": {"4": 1.2643177191050814}, "holes": {"0": 0.18972645226954524, "1": 0.0032138539155711593, "2": 0.12196538777998571, "3": 0.0011400377485967248, "4": 0.015811697476581975, "5": 0.0007613702020792673, "6": 0.003862718543570294, "7": 0.029068599577715133, "8": 0.02214210896748722}}