{"cracks": {}, "holes": {"0": 0.29244247668137097, "1": 0.3514615372699985, "2": 0.2730571372950498, "3": 0.35338641479493693, "4": 0.40256175583271847, "5": 0.268418015111614, "6": 0.36452671188804214, "7": 0.348968821777974, "8": 0.3151183697828051}}