{"cracks": {"0": 1.411649468398413}, "holes": {"0": 0.24827221605941013, "1": 0.34510483076813514, "2": 0.2283886093416058, "3": 0.3137899058271538, "4": 0.31676240833957264, "5": 0.37778820042840916, "6": 0.2823203069466073, "7": 0.2591281558551165, "8": 0.22612638580204605}}