{"4": {"phi_c_k": 15.44039419334762, "abs_cf": 0.7928556502421654, "tip": [77.59469891725888, 8.451932532105863], "cf": [-0.7928506657656271, -0.002811390390675683], "kappa_c": 0.02702919770868635, "k2": [-6.6144537925720215, -6.9620795249938965, -7.009535312652588, -7.033056735992432, -7.046344757080078], "k1": [47.79560852050781, 49.620628356933594, 49.88212585449219, 49.97300720214844, 50.01970291137695], "phi_c": 11.614942142493023}}