{"0": {"sI_max": 15.867841720581055, "pos_max": [69.84992980957031, 4.1449785232543945], "s_path": [[0.0, 15.867841720581055], [0.03333278000354767, 15.804697036743164], [0.06666552275419235, 15.74136734008789], [0.09999830275774002, 15.677852630615234], [0.1333310455083847, 15.614155769348145], [0.16666382551193237, 15.550274848937988], [0.19999656081199646, 15.486209869384766], [0.233336940407753, 15.421945571899414], [0.26666972041130066, 15.357511520385742], [0.30000245571136475, 15.29289436340332], [0.3333352506160736, 15.228094100952148], [0.3666679859161377, 15.163106918334961], [0.40000078082084656, 15.097938537597656]], "n": [-0.9963397736945075, -0.08548131582034316]}, "1": {"sI_max": 22.20513153076172, "pos_max": [15.565269470214844, 2.498682737350464], "s_path": [[0.0, 22.20513153076172], [0.033333487808704376, 22.044002532958984], [0.06666683405637741, 21.88197135925293], [0.10000032186508179, 21.719030380249023], [0.13333304226398468, 21.555187225341797], [0.16666653752326965, 21.39043617248535], [0.1999998837709427, 21.224781036376953], [0.23333337903022766, 21.058216094970703], [0.26666685938835144, 20.890748977661133], [0.3000001907348633, 20.722375869750977], [0.33333367109298706, 20.55309295654297], [0.36666640639305115, 20.382909774780273], [0.3999998867511749, 20.21181869506836]], "n": [-0.7985930557372791, 0.6018713577901801]}, "2": {"sI_max": 14.591236114501953, "pos_max": [63.867130279541016, -4.056353569030762], "s_path": [[0.0, 14.591236114501953], [0.03333258256316185, 14.536092758178711], [0.06666506826877594, 14.480636596679688], [0.10000138729810715, 14.424861907958984], [0.1333339661359787, 14.368780136108398], [0.1666664481163025, 14.312387466430664], [0.19999903440475464, 14.255680084228516], [0.23333151638507843, 14.198660850524902], [0.26666784286499023, 14.14132308959961], [0.3000003695487976, 14.083678245544434], [0.33333295583724976, 14.025720596313477], [0.36666548252105713, 13.967451095581055], [0.40000176429748535, 13.908863067626953]], "n": [-0.9790661824456464, 0.2035421587566275]}, "3": {"sI_max": 20.089908599853516, "pos_max": [54.57671356201172, 3.3184866905212402], "s_path": [[0.0, 20.089908599853516], [0.03333235904574394, 19.99277687072754], [0.06666851043701172, 19.895660400390625], [0.10000086575746536, 19.798585891723633], [0.1333332061767578, 19.701536178588867], [0.16666556894779205, 19.604511260986328], [0.20000173151493073, 19.507503509521484], [0.23333407938480377, 19.410531997680664], [0.266666442155838, 19.313589096069336], [0.29999879002571106, 19.216672897338867], [0.33333495259284973, 19.11977195739746], [0.3666673004627228, 19.022907257080078], [0.3999996483325958, 18.926071166992188]], "n": [-0.9982975705072074, -0.05832632955542066]}, "4": {"sI_max": 20.30571174621582, "pos_max": [36.414955139160156, 11.556543350219727], "s_path": [[0.0, 20.30571174621582], [0.033333294093608856, 20.194995880126953], [0.06666658818721771, 20.08431625366211], [0.10000000894069672, 19.973678588867188], [0.13333331048488617, 19.863075256347656], [0.16666661202907562, 19.75250816345215], [0.19999991357326508, 19.641979217529297], [0.23333321511745453, 19.5314884185791], [0.2666666507720947, 19.421035766601562], [0.2999999523162842, 19.310619354248047], [0.33333325386047363, 19.200241088867188], [0.3666665554046631, 19.08989715576172], [0.3999999761581421, 18.979597091674805]], "n": [0.9909442572825585, -0.13427389529882053]}, "5": {"sI_max": 24.252840042114258, "pos_max": [10.979053497314453, 5.117060661315918], "s_path": [[0.0, 24.252840042114258], [0.03333327919244766, 24.101823806762695], [0.0666668564081192, 23.953840255737305], [0.10000013560056686, 23.80888557434082], [0.13333307206630707, 23.666961669921875], [0.16666699945926666, 23.52806854248047], [0.19999992847442627, 23.3922119140625], [0.23333320021629333, 23.259380340576172], [0.2666667699813843, 23.129581451416016], [0.30000004172325134, 23.0028133392334], [0.33333298563957214, 22.87907600402832], [0.36666691303253174, 22.75836944580078], [0.39999985694885254, 22.640697479248047]], "n": [-0.6830218586429077, -0.7303979330584033]}, "6": {"sI_max": 18.053997039794922, "pos_max": [38.407806396484375, 1.103996992111206], "s_path": [[0.0, 18.053997039794922], [0.03333417326211929, 17.97775650024414], [0.06666834652423859, 17.90022850036621], [0.09999905526638031, 17.821422576904297], [0.13333317637443542, 17.741329193115234], [0.16666735708713531, 17.659950256347656], [0.2000015377998352, 17.577287673950195], [0.23333224654197693, 17.493343353271484], [0.2666664123535156, 17.40811538696289], [0.30000054836273193, 17.32159996032715], [0.33333471417427063, 17.233802795410156], [0.36666542291641235, 17.144725799560547], [0.39999955892562866, 17.054359436035156]], "n": [-0.9073745175979878, -0.42032307195039753]}, "7": {"sI_max": 16.624542236328125, "pos_max": [30.76356315612793, -1.2647348642349243], "s_path": [[0.0, 16.624542236328125], [0.033332668244838715, 16.527132034301758], [0.06666712462902069, 16.430103302001953], [0.09999975562095642, 16.33346176147461], [0.133334219455719, 16.237197875976562], [0.1666668951511383, 16.14132308959961], [0.19999957084655762, 16.04582977294922], [0.2333340346813202, 15.950718879699707], [0.2666666507720947, 15.855995178222656], [0.29999932646751404, 15.7616548538208], [0.3333337903022766, 15.667694091796875], [0.3666664659976959, 15.57412052154541], [0.4000009298324585, 15.480927467346191]], "n": [-0.9366632105067341, 0.35023139505649364]}, "8": {"sI_max": 14.583878517150879, "pos_max": [45.4073486328125, -4.174811840057373], "s_path": [[0.0, 14.583878517150879], [0.03333267197012901, 14.459787368774414], [0.06666513532400131, 14.338120460510254], [0.10000123828649521, 14.21886920928955], [0.13333390653133392, 14.102043151855469], [0.16666637361049652, 13.987641334533691], [0.19999904930591583, 13.87565803527832], [0.23333172500133514, 13.766097068786621], [0.2666676342487335, 13.658955574035645], [0.30000030994415283, 13.554238319396973], [0.33333277702331543, 13.451944351196289], [0.36666545271873474, 13.352069854736328], [0.40000155568122864, 13.25461196899414]], "n": [-0.8995300912727393, 0.4368588043004942]}}