{"cracks": {"3": 1.2993952131176185}, "holes": {"0": 0.2741843976886308, "1": 0.00017040785507124119, "2": 0.19434342351572936, "3": 0.337518044428225, "4": -8.990235720662589e-06, "5": 0.004714731621657404, "6": 0.0026233811120325696, "7": 0.04557283490663539, "8": 0.14971371833403535}}