{"cracks": {"0": 1.3363874204000832}, "holes": {"0": 0.2506190458872066, "1": 0.21975253276644058, "2": 0.22712739029645598, "3": 0.3129129204459704, "4": 0.2952079682299544, "5": 0.4055016054518118, "6": 0.28234195326471495, "7": 0.2506997731193839, "8": 0.2277840042529351}}