{"0": {"sI_max": 18.902841567993164, "pos_max": [69.88089752197266, 3.677820920944214], "s_path": [[0.0, 18.902841567993164], [0.033331770449876785, 18.7217960357666], [0.06666354089975357, 18.543378829956055], [0.10000255703926086, 18.3675594329834], [0.13333432376384735, 18.19439697265625], [0.16666609048843384, 18.023862838745117], [0.19999785721302032, 17.855955123901367], [0.23333688080310822, 17.69064712524414], [0.2666686475276947, 17.527996063232422], [0.3000004291534424, 17.367971420288086], [0.33333221077919006, 17.210575103759766], [0.36666399240493774, 17.055805206298828], [0.40000301599502563, 16.903636932373047]], "n": [-0.9501378375677735, -0.3118302256389453]}, "1": {"sI_max": 22.58876609802246, "pos_max": [24.94623565673828, -7.894433975219727], "s_path": [[0.0, 22.58876609802246], [0.03333299979567528, 22.436304092407227], [0.06666605919599533, 22.284812927246094], [0.09999905526638031, 22.134286880493164], [0.1333339512348175, 21.984724044799805], [0.16666701436042786, 21.836137771606445], [0.20000001788139343, 21.688520431518555], [0.233333021402359, 21.5418701171875], [0.26666608452796936, 21.39619255065918], [0.29999908804893494, 21.251480102539062], [0.33333396911621094, 21.107728958129883], [0.3666670322418213, 20.96495246887207], [0.40000003576278687, 20.82314682006836]], "n": [0.9920406211433502, 0.12591825126452377]}, "2": {"sI_max": 17.618608474731445, "pos_max": [63.817710876464844, -3.944248676300049], "s_path": [[0.0, 17.618608474731445], [0.03333345800638199, 17.467025756835938], [0.0666668638586998, 17.31402587890625], [0.10000032186508179, 17.159605026245117], [0.1333337277173996, 17.003765106201172], [0.16666719317436218, 16.846508026123047], [0.20000065863132477, 16.687829971313477], [0.23333406448364258, 16.52773666381836], [0.26666751503944397, 16.366222381591797], [0.30000096559524536, 16.203290939331055], [0.33333438634872437, 16.086685180664062], [0.36666783690452576, 15.980913162231445], [0.40000125765800476, 15.874982833862305]], "n": [-0.9756055963614175, 0.21953068202026546]}, "3": {"sI_max": 22.762765884399414, "pos_max": [54.62123107910156, 2.750539779663086], "s_path": [[0.0, 22.762765884399414], [0.033334698528051376, 22.584680557250977], [0.0666656345129013, 22.407228469848633], [0.10000033676624298, 22.230382919311523], [0.13333503901958466, 22.054153442382812], [0.1666659712791443, 21.878562927246094], [0.20000067353248596, 21.70357322692871], [0.23333166539669037, 21.529220581054688], [0.26666632294654846, 21.355470657348633], [0.30000102519989014, 21.182340621948242], [0.33333200216293335, 21.009845733642578], [0.36666664481163025, 20.837955474853516], [0.4000013470649719, 20.666685104370117]], "n": [-0.9730495523684273, -0.23059611582939404]}, "4": {"sI_max": 25.924732208251953, "pos_max": [36.44397735595703, 11.490761756896973], "s_path": [[0.0, 25.924732208251953], [0.03333255648612976, 25.724834442138672], [0.06666511297225952, 25.5252685546875], [0.10000143945217133, 25.326019287109375], [0.13333414494991302, 25.127124786376953], [0.16666670143604279, 24.928569793701172], [0.19999925792217255, 24.730350494384766], [0.2333318144083023, 24.53246307373047], [0.2666681408882141, 24.33489227294922], [0.30000069737434387, 24.137680053710938], [0.33333325386047363, 23.940797805786133], [0.3666658103466034, 23.74425506591797], [0.3999985158443451, 23.548046112060547]], "n": [0.9884492446753604, -0.15155227052310832]}, "5": {"sI_max": 17.39647102355957, "pos_max": [11.10335922241211, 4.861996173858643], "s_path": [[0.0, 17.39647102355957], [0.03333338722586632, 17.208335876464844], [0.06666677445173264, 17.020381927490234], [0.10000016540288925, 16.832609176635742], [0.13333313167095184, 16.64501953125], [0.16666652262210846, 16.457611083984375], [0.19999991357326508, 16.2703857421875], [0.2333333045244217, 16.083341598510742], [0.2666666805744171, 15.896477699279785], [0.30000007152557373, 15.709795951843262], [0.3333330452442169, 15.523300170898438], [0.36666643619537354, 15.336981773376465], [0.39999982714653015, 15.150845527648926]], "n": [-0.47029557931954136, -0.8825089620352289]}, "6": {"sI_max": 23.512826919555664, "pos_max": [38.17217254638672, 1.8282140493392944], "s_path": [[0.0, 23.512826919555664], [0.03333349898457527, 23.314132690429688], [0.06666699796915054, 23.113872528076172], [0.10000049322843552, 22.912044525146484], [0.1333339959383011, 22.708650588989258], [0.16666749119758606, 22.50368881225586], [0.20000098645687103, 22.297164916992188], [0.233334481716156, 22.089069366455078], [0.2666679918766022, 21.879413604736328], [0.30000150203704834, 21.66818618774414], [0.3333350121974945, 21.45539665222168], [0.3666685223579407, 21.241039276123047], [0.3999982178211212, 21.0251407623291]], "n": [-0.9998653873975495, 0.01640753133009756]}, "7": {"sI_max": 22.31011199951172, "pos_max": [30.79935073852539, -0.9809210300445557], "s_path": [[0.0, 22.31011199951172], [0.033332955092191696, 22.219364166259766], [0.06666591018438339, 22.125995635986328], [0.10000048577785492, 22.030006408691406], [0.13333344459533691, 21.931394577026367], [0.1666664034128189, 21.83016014099121], [0.1999993622303009, 21.726303100585938], [0.23333393037319183, 21.61982536315918], [0.26666688919067383, 21.510725021362305], [0.29999983310699463, 21.399003982543945], [0.33333277702331543, 21.2846622467041], [0.36666738986968994, 21.167694091796875], [0.40000030398368835, 21.04810905456543]], "n": [-0.8630122788990778, 0.5051829435654182]}, "8": {"sI_max": 20.443286895751953, "pos_max": [45.152164459228516, -4.530043601989746], "s_path": [[0.0, 20.443286895751953], [0.03333442658185959, 20.21225357055664], [0.06666500866413116, 19.98179817199707], [0.09999943524599075, 19.75186538696289], [0.13333386182785034, 19.522485733032227], [0.16666825115680695, 19.293657302856445], [0.1999988704919815, 19.065406799316406], [0.2333332598209381, 18.83768081665039], [0.2666676938533783, 18.610506057739258], [0.29999831318855286, 18.403738021850586], [0.33333268761634827, 18.22023582458496], [0.36666712164878845, 18.037315368652344], [0.40000155568122864, 17.854976654052734]], "n": [-0.9965190908553213, 0.08336487006457662]}}