{"0": {"sI_max": 15.946502685546875, "pos_max": [69.84992980957031, 4.1449785232543945], "s_path": [[0.0, 15.946502685546875], [0.03333278000354767, 15.853597640991211], [0.06666552275419235, 15.761406898498535], [0.09999830275774002, 15.669933319091797], [0.1333310455083847, 15.579174995422363], [0.16666382551193237, 15.489130020141602], [0.19999656081199646, 15.399801254272461], [0.233336940407753, 15.311168670654297], [0.26666972041130066, 15.223270416259766], [0.30000245571136475, 15.136087417602539], [0.3333352506160736, 15.049620628356934], [0.3666679859161377, 14.963869094848633], [0.40000078082084656, 14.87883186340332]], "n": [-0.9963397736945075, -0.08548131582034316]}, "1": {"sI_max": 18.792404174804688, "pos_max": [24.938879013061523, -7.7934112548828125], "s_path": [[0.0, 18.792404174804688], [0.033333513885736465, 18.69595718383789], [0.06666702777147293, 18.600242614746094], [0.1000005379319191, 18.505260467529297], [0.13333405554294586, 18.411014556884766], [0.16666753590106964, 18.31749725341797], [0.1999991536140442, 18.224720001220703], [0.23333266377449036, 18.132673263549805], [0.2666661739349365, 18.04135513305664], [0.2999996840953827, 17.950775146484375], [0.33333319425582886, 17.860923767089844], [0.366666704416275, 17.771806716918945], [0.4000002145767212, 17.683422088623047]], "n": [0.9972900905880665, 0.0735695264008543]}, "2": {"sI_max": 14.62428092956543, "pos_max": [63.867130279541016, -4.056353569030762], "s_path": [[0.0, 14.62428092956543], [0.03333258256316185, 14.571355819702148], [0.06666506826877594, 14.518978118896484], [0.10000138729810715, 14.467142105102539], [0.1333339661359787, 14.415858268737793], [0.1666664481163025, 14.365121841430664], [0.19999903440475464, 14.314932823181152], [0.23333151638507843, 14.265291213989258], [0.26666784286499023, 14.216192245483398], [0.3000003695487976, 14.167644500732422], [0.33333295583724976, 14.119644165039062], [0.36666548252105713, 14.072193145751953], [0.40000176429748535, 14.02528190612793]], "n": [-0.9790661824456464, 0.2035421587566275]}, "3": {"sI_max": 19.509069442749023, "pos_max": [54.57671356201172, 3.3184866905212402], "s_path": [[0.0, 19.509069442749023], [0.03333235904574394, 19.42047882080078], [0.06666851043701172, 19.33182144165039], [0.10000086575746536, 19.243122100830078], [0.1333332061767578, 19.15436363220215], [0.16666556894779205, 19.0655460357666], [0.20000173151493073, 18.976665496826172], [0.23333407938480377, 18.887739181518555], [0.266666442155838, 18.798755645751953], [0.29999879002571106, 18.709716796875], [0.33333495259284973, 18.6206111907959], [0.3666673004627228, 18.531455993652344], [0.3999996483325958, 18.44224739074707]], "n": [-0.9982975705072074, -0.05832632955542066]}, "4": {"sI_max": 18.987548828125, "pos_max": [23.450679779052734, 3.528952121734619], "s_path": [[0.0, 18.987548828125], [0.033333923667669296, 18.85847282409668], [0.06666594743728638, 18.729955673217773], [0.09999987483024597, 18.601987838745117], [0.13333377242088318, 18.474571228027344], [0.16666579246520996, 18.34771728515625], [0.19999971985816956, 18.221406936645508], [0.23333364725112915, 18.095653533935547], [0.26666757464408875, 17.97045135498047], [0.2999995946884155, 17.845809936523438], [0.3333335220813751, 17.721717834472656], [0.36666741967201233, 17.598176956176758], [0.3999994397163391, 17.475196838378906]], "n": [-0.9954465793178792, -0.09532107702042344]}, "5": {"sI_max": 15.481934547424316, "pos_max": [24.71471405029297, 14.93305778503418], "s_path": [[0.0, 15.481934547424316], [0.03333353251218796, 15.373600006103516], [0.06666706502437592, 15.266149520874023], [0.10000059753656387, 15.159582138061523], [0.13333413004875183, 15.053897857666016], [0.16666577756404877, 14.949104309082031], [0.19999931752681732, 14.845189094543457], [0.23333285748958588, 14.742155075073242], [0.26666638255119324, 14.640007019042969], [0.2999999225139618, 14.538742065429688], [0.33333346247673035, 14.438361167907715], [0.3666670024394989, 14.338862419128418], [0.40000036358833313, 14.240248680114746]], "n": [0.9852160005323651, -0.17131676011123573]}, "6": {"sI_max": 19.635440826416016, "pos_max": [38.27180480957031, 2.343681812286377], "s_path": [[0.0, 19.635440826416016], [0.03333238884806633, 19.49142074584961], [0.06666851043701172, 19.34725570678711], [0.10000090301036835, 19.20297622680664], [0.13333329558372498, 19.058563232421875], [0.1666656881570816, 18.914020538330078], [0.2000017613172531, 18.769332885742188], [0.23333415389060974, 18.624530792236328], [0.2666665315628052, 18.479595184326172], [0.2999989092350006, 18.334531784057617], [0.3333350419998169, 18.189319610595703], [0.36666741967201233, 18.043994903564453], [0.39999979734420776, 17.89853858947754]], "n": [-0.9781555802557488, 0.2078741465756125]}, "7": {"sI_max": 17.33966064453125, "pos_max": [30.76356315612793, -1.2647348642349243], "s_path": [[0.0, 17.33966064453125], [0.033332668244838715, 17.238637924194336], [0.06666712462902069, 17.137598037719727], [0.09999975562095642, 17.036556243896484], [0.133334219455719, 16.935497283935547], [0.1666668951511383, 16.834440231323242], [0.19999957084655762, 16.733369827270508], [0.2333340346813202, 16.632287979125977], [0.2666666507720947, 16.531204223632812], [0.29999932646751404, 16.430110931396484], [0.3333337903022766, 16.329002380371094], [0.3666664659976959, 16.22789192199707], [0.4000009298324585, 16.126766204833984]], "n": [-0.9366632105067341, 0.35023139505649364]}, "8": {"sI_max": 15.846670150756836, "pos_max": [45.15807342529297, -5.453153610229492], "s_path": [[0.0, 15.846670150756836], [0.03333243727684021, 15.775069236755371], [0.06666485220193863, 15.703547477722168], [0.10000110417604446, 15.632097244262695], [0.13333354890346527, 15.560733795166016], [0.16666598618030548, 15.489448547363281], [0.1999984085559845, 15.418243408203125], [0.23333466053009033, 15.347108840942383], [0.26666709780693054, 15.27606201171875], [0.29999950528144836, 15.205093383789062], [0.3333319425582886, 15.134203910827637], [0.3666681945323944, 15.063386917114258], [0.40000060200691223, 14.992656707763672]], "n": [-0.9989818432686303, -0.04511404237717804]}}