{"0": {"kappa": [0, 0, 0], "is_active": 0, "da": [10.0, 3.0, 2.359142857142857], "n0": [1, 0], "dphi": [0, -2.5230197435629687, 6.726512522057927], "x0": [0, 0], "close_hole": []}}