{"4": {"phi_c_k": 4.976855476502087, "abs_cf": 0.8154696848270974, "tip": [67.24840963175095, 10.116451803477613], "cf": [-0.8139910545805833, 0.04908533319429864], "kappa_c": 0.03347882445392454, "k2": [-2.9130845069885254, -2.289687156677246, -2.2590088844299316, -2.256654739379883, -2.2494025230407715], "k1": [48.946136474609375, 51.36001968383789, 51.63434982299805, 51.73041534423828, 51.7789192199707], "phi_c": 3.836390688538499}}