{"0": {"sI_max": 21.301959991455078, "pos_max": [69.84992980957031, 4.1449785232543945], "s_path": [[0.0, 21.301959991455078], [0.03333278000354767, 21.168729782104492], [0.06666552275419235, 21.035558700561523], [0.09999830275774002, 20.902448654174805], [0.1333310455083847, 20.769399642944336], [0.16666382551193237, 20.636409759521484], [0.19999656081199646, 20.503480911254883], [0.233336940407753, 20.370582580566406], [0.26666972041130066, 20.237773895263672], [0.30000245571136475, 20.105026245117188], [0.3333352506160736, 19.97233772277832], [0.3666679859161377, 19.839712142944336], [0.40000078082084656, 19.70714569091797]], "n": [-0.9963397736945075, -0.08548131582034316]}, "1": {"sI_max": 0.1957796961069107, "pos_max": [23.384563446044922, -3.870612859725952], "s_path": [[0.0, 0.1957796961069107], [0.03333333879709244, 0.1940392106771469], [0.06666667759418488, 0.1923111379146576], [0.10000001639127731, 0.19059549272060394], [0.13333335518836975, 0.18889226019382477], [0.16666655242443085, 0.18720145523548126], [0.1999998837709427, 0.18552307784557343], [0.23333321511745453, 0.18385711312294006], [0.26666656136512756, 0.18220357596874237], [0.2999998927116394, 0.18056245148181915], [0.33333322405815125, 0.1789337545633316], [0.3666665554046631, 0.17731748521327972], [0.3999998867511749, 0.17571362853050232]], "n": [0.8230594899921193, 0.5679551707079639]}, "2": {"sI_max": 12.018315315246582, "pos_max": [63.867130279541016, -4.056353569030762], "s_path": [[0.0, 12.018315315246582], [0.03333258256316185, 11.951590538024902], [0.06666506826877594, 11.885397911071777], [0.10000138729810715, 11.819726943969727], [0.1333339661359787, 11.75459098815918], [0.1666664481163025, 11.689986228942871], [0.19999903440475464, 11.625909805297852], [0.23333151638507843, 11.562363624572754], [0.26666784286499023, 11.499340057373047], [0.3000003695487976, 11.436853408813477], [0.33333295583724976, 11.374895095825195], [0.36666548252105713, 11.31346607208252], [0.40000176429748535, 11.252561569213867]], "n": [-0.9790661824456464, 0.2035421587566275]}, "3": {"sI_max": 6.404816150665283, "pos_max": [64.94033813476562, 12.451689720153809], "s_path": [[0.0, 6.404816150665283], [0.033333975821733475, 6.482084274291992], [0.06666743010282516, 6.559427738189697], [0.10000140964984894, 6.636845111846924], [0.13333538174629211, 6.714336395263672], [0.1666688323020935, 6.791903018951416], [0.20000280439853668, 6.869544506072998], [0.2333303987979889, 6.947239875793457], [0.26666438579559326, 7.025030136108398], [0.29999783635139465, 7.106324195861816], [0.333331823348999, 7.250277996063232], [0.3666658103466034, 7.390711784362793], [0.3999992609024048, 7.527624607086182]], "n": [0.8372325282371136, 0.5468470477763329]}, "4": {"sI_max": 1.3002104759216309, "pos_max": [27.63831329345703, 3.435183048248291], "s_path": [[0.0, 1.3002104759216309], [0.033333007246255875, 1.2912338972091675], [0.06666696071624756, 1.2822465896606445], [0.09999996423721313, 1.273248553276062], [0.13333317637443542, 1.2642395496368408], [0.1666671335697174, 1.2552199363708496], [0.20000013709068298, 1.2461895942687988], [0.23333314061164856, 1.237148404121399], [0.26666614413261414, 1.228096604347229], [0.3000001013278961, 1.2190338373184204], [0.3333331048488617, 1.2099604606628418], [0.366666316986084, 1.1969058513641357], [0.40000027418136597, 1.1837232112884521]], "n": [0.4982363961695745, -0.8670412294302704]}, "5": {"sI_max": 0.14971087872982025, "pos_max": [24.057411193847656, 13.571556091308594], "s_path": [[0.0, 0.14971087872982025], [0.03333405405282974, 0.1483275592327118], [0.06666603684425354, 0.14693939685821533], [0.10000009089708328, 0.1455463320016861], [0.13333268463611603, 0.14414843916893005], [0.16666674613952637, 0.14274559915065765], [0.20000018179416656, 0.14133791625499725], [0.2333327829837799, 0.13992539048194885], [0.26666682958602905, 0.1385079175233841], [0.30000028014183044, 0.13708563148975372], [0.3333328664302826, 0.13565847277641296], [0.36666691303253174, 0.13422638177871704], [0.3999994993209839, 0.1327894926071167]], "n": [0.7630133038482612, -0.6463827798994656]}, "6": {"sI_max": 0.30147725343704224, "pos_max": [50.169837951660156, 12.197093963623047], "s_path": [[0.0, 0.30147725343704224], [0.033332839608192444, 0.30224448442459106], [0.06666567921638489, 0.3029581606388092], [0.09999851882457733, 0.303618460893631], [0.1333351731300354, 0.30422520637512207], [0.16666801273822784, 0.30477845668792725], [0.2000008523464203, 0.3052782118320465], [0.23333369195461273, 0.30572444200515747], [0.2666665315628052, 0.3061171770095825], [0.2999993860721588, 0.3064563572406769], [0.33333224058151245, 0.3067421019077301], [0.3666650950908661, 0.30672574043273926], [0.40000176429748535, 0.29640790820121765]], "n": [0.9999995101918652, -0.0009897555403492505]}, "7": {"sI_max": 1.8535767793655396, "pos_max": [35.70867156982422, -4.3782854080200195], "s_path": [[0.0, 1.8535767793655396], [0.03333199769258499, 1.839699625968933], [0.06666698306798935, 1.8258187770843506], [0.09999898076057434, 1.811936616897583], [0.13333426415920258, 1.7980505228042603], [0.16666626930236816, 1.7841631174087524], [0.20000125467777252, 1.770272135734558], [0.2333332598209381, 1.7563797235488892], [0.2666652500629425, 1.7424849271774292], [0.30000022053718567, 1.7285860776901245], [0.33333221077919006, 1.7146860361099243], [0.3666674792766571, 1.7007821798324585], [0.3999994695186615, 1.6868770122528076]], "n": [0.7821388431305372, 0.6231041887729734]}, "8": {"sI_max": 4.790153503417969, "pos_max": [55.476707458496094, -17.500442504882812], "s_path": [[0.0, 4.790153503417969], [0.03333296626806259, 4.773890972137451], [0.06666607409715652, 4.757929801940918], [0.09999904036521912, 4.742274284362793], [0.13333214819431305, 4.726920127868652], [0.16666510701179504, 4.7118706703186035], [0.19999821484088898, 4.6971235275268555], [0.2333349883556366, 4.682679176330566], [0.2666681110858917, 4.6685380935668945], [0.3000010848045349, 4.654702186584473], [0.3333340585231781, 4.641168594360352], [0.3666671812534332, 4.6279377937316895], [0.4000001549720764, 4.615011215209961]], "n": [0.99713287445479, -0.07567054038083691]}}