{"cracks": {"4": 1.2825520548341467}, "holes": {"0": 0.31045640992769874, "1": 0.00418469931533455, "2": 0.1691296820652297, "3": 0.0033319435732357973, "4": 0.021630006532344943, "5": 0.0016816906064646283, "6": 0.004081028803599941, "7": 0.031853385131737674, "8": 0.033588235588297016}}