{"2": {"phi_c_k": 1.524147163371466, "abs_cf": 0.39324798841950864, "tip": [18.391585449139516, 4.344055651140205], "cf": [0.39301345847457014, -0.013579464416807241], "kappa_c": 0.011554555432029804, "k2": [0.30249282717704773, -0.5139774680137634, -0.4898727834224701, -0.461336612701416, -0.4423679709434509], "k1": [32.82558059692383, 34.449790954589844, 34.61749267578125, 34.67083740234375, 34.695369720458984], "phi_c": 1.9860817812158018}}