{"0": {"sI_max": 19.605117797851562, "pos_max": [69.88089752197266, 3.677820920944214], "s_path": [[0.0, 19.605117797851562], [0.033331770449876785, 19.420894622802734], [0.06666354089975357, 19.239091873168945], [0.10000255703926086, 19.059682846069336], [0.13333432376384735, 18.88272476196289], [0.16666609048843384, 18.708187103271484], [0.19999785721302032, 18.536075592041016], [0.23333688080310822, 18.36635398864746], [0.2666686475276947, 18.199081420898438], [0.3000004291534424, 18.03423500061035], [0.33333221077919006, 17.871809005737305], [0.36666399240493774, 17.711803436279297], [0.40000301599502563, 17.5541934967041]], "n": [-0.9501378375677735, -0.3118302256389453]}, "1": {"sI_max": 0.44515228271484375, "pos_max": [24.953617095947266, -8.117313385009766], "s_path": [[0.0, 0.44515228271484375], [0.03333288058638573, 0.4465521275997162], [0.06666576117277145, 0.44784799218177795], [0.10000062733888626, 0.44903987646102905], [0.1333335041999817, 0.45012786984443665], [0.16666638851165771, 0.45111191272735596], [0.19999927282333374, 0.4519919455051422], [0.23333404958248138, 0.45276811718940735], [0.2666669189929962, 0.45344024896621704], [0.2999998927116394, 0.4540082812309265], [0.33333277702331543, 0.45447251200675964], [0.36666756868362427, 0.4548327922821045], [0.4000004529953003, 0.45508909225463867]], "n": [0.9961069069850921, 0.0881534449502295]}, "2": {"sI_max": 15.402034759521484, "pos_max": [63.817710876464844, -3.944248676300049], "s_path": [[0.0, 15.402034759521484], [0.03333345800638199, 15.272822380065918], [0.0666668638586998, 15.142509460449219], [0.10000032186508179, 15.011096954345703], [0.1333337277173996, 14.878584861755371], [0.16666719317436218, 14.744974136352539], [0.20000065863132477, 14.61026382446289], [0.23333406448364258, 14.474454879760742], [0.26666751503944397, 14.337544441223145], [0.30000096559524536, 14.199535369873047], [0.33333438634872437, 14.100069999694824], [0.36666783690452576, 14.012453079223633], [0.40000125765800476, 13.924701690673828]], "n": [-0.9756055963614175, 0.21953068202026546]}, "3": {"sI_max": 25.494369506835938, "pos_max": [54.62123107910156, 2.750539779663086], "s_path": [[0.0, 25.494369506835938], [0.033334698528051376, 25.31017303466797], [0.0666656345129013, 25.12587547302246], [0.10000033676624298, 24.94143295288086], [0.13333503901958466, 24.756872177124023], [0.1666659712791443, 24.572208404541016], [0.20000067353248596, 24.387399673461914], [0.23333166539669037, 24.20248794555664], [0.26666632294654846, 24.01743507385254], [0.30000102519989014, 23.832256317138672], [0.33333200216293335, 23.64698028564453], [0.36666664481163025, 23.461563110351562], [0.4000013470649719, 23.276016235351562]], "n": [-0.9730495523684273, -0.23059611582939404]}, "4": {"sI_max": -0.0020204277243465185, "pos_max": [28.314205169677734, 3.8360002040863037], "s_path": [[0.0, -0.0020204277243465185], [0.0333334356546402, 0.0002256021834909916], [0.0666668713092804, 0.0024701710790395737], [0.1000003069639206, 0.004713281989097595], [0.1333337426185608, 0.006954930257052183], [0.16666612029075623, 0.009195016697049141], [0.19999955594539642, 0.011433744803071022], [0.23333299160003662, 0.013671014457941055], [0.266666442155838, 0.015906820073723793], [0.2999998927116394, 0.018141169100999832], [0.3333333432674408, 0.020374054089188576], [0.3666667938232422, 0.02260548062622547], [0.4000002443790436, 0.02483544684946537]], "n": [0.5588091969579837, -0.8292962567111788]}, "5": {"sI_max": 0.578018307685852, "pos_max": [24.55203628540039, 14.231826782226562], "s_path": [[0.0, 0.578018307685852], [0.033333681523799896, 0.5687887668609619], [0.06666736304759979, 0.5595342516899109], [0.099999338388443, 0.550255298614502], [0.1333330273628235, 0.5409508943557739], [0.16666628420352936, 0.531621515750885], [0.19999997317790985, 0.5222671031951904], [0.23333366215229034, 0.5128877758979797], [0.26666733622550964, 0.5034834742546082], [0.29999932646751404, 0.4940764904022217], [0.33333301544189453, 0.4879467487335205], [0.366666704416275, 0.48182064294815063], [0.4000003933906555, 0.4756980538368225]], "n": [0.8949751944303241, -0.44611590574020515]}, "6": {"sI_max": 27.884803771972656, "pos_max": [50.14019775390625, 11.437228202819824], "s_path": [[0.0, 27.884803771972656], [0.033334191888570786, 27.719364166259766], [0.0666683167219162, 27.554710388183594], [0.09999870508909225, 27.39086151123047], [0.13333289325237274, 27.227779388427734], [0.16666708886623383, 27.06548309326172], [0.20000120997428894, 26.903972625732422], [0.2333315908908844, 26.743267059326172], [0.2666657865047455, 26.58332633972168], [0.29999998211860657, 26.424171447753906], [0.3333341181278229, 26.26580810546875], [0.36666831374168396, 26.108224868774414], [0.3999986946582794, 25.951446533203125]], "n": [0.9973273005138173, -0.07306336735890193]}, "7": {"sI_max": 8.214164733886719, "pos_max": [40.28429412841797, -15.706801414489746], "s_path": [[0.0, 8.214164733886719], [0.0333327017724514, 8.220590591430664], [0.0666654035449028, 8.225335121154785], [0.09999849647283554, 8.22839641571045], [0.133334681391716, 8.229784965515137], [0.1666673868894577, 8.229487419128418], [0.2000000923871994, 8.227507591247559], [0.23333318531513214, 8.223846435546875], [0.26666587591171265, 8.218505859375], [0.29999858140945435, 8.211484909057617], [0.3333347737789154, 8.202786445617676], [0.3666674792766571, 8.192402839660645], [0.40000057220458984, 8.180336952209473]], "n": [0.9137141747240723, -0.4063574865906956]}, "8": {"sI_max": 18.0646915435791, "pos_max": [45.152164459228516, -4.530043601989746], "s_path": [[0.0, 18.0646915435791], [0.03333442658185959, 17.866918563842773], [0.06666500866413116, 17.669389724731445], [0.09999943524599075, 17.472061157226562], [0.13333386182785034, 17.274953842163086], [0.16666825115680695, 17.07806968688965], [0.1999988704919815, 16.881427764892578], [0.2333332598209381, 16.68498420715332], [0.2666676938533783, 16.4887638092041], [0.29999831318855286, 16.292787551879883], [0.33333268761634827, 16.128131866455078], [0.36666712164878845, 15.965107917785645], [0.40000155568122864, 15.802374839782715]], "n": [-0.9965190908553213, 0.08336487006457662]}}