{"cracks": {"2": 1.0808601708304506}, "holes": {"0": 0.2550585087480829, "1": 0.24276850040671474, "2": 0.226068266465144, "3": 0.3087915221574892, "4": 0.11444547936675688, "5": 0.21484506235605422, "6": 0.3752989132876555, "7": 0.140553640296467, "8": 0.2345757484361536}}