{"2": {"phi_c_k": 38.16785280652153, "abs_cf": 0.16901980989893417, "tip": [7.897847564889304, 4.706636975330909], "cf": [0.10054262168129213, 0.13586345116963727], "kappa_c": -0.5061846030794716, "k2": [-0.8316248059272766, -7.5201005935668945, -7.034231662750244, -6.79402494430542, -8.828573226928711], "k1": [9.537315368652344, 15.001769065856934, 14.90877914428711, 14.936773300170898, 15.00343132019043], "phi_c": -304.5235348150642}}