{"0": {"x0": [0, 0], "n0": [1, 0], "da": [10.0, 3.0, 2.359142857142857], "kappa": [0, 0, 0], "dphi": [0, -2.5230197435629687, 6.726512522057927], "is_active": 0, "close_hole": []}, "1": {"x0": [36.44200045746768, 11.49106486143802], "n0": [0.9884492446753604, -0.15155227052310832], "da": [2.0, 4.716285714285714], "kappa": [0, 0], "dphi": [0, -4.081918294326007], "is_active": 0, "close_hole": [6]}}