{"cracks": {}, "holes": {"0": 0.3034150551490988, "1": 0.007064117309914314, "2": 0.2388112678815624, "3": 0.39626556824422343, "4": 3.946650984868071e-05, "5": 0.008823375186012308, "6": 0.43458011696508553, "7": 0.1297378381109579, "8": 0.2786524166498542}}