{"1": {"phi_c_k": 0.35721886828735344, "abs_cf": 0.7780444875930321, "tip": [76.22329002406684, -16.37729724401326], "cf": [-0.7777217701074619, 0.022406984956035103], "kappa_c": 0.0027794928901413232, "k2": [1.0303421020507812, -0.09048187732696533, -0.14206531643867493, -0.15768733620643616, -0.17020587623119354], "k1": [47.70532989501953, 50.21240997314453, 50.4886474609375, 50.583072662353516, 50.63021469116211], "phi_c": 0.47775963537515165}}