{"0": {"sI_max": 13.013221740722656, "pos_max": [34.651824951171875, -15.025712966918945], "s_path": [[0.0, 13.013221740722656], [0.03333459049463272, 12.982240676879883], [0.06666545569896698, 12.951273918151855], [0.1000000461935997, 12.92031478881836], [0.13333484530448914, 12.889368057250977], [0.1666657030582428, 12.858434677124023], [0.20000030100345612, 12.827507019042969], [0.23333489894866943, 12.79659366607666], [0.2666657567024231, 12.765691757202148], [0.3000003397464752, 12.734798431396484], [0.33333492279052734, 12.703916549682617], [0.366665780544281, 12.673048973083496], [0.40000057220458984, 12.642189025878906]], "n": [0.9777437725851422, 0.20980256235559605]}, "1": {"sI_max": 16.5956974029541, "pos_max": [33.096946716308594, 3.1067495346069336], "s_path": [[0.0, 16.5956974029541], [0.03333296626806259, 16.552114486694336], [0.06666599214076996, 16.50862693786621], [0.09999895840883255, 16.46523094177246], [0.13333192467689514, 16.42192840576172], [0.16666489839553833, 16.37871742248535], [0.20000162720680237, 16.33559799194336], [0.23333460092544556, 16.29257583618164], [0.26666757464408875, 16.249645233154297], [0.30000054836273193, 16.206809997558594], [0.3333335816860199, 16.164066314697266], [0.3666665554046631, 16.121416091918945], [0.3999995291233063, 16.078859329223633]], "n": [0.9697831672415502, -0.24396845807388165]}, "2": {"sI_max": 13.841864585876465, "pos_max": [46.2929801940918, -24.679588317871094], "s_path": [[0.0, 13.841864585876465], [0.033333830535411835, 13.79438591003418], [0.06666833907365799, 13.746885299682617], [0.0999986007809639, 13.699373245239258], [0.13333243131637573, 13.651838302612305], [0.1666669398546219, 13.60428237915039], [0.20000076293945312, 13.556711196899414], [0.23333527147769928, 13.509119033813477], [0.2666655480861664, 13.46151351928711], [0.2999993860721588, 13.413885116577148], [0.3333338797092438, 13.366236686706543], [0.3666677176952362, 13.318571090698242], [0.3999979794025421, 13.270892143249512]], "n": [-0.9347295138847059, -0.3553600088260653]}, "3": {"sI_max": 17.30301284790039, "pos_max": [39.811241149902344, 7.232762813568115], "s_path": [[0.0, 17.30301284790039], [0.033334534615278244, 17.270713806152344], [0.06666528433561325, 17.23828125], [0.0999998226761818, 17.205711364746094], [0.13333435356616974, 17.173002243041992], [0.16666510701179504, 17.140159606933594], [0.1999996453523636, 17.107179641723633], [0.23333418369293213, 17.07406234741211], [0.26666492223739624, 17.040813446044922], [0.2999994456768036, 17.007423400878906], [0.33333396911621094, 16.97389793395996], [0.3666684925556183, 16.940235137939453], [0.3999992311000824, 16.90643882751465]], "n": [-0.9933108935864653, 0.1154706399153377]}}