{"cracks": {}, "holes": {"0": 0.21070744224420887, "1": 0.28843382867548323, "2": 0.31063015023681056, "3": 0.288748590671265}}