{"2": {"phi_c_k": -89.79295521806439, "abs_cf": 0.003108391962019005, "tip": [26.14082122436323, -0.5218225291505219], "cf": [0.0008352376900314651, 0.002994073912029438], "kappa_c": 0.13284433899842718, "k2": [0.8613088726997375, 1.2109054327011108, 1.28590726852417, 1.3554575443267822, 1.3673852682113647], "k1": [-1.1881040334701538, -1.3461520671844482, -1.348176121711731, -1.340772032737732, -1.3411568403244019], "phi_c": 68.50277961133541}}