{"cracks": {}, "holes": {"0": 0.19494555002778538, "1": 0.25665584813833753, "2": 0.2584652657824105, "3": 0.3094119085954303}}