{"cracks": {"1": 0.9754301086847018}, "holes": {"0": 0.20427178045594857, "1": 0.260378652875803, "2": 0.21681718305258463, "3": 0.2718898264045205}}