{"0": {"sI_max": 5.0272016525268555, "pos_max": [29.861318588256836, -8.669509887695312], "s_path": [[0.0, 5.0272016525268555], [0.03333345800638199, 4.985876083374023], [0.06666691601276398, 4.944834232330322], [0.09999994188547134, 4.904076099395752], [0.13333339989185333, 4.863602638244629], [0.16666685044765472, 4.823413372039795], [0.20000030100345612, 4.78350830078125], [0.23333284258842468, 4.743887424468994], [0.2666662931442261, 4.704550266265869], [0.30000025033950806, 4.665495872497559], [0.33333370089530945, 4.626727104187012], [0.3666662275791168, 4.588243007659912], [0.3999996781349182, 4.550042629241943]], "n": [0.25675864587358876, 0.9664755546671426]}, "1": {"sI_max": 0.39215266704559326, "pos_max": [26.217958450317383, 1.4796197414398193], "s_path": [[0.0, 0.39215266704559326], [0.033333271741867065, 0.3766292333602905], [0.06666664779186249, 0.36131834983825684], [0.09999991953372955, 0.34622007608413696], [0.13333319127559662, 0.3339298665523529], [0.16666646301746368, 0.32277464866638184], [0.1999998390674591, 0.31127262115478516], [0.23333311080932617, 0.29942378401756287], [0.26666638255119324, 0.28589290380477905], [0.29999974370002747, 0.25306472182273865], [0.33333301544189453, 0.22932069003582], [0.3666662871837616, 0.2093806266784668], [0.3999996483325958, 0.18745990097522736]], "n": [-0.4904956721044926, -0.8714436273487586]}, "2": {"sI_max": 0.09730933606624603, "pos_max": [60.096763610839844, -14.451128959655762], "s_path": [[0.0, 0.09730933606624603], [0.03333341330289841, 0.09894835948944092], [0.06666682660579681, 0.1005873754620552], [0.10000023990869522, 0.10222641378641129], [0.133332759141922, 0.10386541485786438], [0.166666179895401, 0.10550445318222046], [0.19999960064888, 0.10714349895715714], [0.233333021402359, 0.10878253728151321], [0.266666442155838, 0.11042159050703049], [0.299999862909317, 0.11206065863370895], [0.333333283662796, 0.11369971185922623], [0.3666658103466034, 0.11533872783184052], [0.3999992311000824, 0.11697779595851898]], "n": [-0.3366891671430443, 0.9416158477471178]}, "3": {"sI_max": 4.971014976501465, "pos_max": [61.54255294799805, 17.951379776000977], "s_path": [[0.0, 4.971014976501465], [0.03333190456032753, 4.953941822052002], [0.06666795909404755, 4.93686580657959], [0.09999985992908478, 4.919791221618652], [0.13333219289779663, 4.902716636657715], [0.16666781902313232, 4.8856401443481445], [0.20000015199184418, 4.868564128875732], [0.2333320528268814, 4.851489067077637], [0.2666681110858917, 4.83441162109375], [0.30000001192092896, 4.817335605621338], [0.333332359790802, 4.800258636474609], [0.3666679859161377, 4.7831807136535645], [0.40000033378601074, 4.766103744506836]], "n": [0.9739300115549948, 0.22684869978134742]}}