{"0": {"sI_max": 13.170263290405273, "pos_max": [34.651824951171875, -15.025712966918945], "s_path": [[0.0, 13.170263290405273], [0.03333459049463272, 13.142006874084473], [0.06666545569896698, 13.113709449768066], [0.1000000461935997, 13.085368156433105], [0.13333484530448914, 13.056983947753906], [0.1666657030582428, 13.028560638427734], [0.20000030100345612, 13.000092506408691], [0.23333489894866943, 12.971580505371094], [0.2666657567024231, 12.943031311035156], [0.3000003397464752, 12.914435386657715], [0.33333492279052734, 12.885797500610352], [0.366665780544281, 12.8571195602417], [0.40000057220458984, 12.828397750854492]], "n": [0.9777437725851422, 0.20980256235559605]}, "1": {"sI_max": 16.8972110748291, "pos_max": [33.096946716308594, 3.1067495346069336], "s_path": [[0.0, 16.8972110748291], [0.03333296626806259, 16.84712791442871], [0.06666599214076996, 16.79827880859375], [0.09999895840883255, 16.750673294067383], [0.13333192467689514, 16.704303741455078], [0.16666489839553833, 16.6591739654541], [0.20000162720680237, 16.615276336669922], [0.23333460092544556, 16.572622299194336], [0.26666757464408875, 16.531208038330078], [0.30000054836273193, 16.491029739379883], [0.3333335816860199, 16.452091217041016], [0.3666665554046631, 16.414390563964844], [0.3999995291233063, 16.3779296875]], "n": [0.9697831672415502, -0.24396845807388165]}, "2": {"sI_max": 15.214498519897461, "pos_max": [46.2929801940918, -24.679588317871094], "s_path": [[0.0, 15.214498519897461], [0.033333830535411835, 15.16439151763916], [0.06666833907365799, 15.114286422729492], [0.0999986007809639, 15.064192771911621], [0.13333243131637573, 15.014098167419434], [0.1666669398546219, 14.964005470275879], [0.20000076293945312, 14.913918495178223], [0.23333527147769928, 14.863834381103516], [0.2666655480861664, 14.813759803771973], [0.2999993860721588, 14.763687133789062], [0.3333338797092438, 14.713613510131836], [0.3666677176952362, 14.663546562194824], [0.3999979794025421, 14.613489151000977]], "n": [-0.9347295138847059, -0.3553600088260653]}, "3": {"sI_max": 16.41513442993164, "pos_max": [39.811241149902344, 7.232762813568115], "s_path": [[0.0, 16.41513442993164], [0.033334534615278244, 16.390186309814453], [0.06666528433561325, 16.365598678588867], [0.0999998226761818, 16.34136390686035], [0.13333435356616974, 16.317481994628906], [0.16666510701179504, 16.293962478637695], [0.1999996453523636, 16.270795822143555], [0.23333418369293213, 16.247983932495117], [0.26666492223739624, 16.225534439086914], [0.2999994456768036, 16.20343589782715], [0.33333396911621094, 16.18169403076172], [0.3666684925556183, 16.160308837890625], [0.3999992311000824, 16.139284133911133]], "n": [-0.9933108935864653, 0.1154706399153377]}}