{"0": {"sI_max": 4.214434623718262, "pos_max": [31.064128875732422, -9.286872863769531], "s_path": [[0.0, 4.214434623718262], [0.033332739025354385, 4.191833019256592], [0.06666668504476547, 4.169212341308594], [0.09999942779541016, 4.146571636199951], [0.13333337008953094, 4.123911380767822], [0.16666610538959503, 4.101232528686523], [0.20000004768371582, 4.07853364944458], [0.2333327829837799, 4.05581521987915], [0.2666667401790619, 4.033077239990234], [0.299999475479126, 4.01032018661499], [0.33333343267440796, 3.9875431060791016], [0.36666616797447205, 3.9647469520568848], [0.40000012516975403, 3.9419312477111816]], "n": [0.6332294387999753, 0.7739641321386077]}, "1": {"sI_max": 14.642236709594727, "pos_max": [31.659812927246094, 0.9329305291175842], "s_path": [[0.0, 14.642236709594727], [0.033333633095026016, 14.724466323852539], [0.06666606664657593, 14.80688190460205], [0.09999974817037582, 14.889488220214844], [0.13333338499069214, 14.972282409667969], [0.16666701436042786, 15.055266380310059], [0.19999945163726807, 15.13992691040039], [0.23333312571048737, 15.229236602783203], [0.2666667699813843, 15.318553924560547], [0.30000039935112, 15.407876014709473], [0.3333328366279602, 0.05952690169215202], [0.3666665256023407, 0.06950884312391281], [0.4000001549720764, 0.07901184260845184]], "n": [0.6270641965453067, -0.7789675817458575]}, "2": {"sI_max": 10.38703727722168, "pos_max": [46.643150329589844, -17.862934112548828], "s_path": [[0.0, 10.38703727722168], [0.03333264961838722, 10.334419250488281], [0.06666529923677444, 10.28177261352539], [0.09999913722276688, 10.229097366333008], [0.13333477079868317, 10.1763916015625], [0.1666674166917801, 10.123662948608398], [0.20000006258487701, 10.070905685424805], [0.23333390057086945, 10.018119812011719], [0.26666656136512756, 9.965309143066406], [0.2999992072582245, 9.912467956542969], [0.3333318531513214, 9.859601974487305], [0.36666569113731384, 9.806705474853516], [0.40000131726264954, 9.753777503967285]], "n": [-0.7825618542625588, 0.6225728425278007]}, "3": {"sI_max": 7.906101226806641, "pos_max": [61.325469970703125, 9.508038520812988], "s_path": [[0.0, 7.906101226806641], [0.03333165496587753, 7.882849216461182], [0.06666723638772964, 7.8596086502075195], [0.09999889135360718, 7.836385726928711], [0.1333344727754593, 7.813173770904541], [0.16666612029075623, 7.789978504180908], [0.20000149309635162, 7.766794204711914], [0.23333336412906647, 7.743627548217773], [0.2666650116443634, 7.7204742431640625], [0.3000006079673767, 7.697333335876465], [0.33333227038383484, 7.674208641052246], [0.36666762828826904, 7.651096343994141], [0.3999994993209839, 7.627999305725098]], "n": [0.9738269154036875, -0.22729086835009296]}}