{"0": {"sI_max": 2.943507671356201, "pos_max": [15.176995277404785, -20.74112319946289], "s_path": [[0.0, 2.943507671356201], [0.03333331272006035, 2.929373264312744], [0.06666634231805801, 2.9152097702026367], [0.09999965876340866, 2.9010183811187744], [0.13333359360694885, 2.8867976665496826], [0.1666669100522995, 2.872548818588257], [0.19999931752681732, 2.858271598815918], [0.23333324491977692, 2.8439650535583496], [0.26666656136512756, 2.8296303749084473], [0.30000048875808716, 2.8152666091918945], [0.333332896232605, 2.800875425338745], [0.3666668236255646, 2.786454439163208], [0.40000012516975403, 2.772005319595337]], "n": [-0.9465047783347282, -0.32268979622778104]}, "1": {"sI_max": 0.2859575152397156, "pos_max": [26.217958450317383, 1.4796197414398193], "s_path": [[0.0, 0.2859575152397156], [0.033333271741867065, 0.27267053723335266], [0.06666664779186249, 0.2597912847995758], [0.09999991953372955, 0.24731992185115814], [0.13333319127559662, 0.23733723163604736], [0.16666646301746368, 0.22832471132278442], [0.1999998390674591, 0.21905696392059326], [0.23333311080932617, 0.20953403413295746], [0.26666638255119324, 0.19870668649673462], [0.29999974370002747, 0.17262332141399384], [0.33333301544189453, 0.15372061729431152], [0.3666662871837616, 0.13797907531261444], [0.3999996483325958, 0.12070627510547638]], "n": [-0.4904956721044926, -0.8714436273487586]}, "2": {"sI_max": 0.07299013435840607, "pos_max": [60.096763610839844, -14.451128959655762], "s_path": [[0.0, 0.07299013435840607], [0.03333341330289841, 0.07407994568347931], [0.06666682660579681, 0.0751696527004242], [0.10000023990869522, 0.07625926285982132], [0.133332759141922, 0.0773487389087677], [0.166666179895401, 0.07843814790248871], [0.19999960064888, 0.07952744513750076], [0.233333021402359, 0.08061665296554565], [0.266666442155838, 0.081705741584301], [0.299999862909317, 0.08279474079608917], [0.333333283662796, 0.0838836282491684], [0.3666658103466034, 0.08497238904237747], [0.3999992311000824, 0.08606108278036118]], "n": [-0.3366891671430443, 0.9416158477471178]}, "3": {"sI_max": 3.021836757659912, "pos_max": [51.9461555480957, -4.34723424911499], "s_path": [[0.0, 3.021836757659912], [0.03333296999335289, 3.0030252933502197], [0.06666633486747742, 2.9842097759246826], [0.09999930113554001, 2.9653894901275635], [0.1333322674036026, 2.9465651512145996], [0.16666778922080994, 2.927734851837158], [0.20000076293945312, 2.9089014530181885], [0.23333412408828735, 2.890064239501953], [0.26666709780693054, 2.8712222576141357], [0.30000007152557373, 2.8523762226104736], [0.33333343267440796, 2.8335254192352295], [0.36666640639305115, 2.8146705627441406], [0.39999938011169434, 2.795811414718628]], "n": [0.566723151252493, -0.8239082896988256]}}