{"0": {"kappa": [0, 0, 0, 0], "is_active": 1, "da": [10.0, 3.0, 3.0, 3.0], "n0": [1, 0], "dphi": [0, 0.27681223584011094, 1.824345956176996, 3.113396934705545], "x0": [0, 0], "close_hole": []}}