{"2": {"phi_c_k": -82.13678041054078, "abs_cf": 0.0023188483345254157, "tip": [26.14082122436323, -0.5218225291505219], "cf": [0.00022931252482315256, 0.0023074820399063833], "kappa_c": 0.15206598534722418, "k2": [0.13838104903697968, 0.7919979691505432, 0.9117313027381897, 0.9531890749931335, 0.9800233244895935], "k1": [-0.13212919235229492, -0.5718821883201599, -0.5644254684448242, -0.5673096179962158, -0.5683475136756897], "phi_c": 78.41465251104748}, "4": {"phi_c_k": 3.525700534842351, "abs_cf": 0.12568355297830733, "tip": [45.07959174477325, -16.61903357317828], "cf": [0.1022420081020301, -0.0730953300048327], "kappa_c": 0.025676856629226672, "k2": [-0.4643682539463043, -0.6195687651634216, -0.6222964525222778, -0.623293399810791, -0.6235694885253906], "k1": [14.695175170898438, 20.11186408996582, 20.19108009338379, 20.213388442993164, 20.222434997558594], "phi_c": 2.942351032034395}}