{"cracks": {"2": 0.07916387609423962}, "holes": {"0": 0.045978029267905375, "1": 0.004094846272408182, "2": 0.0011858864540372361, "3": 0.04706531440922501}}