{"2": {"phi_c_k": -85.52216701048401, "abs_cf": 0.005020299461664618, "tip": [26.14082122436323, -0.5218225291505219], "cf": [0.0007218857483244356, 0.004968127177433779], "kappa_c": 0.14703921130657488, "k2": [0.2944720983505249, 1.2243666648864746, 1.4167007207870483, 1.4801312685012817, 1.5202090740203857], "k1": [-0.3453754484653473, -1.1438140869140625, -1.1318596601486206, -1.1369249820709229, -1.1381666660308838], "phi_c": 75.82253607719132}, "4": {"phi_c_k": 5.405362155345948, "abs_cf": 0.10969478873488467, "tip": [40.17363803348866, -13.165089745290702], "cf": [0.09547081544431357, -0.05402101511438673], "kappa_c": 0.030419519351291224, "k2": [-2.251091241836548, -0.8685619831085205, -0.8739884495735168, -0.8835870027542114, -0.8883733749389648], "k1": [15.991296768188477, 18.537017822265625, 18.613094329833984, 18.634382247924805, 18.642648696899414], "phi_c": 5.228730220936569}}