{"cracks": {"2": 0.15559405207390184}, "holes": {"0": 0.04282777823619554, "1": 5.901682042047759e-05, "2": 0.0012334445173992844, "3": 0.050507401181343614}}