{"cracks": {"2": 0.10060602116817645, "4": 0.4702752898630927}, "holes": {"0": 0.06532494827617409, "1": 0.0047916431887719615, "2": 0.006229393976569089, "3": 0.09562697022048577}}