{"2": {"phi_c_k": -161.39660248591622, "abs_cf": 0.009881059663085971, "tip": [25.334708899820075, -3.4114908354133067], "cf": [0.0012356239356279275, 0.009803498026478508], "kappa_c": 0.04888981458761208, "k2": [0.5371752977371216, 0.4699186384677887, 0.4705861806869507, 0.47272250056266785, 0.47390344738960266], "k1": [-5.3775787353515625, -5.673284530639648, -5.691471099853516, -5.6949896812438965, -5.695700645446777], "phi_c": 8.403540111141893}}