{"0": {"sI_max": 11.677330017089844, "pos_max": [34.29930877685547, -13.679378509521484], "s_path": [[0.0, 11.677330017089844], [0.03333441540598869, 11.649273872375488], [0.06666518747806549, 11.621222496032715], [0.09999960660934448, 11.593167304992676], [0.13333402574062347, 11.56511402130127], [0.16666844487190247, 11.537060737609863], [0.19999921321868896, 11.509012222290039], [0.23333334922790527, 11.480962753295898], [0.26666775345802307, 11.452913284301758], [0.29999852180480957, 11.424867630004883], [0.33333292603492737, 11.396821975708008], [0.36666733026504517, 11.368775367736816], [0.40000173449516296, 11.340730667114258]], "n": [0.9550905513848246, 0.29631408784502916]}, "1": {"sI_max": 18.398534774780273, "pos_max": [33.09366226196289, 7.3402581214904785], "s_path": [[0.0, 18.398534774780273], [0.03333280235528946, 18.36238670349121], [0.06666556745767593, 18.32628631591797], [0.0999983698129654, 18.29023551940918], [0.1333349347114563, 18.254222869873047], [0.16666772961616516, 18.2182674407959], [0.20000052452087402, 18.18235969543457], [0.2333332896232605, 18.14649772644043], [0.26666608452796936, 18.110685348510742], [0.29999884963035583, 18.074918746948242], [0.3333316445350647, 18.039201736450195], [0.3666681945323944, 18.00352668762207], [0.40000098943710327, 17.96790313720703]], "n": [0.996568025260391, 0.08277784141063785]}, "2": {"sI_max": 13.827556610107422, "pos_max": [46.00673294067383, -23.316394805908203], "s_path": [[0.0, 13.827556610107422], [0.03333353251218796, 13.791109085083008], [0.06666696816682816, 13.754653930664062], [0.10000050067901611, 13.718194961547852], [0.13333404064178467, 13.681730270385742], [0.16666747629642487, 13.645257949829102], [0.20000101625919342, 13.608782768249512], [0.23333455622196198, 13.572300910949707], [0.26666808128356934, 13.535813331604004], [0.3000015318393707, 13.499319076538086], [0.3333350718021393, 13.462820053100586], [0.36666861176490784, 13.426316261291504], [0.3999982476234436, 13.389808654785156]], "n": [-0.9987207484988334, -0.0505654676427496]}, "3": {"sI_max": 9.588844299316406, "pos_max": [39.881256103515625, 7.712467193603516], "s_path": [[0.0, 9.588844299316406], [0.033333662897348404, 9.604340553283691], [0.06666740775108337, 9.619924545288086], [0.10000107437372208, 9.63559627532959], [0.13333474099636078, 9.651355743408203], [0.16666840016841888, 9.66720199584961], [0.1999983787536621, 9.683134078979492], [0.23333203792572021, 9.699155807495117], [0.2666656970977783, 9.715265274047852], [0.2999994456768036, 9.731462478637695], [0.3333331048488617, 9.747747421264648], [0.3666667640209198, 9.764120101928711], [0.40000051259994507, 9.78057861328125]], "n": [-0.986012205497818, 0.16667312503618734]}}