{"1": {"phi_c_k": -7.744482262134096, "abs_cf": 0.47192609287660997, "tip": [70.22946260933973, -16.42275681184468], "cf": [-0.4712805641722184, -0.024675229913786012], "kappa_c": -0.05602990162854686, "k2": [2.811635971069336, 2.7144410610198975, 2.6813225746154785, 2.678630828857422, 2.672391414642334], "k1": [36.96222686767578, 38.9432373046875, 39.14631271362305, 39.21149826049805, 39.241432189941406], "phi_c": -6.420553779697826}}