{"cracks": {"2": 0.14114351297959718}, "holes": {"0": 0.04077269303507164, "1": 0.0002975083329043708, "2": 0.0011954423457352327, "3": 0.04695646817008882}}