{"0": {"sI_max": 4.220090866088867, "pos_max": [29.861318588256836, -8.669509887695312], "s_path": [[0.0, 4.220090866088867], [0.03333345800638199, 4.1809492111206055], [0.06666691601276398, 4.142150402069092], [0.09999994188547134, 4.103693008422852], [0.13333339989185333, 4.065576076507568], [0.16666685044765472, 4.0278000831604], [0.20000030100345612, 3.990365743637085], [0.23333284258842468, 3.9532737731933594], [0.2666662931442261, 3.9165220260620117], [0.30000025033950806, 3.8801116943359375], [0.33333370089530945, 3.8440427780151367], [0.3666662275791168, 3.8083155155181885], [0.3999996781349182, 3.7729291915893555]], "n": [0.25675864587358876, 0.9664755546671426]}, "1": {"sI_max": 0.32892268896102905, "pos_max": [26.217958450317383, 1.4796197414398193], "s_path": [[0.0, 0.32892268896102905], [0.033333271741867065, 0.31640374660491943], [0.06666664779186249, 0.30396655201911926], [0.09999991953372955, 0.29161128401756287], [0.13333319127559662, 0.28164684772491455], [0.16666646301746368, 0.27268558740615845], [0.1999998390674591, 0.2634303569793701], [0.23333311080932617, 0.25388121604919434], [0.26666638255119324, 0.24294719099998474], [0.29999974370002747, 0.21630339324474335], [0.33333301544189453, 0.19705188274383545], [0.3666662871837616, 0.18078240752220154], [0.3999996483325958, 0.1628565490245819]], "n": [-0.4904956721044926, -0.8714436273487586]}, "2": {"sI_max": 0.3869965672492981, "pos_max": [49.40979766845703, -15.907779693603516], "s_path": [[0.0, 0.3869965672492981], [0.03333393484354019, 0.3909482955932617], [0.0666663870215416, 0.3948874771595001], [0.10000032186508179, 0.3988153636455536], [0.1333337277173996, 0.402730792760849], [0.16666671633720398, 0.40663474798202515], [0.2000001221895218, 0.4105263650417328], [0.23333311080932617, 0.4144064784049988], [0.2666665017604828, 0.41827428340911865], [0.3000004291534424, 0.42213064432144165], [0.333332896232605, 0.4259745478630066], [0.3666668236255646, 0.42980706691741943], [0.4000002145767212, 0.433627188205719]], "n": [-0.14013640812813105, 0.9901322068880226]}, "3": {"sI_max": 6.108427047729492, "pos_max": [61.54255294799805, 17.951379776000977], "s_path": [[0.0, 6.108427047729492], [0.03333190456032753, 6.085761070251465], [0.06666795909404755, 6.06307315826416], [0.09999985992908478, 6.040367603302002], [0.13333219289779663, 6.017642974853516], [0.16666781902313232, 5.99489688873291], [0.20000015199184418, 5.972133159637451], [0.2333320528268814, 5.9493513107299805], [0.2666681110858917, 5.9265456199646], [0.30000001192092896, 5.9037251472473145], [0.333332359790802, 5.88088321685791], [0.3666679859161377, 5.8580217361450195], [0.40000033378601074, 5.835141658782959]], "n": [0.9739300115549948, 0.22684869978134742]}}