{"2": {"phi_c_k": -86.64907863496755, "abs_cf": 0.007052222657526694, "tip": [26.14082122436323, -0.5218225291505219], "cf": [0.0011493654189825842, 0.0069579309816194534], "kappa_c": 0.14488188973845514, "k2": [0.43040937185287476, 1.4814155101776123, 1.7171880006790161, 1.7924855947494507, 1.8395203351974487], "k1": [-0.3375740051269531, -1.4908448457717896, -1.4747697114944458, -1.4806979894638062, -1.4818472862243652], "phi_c": 74.71008728903908}, "4": {"phi_c_k": 10.524865414449613, "abs_cf": 0.09210181980954985, "tip": [37.56264393216307, -11.687690069223668], "cf": [0.08722977705738089, -0.029558606305954527], "kappa_c": 0.06273534471268445, "k2": [-2.8309366703033447, -1.465620517730713, -1.5594910383224487, -1.5753414630889893, -1.5833243131637573], "k1": [16.573307037353516, 16.812562942504883, 16.7939453125, 16.81338882446289, 16.82065773010254], "phi_c": 10.783411435005547}}