{"cracks": {"2": 0.1192400555257657, "4": 0.43091664256771794}, "holes": {"0": 0.07798505876563827, "1": 0.0056956280606826355, "2": 0.0015869205703583583, "3": 0.07786471175495871}}