{"0": {"sI_max": 13.43222713470459, "pos_max": [34.691795349121094, -15.177520751953125], "s_path": [[0.0, 13.43222713470459], [0.03333299607038498, 13.395794868469238], [0.06666618585586548, 13.35937213897705], [0.09999918192625046, 13.322959899902344], [0.13333217799663544, 13.2865571975708], [0.16666537523269653, 13.250164031982422], [0.1999983787536621, 13.21377944946289], [0.2333315759897232, 13.177406311035156], [0.26666831970214844, 13.141037940979004], [0.300001323223114, 13.104682922363281], [0.3333345055580139, 13.068520545959473], [0.3666675090789795, 13.032370567321777], [0.40000051259994507, 12.996223449707031]], "n": [0.9788212894478758, 0.2047165926924285]}, "1": {"sI_max": 18.47804069519043, "pos_max": [33.0911750793457, 2.8601226806640625], "s_path": [[0.0, 18.47804069519043], [0.033333707600831985, 18.382427215576172], [0.06666749715805054, 18.28803253173828], [0.10000120848417282, 18.19485092163086], [0.13333499431610107, 18.102888107299805], [0.16666510701179504, 18.01214599609375], [0.1999989002943039, 17.922616958618164], [0.23333260416984558, 17.834304809570312], [0.26666638255119324, 17.74720573425293], [0.3000001013278961, 17.661327362060547], [0.3333338797092438, 17.576662063598633], [0.36666759848594666, 17.493213653564453], [0.4000013768672943, 17.41098403930664]], "n": [0.943895509771266, -0.3302442529910882]}, "2": {"sI_max": 19.901702880859375, "pos_max": [68.25839233398438, -16.749691009521484], "s_path": [[0.0, 19.901702880859375], [0.03333209455013275, 19.798616409301758], [0.06666387617588043, 19.6954345703125], [0.10000349581241608, 19.592126846313477], [0.13333559036254883, 19.48874282836914], [0.1666673719882965, 19.385263442993164], [0.19999946653842926, 19.281679153442383], [0.233331561088562, 19.177997589111328], [0.2666633427143097, 19.07421875], [0.30000296235084534, 18.97031593322754], [0.3333350718021393, 18.87030792236328], [0.36666685342788696, 18.774192810058594], [0.3999989628791809, 18.67818260192871]], "n": [0.9865216593370129, 0.16363072956797184]}, "3": {"sI_max": 18.424318313598633, "pos_max": [39.862892150878906, 7.7124738693237305], "s_path": [[0.0, 18.424318313598633], [0.033332064747810364, 18.36593246459961], [0.06666797399520874, 18.307493209838867], [0.1000000387430191, 18.24901008605957], [0.13333217799663544, 18.19047737121582], [0.16666801273822784, 18.13188934326172], [0.2000000774860382, 18.073257446289062], [0.23333221673965454, 18.014575958251953], [0.26666805148124695, 17.95583724975586], [0.3000001907348633, 17.89640998840332], [0.33333227038383484, 17.835494995117188], [0.366668164730072, 17.77460479736328], [0.4000002443790436, 17.713748931884766]], "n": [-0.986861605137101, 0.16156785666160361]}}