{"0": {"sI_max": 10.099435806274414, "pos_max": [34.29930877685547, -13.679378509521484], "s_path": [[0.0, 10.099435806274414], [0.03333441540598869, 10.075347900390625], [0.06666518747806549, 10.051169395446777], [0.09999960660934448, 10.026898384094238], [0.13333402574062347, 10.002534866333008], [0.16666844487190247, 9.978078842163086], [0.19999921321868896, 9.953533172607422], [0.23333334922790527, 9.92889404296875], [0.26666775345802307, 9.904163360595703], [0.29999852180480957, 9.879342079162598], [0.33333292603492737, 9.854426383972168], [0.36666733026504517, 9.82942008972168], [0.40000173449516296, 9.804320335388184]], "n": [0.9550905513848246, 0.29631408784502916]}, "1": {"sI_max": 25.601621627807617, "pos_max": [33.26419448852539, 4.500142574310303], "s_path": [[0.0, 25.601621627807617], [0.0333334244787693, 25.507205963134766], [0.0666668489575386, 25.412124633789062], [0.10000026971101761, 25.31637954711914], [0.1333336979150772, 25.219966888427734], [0.1666671186685562, 25.122888565063477], [0.20000053942203522, 25.025142669677734], [0.23333396017551422, 24.926734924316406], [0.26666736602783203, 24.827659606933594], [0.30000078678131104, 24.727916717529297], [0.33333420753479004, 24.62751007080078], [0.36666762828826904, 24.526437759399414], [0.40000104904174805, 24.424697875976562]], "n": [0.9999820422893461, 0.005992920726042191]}, "2": {"sI_max": 10.711492538452148, "pos_max": [46.00673294067383, -23.316394805908203], "s_path": [[0.0, 10.711492538452148], [0.03333353251218796, 10.678781509399414], [0.06666696816682816, 10.646196365356445], [0.10000050067901611, 10.613736152648926], [0.13333404064178467, 10.581399917602539], [0.16666747629642487, 10.549190521240234], [0.20000101625919342, 10.517105102539062], [0.23333455622196198, 10.48514461517334], [0.26666808128356934, 10.453310012817383], [0.3000015318393707, 10.421598434448242], [0.3333350718021393, 10.390013694763184], [0.36666861176490784, 10.35855484008789], [0.3999982476234436, 10.327221870422363]], "n": [-0.9987207484988334, -0.0505654676427496]}, "3": {"sI_max": 7.3476762771606445, "pos_max": [61.54255294799805, 17.951379776000977], "s_path": [[0.0, 7.3476762771606445], [0.03333190456032753, 7.319712162017822], [0.06666795909404755, 7.291672229766846], [0.09999985992908478, 7.2635626792907715], [0.13333219289779663, 7.235381126403809], [0.16666781902313232, 7.207124710083008], [0.20000015199184418, 7.178796768188477], [0.2333320528268814, 7.150398254394531], [0.2666681110858917, 7.121923446655273], [0.30000001192092896, 7.093379497528076], [0.333332359790802, 7.064762115478516], [0.3666679859161377, 7.036070823669434], [0.40000033378601074, 7.007308483123779]], "n": [0.9739300115549948, 0.22684869978134742]}}