{"0": {"sI_max": 15.727359771728516, "pos_max": [34.29930877685547, -13.679378509521484], "s_path": [[0.0, 15.727359771728516], [0.03333441540598869, 15.683164596557617], [0.06666518747806549, 15.63899040222168], [0.09999960660934448, 15.594827651977539], [0.13333402574062347, 15.550682067871094], [0.16666844487190247, 15.506551742553711], [0.19999921321868896, 15.462442398071289], [0.23333334922790527, 15.41834545135498], [0.26666775345802307, 15.37426471710205], [0.29999852180480957, 15.330204010009766], [0.33333292603492737, 15.286155700683594], [0.36666733026504517, 15.242122650146484], [0.40000173449516296, 15.198105812072754]], "n": [0.9550905513848246, 0.29631408784502916]}, "1": {"sI_max": 15.779224395751953, "pos_max": [33.24195861816406, 3.7983222007751465], "s_path": [[0.0, 15.779224395751953], [0.03333155810832977, 15.762542724609375], [0.06666692346334457, 15.746020317077637], [0.09999846667051315, 15.729660034179688], [0.13333383202552795, 15.713458061218262], [0.16666539013385773, 15.697418212890625], [0.20000074803829193, 15.681536674499512], [0.2333322912454605, 15.665817260742188], [0.2666676640510559, 15.650259017944336], [0.2999992072582245, 15.63486099243164], [0.3333345651626587, 15.619621276855469], [0.36666610836982727, 15.604545593261719], [0.4000014662742615, 15.589628219604492]], "n": [0.9980927530954329, -0.061732132786574585]}, "2": {"sI_max": 17.29259490966797, "pos_max": [68.2654800415039, -17.010913848876953], "s_path": [[0.0, 17.29259490966797], [0.033334508538246155, 17.232789993286133], [0.0666687935590744, 17.17315673828125], [0.10000330209732056, 17.11368751525879], [0.13333001732826233, 17.054405212402344], [0.16666452586650848, 16.99527931213379], [0.19999881088733673, 16.936323165893555], [0.23333331942558289, 16.877534866333008], [0.26666760444641113, 16.818918228149414], [0.3000021278858185, 16.760467529296875], [0.33333641290664673, 16.702190399169922], [0.3666633367538452, 16.64409065246582], [0.39999762177467346, 16.586153030395508]], "n": [0.9930859236888192, 0.11738972770700508]}, "3": {"sI_max": 17.903926849365234, "pos_max": [39.811241149902344, 7.232762813568115], "s_path": [[0.0, 17.903926849365234], [0.033334534615278244, 17.851600646972656], [0.06666528433561325, 17.79949951171875], [0.0999998226761818, 17.74761390686035], [0.13333435356616974, 17.695947647094727], [0.16666510701179504, 17.64450454711914], [0.1999996453523636, 17.593276977539062], [0.23333418369293213, 17.542268753051758], [0.26666492223739624, 17.491485595703125], [0.2999994456768036, 17.440916061401367], [0.33333396911621094, 17.390567779541016], [0.3666684925556183, 17.340438842773438], [0.3999992311000824, 17.29053497314453]], "n": [-0.9933108935864653, 0.1154706399153377]}}