{"cracks": {}, "holes": {"0": 5.231954097588812e-14, "1": 4.089090625111338e-15, "2": 1.913035406221001e-14, "3": 5.42005239034433e-15}}