{"cracks": {"2": 1.4944410171941358}, "holes": {"0": 0.1585303134180798, "1": 0.40080060627766056, "2": 0.16791377452871212, "3": 0.11500429100662687}}