{"0": {"sI_max": 12.437339782714844, "pos_max": [34.300201416015625, -13.624336242675781], "s_path": [[0.0, 12.437339782714844], [0.033334970474243164, 12.398731231689453], [0.06666658818721771, 12.360099792480469], [0.10000155866146088, 12.321439743041992], [0.13333317637443542, 12.282754898071289], [0.1666681468486786, 12.244039535522461], [0.19999976456165314, 12.205301284790039], [0.2333347350358963, 12.166533470153809], [0.26666635274887085, 12.127741813659668], [0.300001323223114, 12.088918685913086], [0.33333292603492737, 12.051219940185547], [0.36666789650917053, 12.013652801513672], [0.3999994993209839, 11.976091384887695]], "n": [0.9543813975512321, 0.2985902677720039]}, "1": {"sI_max": 16.37437629699707, "pos_max": [33.248924255371094, 3.6332802772521973], "s_path": [[0.0, 16.37437629699707], [0.03333437815308571, 16.323673248291016], [0.06666494905948639, 16.272714614868164], [0.0999993085861206, 16.22148895263672], [0.13333368301391602, 16.170001983642578], [0.16666805744171143, 16.11825180053711], [0.1999986320734024, 16.066247940063477], [0.23333300650119781, 16.013975143432617], [0.26666736602783203, 15.961441993713379], [0.30000174045562744, 15.910350799560547], [0.3333323001861572, 15.864505767822266], [0.36666667461395264, 15.818458557128906], [0.40000104904174805, 15.772215843200684]], "n": [0.9977790644375067, -0.0666103488221886]}, "2": {"sI_max": 16.525745391845703, "pos_max": [46.011512756347656, -23.664077758789062], "s_path": [[0.0, 16.525745391845703], [0.03333441540598869, 16.456684112548828], [0.06666484475135803, 16.387685775756836], [0.09999925643205643, 16.31873893737793], [0.1333334743976593, 16.249847412109375], [0.1666678935289383, 16.18101692199707], [0.19999831914901733, 16.11224937438965], [0.23333273828029633, 16.043533325195312], [0.2666669487953186, 15.974872589111328], [0.3000013530254364, 15.906272888183594], [0.33333179354667664, 15.837735176086426], [0.36666619777679443, 15.769248008728027], [0.4000004231929779, 15.69476318359375]], "n": [-0.9950338848060497, -0.09953676751723922]}, "3": {"sI_max": 19.742393493652344, "pos_max": [39.98603057861328, 1.4193992614746094], "s_path": [[0.0, 19.742393493652344], [0.03333350643515587, 19.68000030517578], [0.06666698306798935, 19.617605209350586], [0.10000048577785492, 19.555200576782227], [0.1333339661359787, 19.49279022216797], [0.16666747629642487, 19.430374145507812], [0.20000095665454865, 19.367950439453125], [0.2333344668149948, 19.305522918701172], [0.2666679322719574, 19.243087768554688], [0.30000144243240356, 19.180644989013672], [0.33333495259284973, 19.116436004638672], [0.3666684329509735, 19.0516414642334], [0.3999982178211212, 18.986865997314453]], "n": [-0.9742305908881855, -0.2255543299909288]}}