{"cracks": {"2": 0.08337887004501175, "4": 0.5080072985436863}, "holes": {"0": 0.06196586737117304, "1": 0.0039781544421342695, "2": 0.0276318590659793, "3": 0.10524697358027803}}