{"cracks": {"1": 1.2524528253889091}, "holes": {"0": 0.2068344459744475, "1": 0.2649463452367377, "2": 0.2383844448495441, "3": 0.25812699912308856}}