{"0": {"sI_max": 3.504848003387451, "pos_max": [31.064128875732422, -9.286872863769531], "s_path": [[0.0, 3.504848003387451], [0.033332739025354385, 3.4829185009002686], [0.06666668504476547, 3.461015462875366], [0.09999942779541016, 3.439140558242798], [0.13333337008953094, 3.417293071746826], [0.16666610538959503, 3.395472764968872], [0.20000004768371582, 3.3736796379089355], [0.2333327829837799, 3.351914167404175], [0.2666667401790619, 3.3301761150360107], [0.299999475479126, 3.3084652423858643], [0.33333343267440796, 3.2867820262908936], [0.36666616797447205, 3.2651262283325195], [0.40000012516975403, 3.243497371673584]], "n": [0.6332294387999753, 0.7739641321386077]}, "1": {"sI_max": 0.22183994948863983, "pos_max": [26.217958450317383, 1.4796197414398193], "s_path": [[0.0, 0.22183994948863983], [0.033333271741867065, 0.21484753489494324], [0.06666664779186249, 0.20766353607177734], [0.09999991953372955, 0.20028802752494812], [0.13333319127559662, 0.19432765245437622], [0.16666646301746368, 0.18902775645256042], [0.1999998390674591, 0.18353021144866943], [0.23333311080932617, 0.17783498764038086], [0.26666638255119324, 0.17126229405403137], [0.29999974370002747, 0.15497688949108124], [0.33333301544189453, 0.14329324662685394], [0.3666662871837616, 0.13339321315288544], [0.3999996483325958, 0.12249597162008286]], "n": [-0.4904956721044926, -0.8714436273487586]}, "2": {"sI_max": 5.028084754943848, "pos_max": [49.40979766845703, -15.907779693603516], "s_path": [[0.0, 5.028084754943848], [0.03333393484354019, 5.015239238739014], [0.0666663870215416, 5.002392768859863], [0.10000032186508179, 4.989546298980713], [0.1333337277173996, 4.97669792175293], [0.16666671633720398, 4.963850498199463], [0.2000001221895218, 4.951001167297363], [0.23333311080932617, 4.93815279006958], [0.2666665017604828, 4.925301551818848], [0.3000004291534424, 4.91245174407959], [0.333332896232605, 4.899600505828857], [0.3666668236255646, 4.886749267578125], [0.4000002145767212, 4.873895645141602]], "n": [-0.14013640812813105, 0.9901322068880226]}, "3": {"sI_max": 7.656059265136719, "pos_max": [61.54255294799805, 17.951379776000977], "s_path": [[0.0, 7.656059265136719], [0.03333190456032753, 7.63131046295166], [0.06666795909404755, 7.6065568923950195], [0.09999985992908478, 7.581805229187012], [0.13333219289779663, 7.557051658630371], [0.16666781902313232, 7.532295227050781], [0.20000015199184418, 7.507538795471191], [0.2333320528268814, 7.48278284072876], [0.2666681110858917, 7.458021640777588], [0.30000001192092896, 7.433262825012207], [0.333332359790802, 7.408502101898193], [0.3666679859161377, 7.3837385177612305], [0.40000033378601074, 7.358974933624268]], "n": [0.9739300115549948, 0.22684869978134742]}}