{"0": {"phi_c_k": 1.9044052289968785, "abs_cf": 0.6733580911769216, "tip": [12.999964988097059, 0.014493798391447465], "cf": [-0.6729053607826359, -0.024687940039989087], "kappa_c": 0.010613614543577586, "k2": [-0.7510812878608704, -0.7656857371330261, -0.7778797745704651, -0.7818099856376648, -0.7845008373260498], "k1": [44.79283905029297, 46.66086196899414, 46.925411224365234, 47.01262283325195, 47.05472946166992], "phi_c": 1.824345956176996}}