{"cracks": {"1": 1.147838441869029}, "holes": {"0": 0.20745429865836051, "1": 0.2688715232899322, "2": 0.22914409791886065, "3": 0.2624106492811581}}