{"0": {"sI_max": 13.21034049987793, "pos_max": [34.651824951171875, -15.025712966918945], "s_path": [[0.0, 13.21034049987793], [0.03333459049463272, 13.181708335876465], [0.06666545569896698, 13.153014183044434], [0.1000000461935997, 13.124248504638672], [0.13333484530448914, 13.095417022705078], [0.1666657030582428, 13.066520690917969], [0.20000030100345612, 13.037555694580078], [0.23333489894866943, 13.008522987365723], [0.2666657567024231, 12.9794282913208], [0.3000003397464752, 12.950262069702148], [0.33333492279052734, 12.921029090881348], [0.366665780544281, 12.891732215881348], [0.40000057220458984, 12.86236572265625]], "n": [0.9777437725851422, 0.20980256235559605]}, "1": {"sI_max": 17.14829444885254, "pos_max": [33.096946716308594, 3.1067495346069336], "s_path": [[0.0, 17.14829444885254], [0.03333296626806259, 17.097118377685547], [0.06666599214076996, 17.047151565551758], [0.09999895840883255, 16.998394012451172], [0.13333192467689514, 16.950843811035156], [0.16666489839553833, 16.904504776000977], [0.20000162720680237, 16.859373092651367], [0.23333460092544556, 16.815454483032227], [0.26666757464408875, 16.77274513244629], [0.30000054836273193, 16.731245040893555], [0.3333335816860199, 16.690954208374023], [0.3666665554046631, 16.651874542236328], [0.3999995291233063, 16.614002227783203]], "n": [0.9697831672415502, -0.24396845807388165]}, "2": {"sI_max": 14.621286392211914, "pos_max": [46.2929801940918, -24.679588317871094], "s_path": [[0.0, 14.621286392211914], [0.033333830535411835, 14.574823379516602], [0.06666833907365799, 14.528395652770996], [0.0999986007809639, 14.482011795043945], [0.13333243131637573, 14.435662269592285], [0.1666669398546219, 14.389348030090332], [0.20000076293945312, 14.343072891235352], [0.23333527147769928, 14.296831130981445], [0.2666655480861664, 14.250636100769043], [0.2999993860721588, 14.204473495483398], [0.3333338797092438, 14.158346176147461], [0.3666677176952362, 14.112258911132812], [0.3999979794025421, 14.066213607788086]], "n": [-0.9347295138847059, -0.3553600088260653]}, "3": {"sI_max": 16.688596725463867, "pos_max": [39.811241149902344, 7.232762813568115], "s_path": [[0.0, 16.688596725463867], [0.033334534615278244, 16.662721633911133], [0.06666528433561325, 16.637195587158203], [0.0999998226761818, 16.612018585205078], [0.13333435356616974, 16.587190628051758], [0.16666510701179504, 16.562715530395508], [0.1999996453523636, 16.53858757019043], [0.23333418369293213, 16.514808654785156], [0.26666492223739624, 16.491382598876953], [0.2999994456768036, 16.468303680419922], [0.33333396911621094, 16.445575714111328], [0.3666684925556183, 16.423194885253906], [0.3999992311000824, 16.401166915893555]], "n": [-0.9933108935864653, 0.1154706399153377]}}