{"cracks": {"2": 0.10554711887429934}, "holes": {"0": 0.06575534954288605, "1": 0.23356565538614923, "2": 0.16216117580252384, "3": 0.12396336802009678}}