{"0": {"sI_max": 2.616867780685425, "pos_max": [27.234359741210938, -9.128860473632812], "s_path": [[0.0, 2.616867780685425], [0.03333357721567154, 2.601085662841797], [0.06666715443134308, 2.5852162837982178], [0.09999987483024597, 2.5692596435546875], [0.1333334594964981, 2.5532150268554688], [0.166666179895401, 2.537083625793457], [0.19999976456165314, 2.520864248275757], [0.23333334922790527, 2.5045571327209473], [0.2666669189929962, 2.4881629943847656], [0.2999996244907379, 2.4716813564300537], [0.33333319425582886, 2.4551119804382324], [0.3666667640209198, 2.43845534324646], [0.40000033378601074, 2.4217112064361572]], "n": [-0.45128748303290694, 0.8923786234877121]}, "1": {"sI_max": 0.01751427724957466, "pos_max": [26.053665161132812, 1.6117732524871826], "s_path": [[0.0, 0.01751427724957466], [0.03333283215761185, 0.01818651333451271], [0.06666674464941025, 0.018852610141038895], [0.0999995768070221, 0.019512493163347244], [0.1333334892988205, 0.02016623690724373], [0.16666631400585175, 0.02081376500427723], [0.2000001221895218, 0.021455153822898865], [0.2333330512046814, 0.022090330719947815], [0.26666685938835144, 0.0227193646132946], [0.29999980330467224, 0.02334219217300415], [0.3333336114883423, 0.023958873003721237], [0.3666665554046631, 0.024569345638155937], [0.40000036358833313, 0.025173673406243324]], "n": [-0.5118639543116505, -0.8590665237782464]}, "2": {"sI_max": 0.07370390743017197, "pos_max": [60.096763610839844, -14.451128959655762], "s_path": [[0.0, 0.07370390743017197], [0.03333341330289841, 0.07474002242088318], [0.06666682660579681, 0.07577625662088394], [0.10000023990869522, 0.07681258022785187], [0.133332759141922, 0.07784899324178696], [0.166666179895401, 0.078885518014431], [0.19999960064888, 0.079922154545784], [0.233333021402359, 0.08095888793468475], [0.266666442155838, 0.08199573308229446], [0.299999862909317, 0.08303266763687134], [0.333333283662796, 0.08406972140073776], [0.3666658103466034, 0.08510684221982956], [0.3999992311000824, 0.0861440896987915]], "n": [-0.3366891671430443, 0.9416158477471178]}, "3": {"sI_max": 3.0157530307769775, "pos_max": [51.9461555480957, -4.34723424911499], "s_path": [[0.0, 3.0157530307769775], [0.03333296999335289, 2.996570587158203], [0.06666633486747742, 2.97731614112854], [0.09999930113554001, 2.9579906463623047], [0.1333322674036026, 2.9385933876037598], [0.16666778922080994, 2.9191231727600098], [0.20000076293945312, 2.899582862854004], [0.23333412408828735, 2.8799707889556885], [0.26666709780693054, 2.860287666320801], [0.30000007152557373, 2.8405330181121826], [0.33333343267440796, 2.820706844329834], [0.36666640639305115, 2.800809383392334], [0.39999938011169434, 2.7808401584625244]], "n": [0.566723151252493, -0.8239082896988256]}}