{"cracks": {"2": 1.140989797184428}, "holes": {"0": 0.18329370327246225, "1": 0.28905000801453345, "2": 0.21694217391613205, "3": 0.15173734861728788}}