{"2": {"phi_c_k": -4.624635812519346, "abs_cf": 1.1077435611206328, "tip": [35.092984133235355, 0.40488090400066246], "cf": [1.1018556467117833, 0.11406108457128994], "kappa_c": -0.028642776841082507, "k2": [0.9177842736244202, 2.318678379058838, 2.401824712753296, 2.42818284034729, 2.448802947998047], "k1": [56.77685546875, 59.509986877441406, 59.822566986083984, 59.93797302246094, 59.999393463134766], "phi_c": -4.923330679587252}}