{"2": {"phi_c_k": -81.09069915279959, "abs_cf": 0.001890128046939401, "tip": [26.14082122436323, -0.5218225291505219], "cf": [0.00016610029400143667, 0.0018828156378571936], "kappa_c": 0.15329501754111513, "k2": [0.11291877925395966, 0.7043967843055725, 0.8101532459259033, 0.8472068905830383, 0.8712401986122131], "k1": [-0.10569736361503601, -0.46338599920272827, -0.45672398805618286, -0.4591236114501953, -0.4601069986820221], "phi_c": 79.04841772940838}}