{"0": {"sI_max": 14.911894798278809, "pos_max": [34.651824951171875, -15.025712966918945], "s_path": [[0.0, 14.911894798278809], [0.03333459049463272, 14.87612247467041], [0.06666545569896698, 14.84036636352539], [0.1000000461935997, 14.804615020751953], [0.13333484530448914, 14.768875122070312], [0.1666657030582428, 14.733150482177734], [0.20000030100345612, 14.697432518005371], [0.23333489894866943, 14.661724090576172], [0.2666657567024231, 14.626031875610352], [0.3000003397464752, 14.59034538269043], [0.33333492279052734, 14.554668426513672], [0.366665780544281, 14.519006729125977], [0.40000057220458984, 14.483352661132812]], "n": [0.9777437725851422, 0.20980256235559605]}, "1": {"sI_max": 17.142967224121094, "pos_max": [33.24195861816406, 3.7983222007751465], "s_path": [[0.0, 17.142967224121094], [0.03333155810832977, 17.094181060791016], [0.06666692346334457, 17.0455265045166], [0.09999846667051315, 16.997013092041016], [0.13333383202552795, 16.94863510131836], [0.16666539013385773, 16.9003963470459], [0.20000074803829193, 16.8522891998291], [0.2333322912454605, 16.8043270111084], [0.2666676640510559, 16.756492614746094], [0.2999992072582245, 16.708803176879883], [0.3333345651626587, 16.661243438720703], [0.36666610836982727, 16.613828659057617], [0.4000014662742615, 16.566543579101562]], "n": [0.9980927530954329, -0.061732132786574585]}, "2": {"sI_max": 17.221759796142578, "pos_max": [68.2654800415039, -17.010913848876953], "s_path": [[0.0, 17.221759796142578], [0.033334508538246155, 17.163358688354492], [0.0666687935590744, 17.1051082611084], [0.10000330209732056, 17.046998977661133], [0.13333001732826233, 16.989055633544922], [0.16666452586650848, 16.931241989135742], [0.19999881088733673, 16.873580932617188], [0.23333331942558289, 16.81606101989746], [0.26666760444641113, 16.75869369506836], [0.3000021278858185, 16.701467514038086], [0.33333641290664673, 16.64439582824707], [0.3666633367538452, 16.587478637695312], [0.39999762177467346, 16.530696868896484]], "n": [0.9930859236888192, 0.11738972770700508]}, "3": {"sI_max": 17.449678421020508, "pos_max": [39.811241149902344, 7.232762813568115], "s_path": [[0.0, 17.449678421020508], [0.033334534615278244, 17.406982421875], [0.06666528433561325, 17.364437103271484], [0.0999998226761818, 17.32202911376953], [0.13333435356616974, 17.279766082763672], [0.16666510701179504, 17.237653732299805], [0.1999996453523636, 17.195682525634766], [0.23333418369293213, 17.153852462768555], [0.26666492223739624, 17.112173080444336], [0.2999994456768036, 17.070632934570312], [0.33333396911621094, 17.029237747192383], [0.3666684925556183, 16.987987518310547], [0.3999992311000824, 16.94688606262207]], "n": [-0.9933108935864653, 0.1154706399153377]}}