{"cracks": {"2": 0.06837468426720486, "4": 0.5033828165888362}, "holes": {"0": 0.05458522419327984, "1": 0.003273789420416928, "2": 0.07889920009711622, "3": 0.1199716800758845}}