{"cracks": {"0": 0.8366114329105333}, "holes": {"0": 0.23406710958726745, "1": 0.2688459673730138, "2": 0.2697836358219822, "3": 0.27387744494329297}}