{"2": {"phi_c_k": 10.385329733190297, "abs_cf": 0.0055255363741220755, "tip": [26.14082122436323, -0.5218225291505219], "cf": [0.00507608683401628, -0.0021828638700736036], "kappa_c": 0.6415458909527506, "k2": [-0.45575469732284546, -0.21286176145076752, -0.20205682516098022, -0.3518408536911011, -0.5113335847854614], "k1": [0.3032993972301483, 3.7765753269195557, 3.7535810470581055, 3.807622194290161, 3.757371664047241], "phi_c": 330.8208472399748}}