{"0": {"sI_max": 15.768779754638672, "pos_max": [34.29930877685547, -13.679378509521484], "s_path": [[0.0, 15.768779754638672], [0.03333441540598869, 15.726841926574707], [0.06666518747806549, 15.684906959533691], [0.09999960660934448, 15.64296817779541], [0.13333402574062347, 15.601028442382812], [0.16666844487190247, 15.559089660644531], [0.19999921321868896, 15.517154693603516], [0.23333334922790527, 15.475215911865234], [0.26666775345802307, 15.433277130126953], [0.29999852180480957, 15.391342163085938], [0.33333292603492737, 15.349401473999023], [0.36666733026504517, 15.307461738586426], [0.40000173449516296, 15.265522003173828]], "n": [0.9550905513848246, 0.29631408784502916]}, "1": {"sI_max": 16.233806610107422, "pos_max": [33.24195861816406, 3.7983222007751465], "s_path": [[0.0, 16.233806610107422], [0.03333155810832977, 16.216033935546875], [0.06666692346334457, 16.198352813720703], [0.09999846667051315, 16.180768966674805], [0.13333383202552795, 16.163278579711914], [0.16666539013385773, 16.14588737487793], [0.20000074803829193, 16.128585815429688], [0.2333322912454605, 16.11138153076172], [0.2666676640510559, 16.09427261352539], [0.2999992072582245, 16.077259063720703], [0.3333345651626587, 16.060338973999023], [0.36666610836982727, 16.043516159057617], [0.4000014662742615, 16.02678680419922]], "n": [0.9980927530954329, -0.061732132786574585]}, "2": {"sI_max": 17.458175659179688, "pos_max": [68.2654800415039, -17.010913848876953], "s_path": [[0.0, 17.458175659179688], [0.033334508538246155, 17.397096633911133], [0.0666687935590744, 17.336172103881836], [0.10000330209732056, 17.275400161743164], [0.13333001732826233, 17.21479606628418], [0.16666452586650848, 17.154327392578125], [0.19999881088733673, 17.094017028808594], [0.23333331942558289, 17.033859252929688], [0.26666760444641113, 16.973854064941406], [0.3000021278858185, 16.913999557495117], [0.33333641290664673, 16.85430145263672], [0.3666633367538452, 16.794769287109375], [0.39999762177467346, 16.73537826538086]], "n": [0.9930859236888192, 0.11738972770700508]}, "3": {"sI_max": 17.986848831176758, "pos_max": [39.811241149902344, 7.232762813568115], "s_path": [[0.0, 17.986848831176758], [0.033334534615278244, 17.93381118774414], [0.06666528433561325, 17.881010055541992], [0.0999998226761818, 17.82843780517578], [0.13333435356616974, 17.776100158691406], [0.16666510701179504, 17.724002838134766], [0.1999996453523636, 17.67213249206543], [0.23333418369293213, 17.62049674987793], [0.26666492223739624, 17.56909942626953], [0.2999994456768036, 17.517929077148438], [0.33333396911621094, 17.466995239257812], [0.3666684925556183, 17.41629409790039], [0.3999992311000824, 17.36583137512207]], "n": [-0.9933108935864653, 0.1154706399153377]}}