{"0": {"sI_max": 2.7518856525421143, "pos_max": [26.048093795776367, -9.842937469482422], "s_path": [[0.0, 2.7518856525421143], [0.03333338350057602, 2.733865261077881], [0.06666676700115204, 2.7155468463897705], [0.10000015050172806, 2.6969289779663086], [0.1333332061767578, 2.6780130863189697], [0.16666659712791443, 2.6587979793548584], [0.19999998807907104, 2.639284133911133], [0.23333337903022766, 2.619471549987793], [0.2666667699813843, 2.5993599891662598], [0.3000001609325409, 2.5789499282836914], [0.33333322405815125, 2.558241128921509], [0.36666661500930786, 2.5372331142425537], [0.4000000059604645, 2.5159268379211426]], "n": [-0.5772881074204381, 0.816540532387051]}, "1": {"sI_max": 0.0032454421743750572, "pos_max": [26.053665161132812, 1.6117732524871826], "s_path": [[0.0, 0.0032454421743750572], [0.03333283215761185, 0.0034939658362418413], [0.06666674464941025, 0.0037382410373538733], [0.0999995768070221, 0.0039782398380339146], [0.1333334892988205, 0.004213990177959204], [0.16666631400585175, 0.004445464350283146], [0.2000001221895218, 0.004672688897699118], [0.2333330512046814, 0.004895639140158892], [0.26666685938835144, 0.005114338360726833], [0.29999980330467224, 0.005328764207661152], [0.3333336114883423, 0.005538938567042351], [0.3666665554046631, 0.005744839087128639], [0.40000036358833313, 0.005946489050984383]], "n": [-0.5118639543116505, -0.8590665237782464]}, "2": {"sI_max": 0.0759277418255806, "pos_max": [60.096763610839844, -14.451128959655762], "s_path": [[0.0, 0.0759277418255806], [0.03333341330289841, 0.07705570757389069], [0.06666682660579681, 0.07818426936864853], [0.10000023990869522, 0.07931344211101532], [0.133332759141922, 0.08044318854808807], [0.166666179895401, 0.08157355338335037], [0.19999960064888, 0.08270452916622162], [0.233333021402359, 0.08383609354496002], [0.266666442155838, 0.08496826887130737], [0.299999862909317, 0.08610103279352188], [0.333333283662796, 0.08723440021276474], [0.3666658103466034, 0.08836834877729416], [0.3999992311000824, 0.08950291574001312]], "n": [-0.3366891671430443, 0.9416158477471178]}, "3": {"sI_max": 3.2440338134765625, "pos_max": [51.9461555480957, -4.34723424911499], "s_path": [[0.0, 3.2440338134765625], [0.03333296999335289, 3.223287582397461], [0.06666633486747742, 3.202467679977417], [0.09999930113554001, 3.181575059890747], [0.1333322674036026, 3.160609245300293], [0.16666778922080994, 3.1395678520202637], [0.20000076293945312, 3.1184558868408203], [0.23333412408828735, 3.0972700119018555], [0.26666709780693054, 3.0760114192962646], [0.30000007152557373, 3.054680109024048], [0.33333343267440796, 3.0332746505737305], [0.36666640639305115, 3.011796474456787], [0.39999938011169434, 2.9902453422546387]], "n": [0.566723151252493, -0.8239082896988256]}}