{"2": {"phi_c_k": 171.24487050446936, "abs_cf": 0.012007916484224937, "tip": [24.959559681691978, -6.387942256844182], "cf": [0.002750412870143215, 0.011688682018768048], "kappa_c": -0.03524120886413138, "k2": [-0.10847802460193634, -0.2522178292274475, -0.2481398731470108, -0.24319390952587128, -0.24022851884365082], "k1": [-5.948797702789307, -6.311404228210449, -6.331198692321777, -6.335080623626709, -6.335966110229492], "phi_c": -6.057517598561262}}