{"0": {"phi_c_k": 0.2681477769463927, "abs_cf": 0.6850266228293268, "tip": [10.0, 0.0], "cf": [-0.6850186281341166, -0.003309545921354129], "kappa_c": 0.0004831284925216987, "k2": [-0.10917526483535767, -0.10824496299028397, -0.11047237366437912, -0.11104044318199158, -0.11149526387453079], "k1": [45.18093490600586, 47.091732025146484, 47.36275863647461, 47.45195007324219, 47.49510955810547], "phi_c": 0.27681223584011094}}