{"2": {"phi_c_k": -84.04555730428174, "abs_cf": 0.003448209841111548, "tip": [26.14082122436323, -0.5218225291505219], "cf": [0.0004225962810284756, 0.003422216166696579], "kappa_c": 0.1494202562130337, "k2": [0.2007901966571808, 0.9932160377502441, 1.1461185216903687, 1.1977694034576416, 1.2309025526046753], "k1": [-0.19580140709877014, -0.8349277377128601, -0.8255385160446167, -0.8294833302497864, -0.8306463956832886], "phi_c": 77.05035049293224}, "4": {"phi_c_k": 1.3379720618572069, "abs_cf": 0.12800342202533238, "tip": [42.63912903475558, -14.874286668606397], "cf": [0.10519709504494301, -0.0729276850331928], "kappa_c": 0.0048307778859803755, "k2": [-0.022162793204188347, -0.2340926229953766, -0.23300792276859283, -0.23683084547519684, -0.23808333277702332], "k1": [15.127087593078613, 20.172550201416016, 20.25412368774414, 20.27709197998047, 20.286239624023438], "phi_c": 0.8303495538954166}}