{"0": {"sI_max": 3.582735538482666, "pos_max": [32.12466049194336, -10.18929672241211], "s_path": [[0.0, 3.582735538482666], [0.03333253413438797, 3.562955856323242], [0.06666578352451324, 3.54317569732666], [0.10000084340572357, 3.523395299911499], [0.13333337008953094, 3.503617763519287], [0.16666661202907562, 3.483839750289917], [0.199999138712883, 3.4640629291534424], [0.23333419859409332, 3.4442856311798096], [0.2666674554347992, 3.4245097637176514], [0.29999998211860657, 3.4047353267669678], [0.33333250880241394, 3.3849613666534424], [0.36666756868362427, 3.3651866912841797], [0.40000081062316895, 3.3454136848449707]], "n": [0.6626389528325494, 0.7489389949715414]}, "1": {"sI_max": 0.20033563673496246, "pos_max": [26.217958450317383, 1.4796197414398193], "s_path": [[0.0, 0.20033563673496246], [0.033333271741867065, 0.19439458847045898], [0.06666664779186249, 0.18823593854904175], [0.09999991953372955, 0.18185974657535553], [0.13333319127559662, 0.17667743563652039], [0.16666646301746368, 0.1720636487007141], [0.1999998390674591, 0.1672724187374115], [0.23333311080932617, 0.1623038351535797], [0.26666638255119324, 0.15655720233917236], [0.29999974370002747, 0.1422441601753235], [0.33333301544189453, 0.1320263296365738], [0.3666662871837616, 0.12340008467435837], [0.3999996483325958, 0.11390522867441177]], "n": [-0.4904956721044926, -0.8714436273487586]}, "2": {"sI_max": 9.555086135864258, "pos_max": [46.643150329589844, -17.862934112548828], "s_path": [[0.0, 9.555086135864258], [0.03333264961838722, 9.505212783813477], [0.06666529923677444, 9.455354690551758], [0.09999913722276688, 9.405509948730469], [0.13333477079868317, 9.355672836303711], [0.1666674166917801, 9.305858612060547], [0.20000006258487701, 9.25605583190918], [0.23333390057086945, 9.206266403198242], [0.26666656136512756, 9.156493186950684], [0.2999992072582245, 9.106733322143555], [0.3333318531513214, 9.056988716125488], [0.36666569113731384, 9.007256507873535], [0.40000131726264954, 8.95753288269043]], "n": [-0.7825618542625588, 0.6225728425278007]}, "3": {"sI_max": 8.416667938232422, "pos_max": [61.54255294799805, 17.951379776000977], "s_path": [[0.0, 8.416667938232422], [0.03333190456032753, 8.384485244750977], [0.06666795909404755, 8.352288246154785], [0.09999985992908478, 8.320091247558594], [0.13333219289779663, 8.287886619567871], [0.16666781902313232, 8.255672454833984], [0.20000015199184418, 8.223454475402832], [0.2333320528268814, 8.191230773925781], [0.2666681110858917, 8.15899658203125], [0.30000001192092896, 8.126758575439453], [0.333332359790802, 8.094514846801758], [0.3666679859161377, 8.062261581420898], [0.40000033378601074, 8.030004501342773]], "n": [0.9739300115549948, 0.22684869978134742]}}