{"0": {"x0": [0, 0], "n0": [1, 0], "da": [10.0, 3.0, 3.0], "kappa": [0, 0, 0], "dphi": [0, 0.27681223584011094, 1.824345956176996], "is_active": 1, "close_hole": []}}