{"0": {"kappa": [0, 0, 0, 0, 0, 0], "is_active": 0, "da": [10.0, 3.0, 3.0, 3.0, 3.0, 3.8591428571428574], "n0": [1, 0], "dphi": [0, 0.27681223584011094, 1.824345956176996, 3.113396934705545, 4.956059628510065, 7.977026122952427], "x0": [0, 0], "close_hole": []}, "1": {"kappa": [0, 0, 0, 0], "is_active": 0, "da": [2.0, 3.0, 3.0, 3.780309842604269], "n0": [0.9865216593370129, 0.16363072956797184], "dphi": [0, -6.420553779697826, -5.125201207958985, 0.47775963537515165], "x0": [68.2564192906657, -16.750018270980622], "close_hole": []}, "2": {"kappa": [0, 0], "is_active": 1, "da": [2.0, 3.0], "n0": [-0.9742305908881855, -0.2255543299909288], "dphi": [0, -2.2020941104473195], "x0": [39.98797903979506, 1.4198503701345913], "close_hole": []}}