{"0": {"sI_max": 15.817584037780762, "pos_max": [34.29930877685547, -13.679378509521484], "s_path": [[0.0, 15.817584037780762], [0.03333441540598869, 15.77023696899414], [0.06666518747806549, 15.722895622253418], [0.09999960660934448, 15.67554759979248], [0.13333402574062347, 15.628201484680176], [0.16666844487190247, 15.580856323242188], [0.19999921321868896, 15.533514022827148], [0.23333334922790527, 15.48616886138916], [0.26666775345802307, 15.438822746276855], [0.29999852180480957, 15.391483306884766], [0.33333292603492737, 15.344136238098145], [0.36666733026504517, 15.296792030334473], [0.40000173449516296, 15.249446868896484]], "n": [0.9550905513848246, 0.29631408784502916]}, "1": {"sI_max": 16.514633178710938, "pos_max": [33.24195861816406, 3.7983222007751465], "s_path": [[0.0, 16.514633178710938], [0.03333155810832977, 16.495250701904297], [0.06666692346334457, 16.475969314575195], [0.09999846667051315, 16.45679473876953], [0.13333383202552795, 16.43772315979004], [0.16666539013385773, 16.418758392333984], [0.20000074803829193, 16.399898529052734], [0.2333322912454605, 16.38114356994629], [0.2666676640510559, 16.362491607666016], [0.2999992072582245, 16.34394645690918], [0.3333345651626587, 16.325504302978516], [0.36666610836982727, 16.307170867919922], [0.4000014662742615, 16.288936614990234]], "n": [0.9980927530954329, -0.061732132786574585]}, "2": {"sI_max": 18.556957244873047, "pos_max": [68.2654800415039, -17.010913848876953], "s_path": [[0.0, 18.556957244873047], [0.033334508538246155, 18.489835739135742], [0.0666687935590744, 18.422719955444336], [0.10000330209732056, 18.355606079101562], [0.13333001732826233, 18.28851318359375], [0.16666452586650848, 18.22140884399414], [0.19999881088733673, 18.15431022644043], [0.23333331942558289, 18.08721351623535], [0.26666760444641113, 18.020122528076172], [0.3000021278858185, 17.953033447265625], [0.33333641290664673, 17.885950088500977], [0.3666633367538452, 17.818885803222656], [0.39999762177467346, 17.75181007385254]], "n": [0.9930859236888192, 0.11738972770700508]}, "3": {"sI_max": 17.9643611907959, "pos_max": [39.811241149902344, 7.232762813568115], "s_path": [[0.0, 17.9643611907959], [0.033334534615278244, 17.91193199157715], [0.06666528433561325, 17.859750747680664], [0.0999998226761818, 17.80780601501465], [0.13333435356616974, 17.756103515625], [0.16666510701179504, 17.704647064208984], [0.1999996453523636, 17.653427124023438], [0.23333418369293213, 17.602447509765625], [0.26666492223739624, 17.551719665527344], [0.2999994456768036, 17.501224517822266], [0.33333396911621094, 17.450971603393555], [0.3666684925556183, 17.400959014892578], [0.3999992311000824, 17.3511962890625]], "n": [-0.9933108935864653, 0.1154706399153377]}}