{"0": {"sI_max": 15.672616004943848, "pos_max": [14.95950984954834, -19.466476440429688], "s_path": [[0.0, 15.672616004943848], [0.033333778381347656, 15.61599063873291], [0.0666666030883789, 15.55955696105957], [0.10000038146972656, 15.503313064575195], [0.1333332061767578, 15.447260856628418], [0.16666698455810547, 15.391398429870605], [0.19999980926513672, 15.335726737976074], [0.23333358764648438, 15.280245780944824], [0.2666664123535156, 15.224956512451172], [0.3000001907348633, 15.169856071472168], [0.33333301544189453, 15.114949226379395], [0.3666667938232422, 15.060229301452637], [0.39999961853027344, 15.00570297241211]], "n": [-0.9999999992660039, 3.8314385929107586e-05]}, "1": {"sI_max": 15.21436882019043, "pos_max": [33.24195861816406, 3.7983222007751465], "s_path": [[0.0, 15.21436882019043], [0.03333155810832977, 15.199882507324219], [0.06666692346334457, 15.185626029968262], [0.09999846667051315, 15.171601295471191], [0.13333383202552795, 15.157806396484375], [0.16666539013385773, 15.144245147705078], [0.20000074803829193, 15.130912780761719], [0.2333322912454605, 15.11781120300293], [0.2666676640510559, 15.104940414428711], [0.2999992072582245, 15.092302322387695], [0.3333345651626587, 15.079893112182617], [0.36666610836982727, 15.067716598510742], [0.4000014662742615, 15.055770874023438]], "n": [0.9980927530954329, -0.061732132786574585]}, "2": {"sI_max": 17.2001895904541, "pos_max": [68.2654800415039, -17.010913848876953], "s_path": [[0.0, 17.2001895904541], [0.033334508538246155, 17.140676498413086], [0.0666687935590744, 17.08137321472168], [0.10000330209732056, 17.022275924682617], [0.13333001732826233, 16.96339988708496], [0.16666452586650848, 16.90471649169922], [0.19999881088733673, 16.846240997314453], [0.23333331942558289, 16.78797149658203], [0.26666760444641113, 16.729909896850586], [0.3000021278858185, 16.672054290771484], [0.33333641290664673, 16.614408493041992], [0.3666633367538452, 16.556976318359375], [0.39999762177467346, 16.499744415283203]], "n": [0.9930859236888192, 0.11738972770700508]}, "3": {"sI_max": 17.709985733032227, "pos_max": [39.811241149902344, 7.232762813568115], "s_path": [[0.0, 17.709985733032227], [0.033334534615278244, 17.659770965576172], [0.06666528433561325, 17.6097412109375], [0.0999998226761818, 17.559886932373047], [0.13333435356616974, 17.510208129882812], [0.16666510701179504, 17.460712432861328], [0.1999996453523636, 17.411392211914062], [0.23333418369293213, 17.36224937438965], [0.26666492223739624, 17.313289642333984], [0.2999994456768036, 17.264503479003906], [0.33333396911621094, 17.215896606445312], [0.3666684925556183, 17.16746711730957], [0.3999992311000824, 17.11922264099121]], "n": [-0.9933108935864653, 0.1154706399153377]}}