{"0": {"sI_max": 3.985971689224243, "pos_max": [31.064128875732422, -9.286872863769531], "s_path": [[0.0, 3.985971689224243], [0.033332739025354385, 3.957542657852173], [0.06666668504476547, 3.929043769836426], [0.09999942779541016, 3.9004764556884766], [0.13333337008953094, 3.8718392848968506], [0.16666610538959503, 3.8431341648101807], [0.20000004768371582, 3.814358949661255], [0.2333327829837799, 3.785515308380127], [0.2666667401790619, 3.7566018104553223], [0.299999475479126, 3.7276206016540527], [0.33333343267440796, 3.69856858253479], [0.36666616797447205, 3.6694490909576416], [0.40000012516975403, 3.6403567790985107]], "n": [0.6332294387999753, 0.7739641321386077]}, "1": {"sI_max": 0.27153849601745605, "pos_max": [26.217958450317383, 1.4796197414398193], "s_path": [[0.0, 0.27153849601745605], [0.033333271741867065, 0.2619796693325043], [0.06666664779186249, 0.25235337018966675], [0.09999991953372955, 0.24265973269939423], [0.13333319127559662, 0.23483839631080627], [0.16666646301746368, 0.22783949971199036], [0.1999998390674591, 0.22059780359268188], [0.23333311080932617, 0.21311338245868683], [0.26666638255119324, 0.20451557636260986], [0.29999974370002747, 0.1834239810705185], [0.33333301544189453, 0.1682238131761551], [0.3666662871837616, 0.15535429120063782], [0.3999996483325958, 0.1411791443824768]], "n": [-0.4904956721044926, -0.8714436273487586]}, "2": {"sI_max": 1.7514855861663818, "pos_max": [49.40979766845703, -15.907779693603516], "s_path": [[0.0, 1.7514855861663818], [0.03333393484354019, 1.7516100406646729], [0.0666663870215416, 1.751854658126831], [0.10000032186508179, 1.7522192001342773], [0.1333337277173996, 1.7527040243148804], [0.16666671633720398, 1.7533087730407715], [0.2000001221895218, 1.7540338039398193], [0.23333311080932617, 1.7548787593841553], [0.2666665017604828, 1.7558438777923584], [0.3000004291534424, 1.7569291591644287], [0.333332896232605, 1.758134365081787], [0.3666668236255646, 1.7594598531723022], [0.4000002145767212, 1.7609052658081055]], "n": [-0.14013640812813105, 0.9901322068880226]}, "3": {"sI_max": 6.715610504150391, "pos_max": [61.54255294799805, 17.951379776000977], "s_path": [[0.0, 6.715610504150391], [0.03333190456032753, 6.6942877769470215], [0.06666795909404755, 6.672961711883545], [0.09999985992908478, 6.651637077331543], [0.13333219289779663, 6.630311965942383], [0.16666781902313232, 6.608985900878906], [0.20000015199184418, 6.58765983581543], [0.2333320528268814, 6.5663347244262695], [0.2666681110858917, 6.545006275177002], [0.30000001192092896, 6.523680210113525], [0.333332359790802, 6.502352714538574], [0.3666679859161377, 6.481024265289307], [0.40000033378601074, 6.4596967697143555]], "n": [0.9739300115549948, 0.22684869978134742]}}