{"0": {"phi_c_k": 4.875273443368001, "abs_cf": 0.45314916789866727, "tip": [18.985531974579075, 0.3971422264987738], "cf": [-0.44602851775033514, -0.0800170589355389], "kappa_c": 0.02883318614755589, "k2": [-1.626416563987732, -1.6138650178909302, -1.636614203453064, -1.6415518522262573, -1.6456425189971924], "k1": [36.65077209472656, 38.15444564819336, 38.35680389404297, 38.421043395996094, 38.451087951660156], "phi_c": 4.956059628510065}}