{"cracks": {"0": 1.0791631472259793}, "holes": {"0": 0.24738653720237205, "1": 0.2554905667712878, "2": 0.27342757912814847, "3": 0.2820229882436798}}