{"cracks": {"0": 0.9558280145214866}, "holes": {"0": 0.24798450582141776, "1": 0.2598690179522195, "2": 0.29056413639650364, "3": 0.28168780962226403}}