{"0": {"phi_c_k": 7.612110454331894, "abs_cf": 0.34715967007960147, "tip": [21.938390874124106, 0.9268820865977705], "cf": [-0.32989093392342284, -0.1081286652322575], "kappa_c": 0.04640845678770595, "k2": [-2.227210760116577, -2.210693120956421, -2.241513729095459, -2.246958017349243, -2.251645565032959], "k1": [31.955528259277344, 33.255455017089844, 33.42414474487305, 33.47663497924805, 33.500919342041016], "phi_c": 7.977026122952427}}