{"2": {"phi_c_k": -2.067214159485576, "abs_cf": 0.6457214277703653, "tip": [38.039517858018684, 0.9687417101527336], "cf": [0.6342133212468752, 0.12136566827075512], "kappa_c": -0.019216896333040693, "k2": [0.7874061465263367, 0.8124228715896606, 0.8300002217292786, 0.8364579677581787, 0.8407590389251709], "k1": [44.34768295288086, 46.02008056640625, 46.25343322753906, 46.33203125, 46.370113372802734], "phi_c": -2.2020941104473195}}