{"cracks": {"0": 1.1752029876391146}, "holes": {"0": 0.2454062145944161, "1": 0.23951775914462314, "2": 0.26940904455619774, "3": 0.27774491355389735}}