{"1": {"phi_c_k": -6.36913411099681, "abs_cf": 0.6534964119616309, "tip": [73.22535903010899, -16.265898162029117], "cf": [-0.6530457159533398, 0.024266300124152346], "kappa_c": -0.029817211968691634, "k2": [2.988703727722168, 2.6129648685455322, 2.5875608921051025, 2.587965250015259, 2.5839858055114746], "k1": [43.60100555419922, 45.894187927246094, 46.14302444458008, 46.22595977783203, 46.26601791381836], "phi_c": -5.125201207958985}}