{"cracks": {"0": 1.1651509759373093}, "holes": {"0": 0.24666179901263552, "1": 0.24835626015865456, "2": 0.2708566508382572, "3": 0.2807374880210875}}