{"0": {"x0": [0, 0], "n0": [1, 0], "da": [10.0, 3.0, 3.0, 3.0, 3.0, 3.8591428571428574], "kappa": [0, 0, 0, 0, 0, 0], "dphi": [0, 0.27681223584011094, 1.824345956176996, 3.113396934705545, 4.956059628510065, 7.977026122952427], "is_active": 0, "close_hole": []}}