{"cracks": {"2": 0.061731207910746086}, "holes": {"0": 0.055881590388288806, "1": 0.002967585444320445, "2": 0.14912683190449674, "3": 0.13173233242106566}}