{"0": {"kappa": [0, 0, 0, 0, 0, 0], "is_active": 0, "da": [10.0, 3.0, 3.0, 3.0, 3.0, 3.8591428571428574], "n0": [1, 0], "dphi": [0, 0.27681223584011094, 1.824345956176996, 3.113396934705545, 4.956059628510065, 7.977026122952427], "x0": [0, 0], "close_hole": []}, "1": {"kappa": [0, 0, 0, 0], "is_active": 0, "da": [2.0, 3.0, 3.0, 3.780309842604269], "n0": [0.9865216593370129, 0.16363072956797184], "dphi": [0, -6.420553779697826, -5.125201207958985, 0.47775963537515165], "x0": [68.2564192906657, -16.750018270980622], "close_hole": []}, "2": {"kappa": [0, 0, 0], "is_active": 1, "da": [2.0, 3.0, 9.0], "n0": [-0.9742305908881855, -0.2255543299909288], "dphi": [0, -2.2020941104473195, -4.923330679587252], "x0": [39.98797903979506, 1.4198503701345913], "close_hole": [1]}, "3": {"kappa": [0], "is_active": 0, "da": [2.0], "n0": [0.6270641965453067, -0.7789675817458575], "dphi": [0], "x0": [31.658558798853004, 0.9344884642810759], "close_hole": []}, "4": {"kappa": [0, 0, 0, 0], "is_active": 1, "da": [2.0, 3.0, 3.0, 3.0], "n0": [-0.7825618542625588, 0.6225728425278007], "dphi": [0, 2.942351032034395, 0.8303495538954166, 5.228730220936569], "x0": [46.64471545329837, -17.864179258233882], "close_hole": []}}