{"0": {"sI_max": 3.3774049095630643e-12, "pos_max": [15.166985511779785, -20.945648193359375], "s_path": [[0.0, 3.3774049095630643e-12], [0.03333291411399841, 3.3474440667286e-12], [0.0666666328907013, 3.317486476500653e-12], [0.09999954700469971, 3.2875351746453063e-12], [0.1333332657814026, 3.2575871253964772e-12], [0.16666704416275024, 3.2276449308393795e-12], [0.19999995827674866, 3.1977081572931443e-12], [0.23333367705345154, 3.1677746363534265e-12], [0.26666659116744995, 3.1378471869458746e-12], [0.30000030994415283, 3.1079232069852747e-12], [0.33333322405815125, 3.078005515397275e-12], [0.3666669428348541, 3.0496560138315587e-12], [0.39999985694885254, 3.028206808572409e-12]], "n": [-0.9059172172560683, -0.4234548328677113]}, "1": {"sI_max": 1.3670229499166547e-13, "pos_max": [26.40338134765625, 1.3832659721374512], "s_path": [[0.0, 1.3670229499166547e-13], [0.033333007246255875, 1.9777444113834586e-13], [0.06666692346334457, 2.583900975128284e-13], [0.09999992698431015, 3.1854610637628566e-13], [0.1333337426185608, 3.389785197330242e-13], [0.16666674613952637, 3.5531413965575465e-13], [0.19999974966049194, 3.7203166979374314e-13], [0.23333366215229034, 3.891310288318267e-13], [0.2666666805744171, 4.066123522952769e-13], [0.2999996840953827, 4.2447558597398516e-13], [0.3333336114883423, 4.427207569730057e-13], [0.36666661500930786, 4.613477568721214e-13], [0.4000004231929779, 4.803566398814407e-13]], "n": [-0.4758668496276249, -0.8795173343519044]}, "2": {"sI_max": 1.2317527640220982e-12, "pos_max": [63.98577117919922, -12.616289138793945], "s_path": [[0.0, 1.2317527640220982e-12], [0.03333369269967079, 1.2224209275032982e-12], [0.06666668504476547, 1.2130001864063544e-12], [0.09999944269657135, 1.2034908659919186e-12], [0.13333313167095184, 1.1938925325791216e-12], [0.16666682064533234, 1.1842054030083982e-12], [0.19999980926513672, 1.1744291520190964e-12], [0.2333334982395172, 1.164564104871868e-12], [0.2666671872138977, 1.154610261566713e-12], [0.2999999523162842, 1.1445680557845006e-12], [0.33333295583724976, 1.1344362949028408e-12], [0.36666664481163025, 1.1242158462834717e-12], [0.40000033378601074, 1.113906601506176e-12]], "n": [-0.18353166478719996, 0.983013798489339]}, "3": {"sI_max": 3.483513390939441e-13, "pos_max": [40.1717529296875, 8.87563705444336], "s_path": [[0.0, 3.483513390939441e-13], [0.03333287686109543, 3.4600902872050643e-13], [0.06666575372219086, 3.436648752033755e-13], [0.09999863058328629, 3.4131882433244276e-13], [0.13333472609519958, 3.389705779521107e-13], [0.16666759550571442, 3.366208678988458e-13], [0.20000046491622925, 3.3426923338672476e-13], [0.23333333432674408, 3.319158099410191e-13], [0.2666662037372589, 3.295604891415116e-13], [0.29999908804893494, 3.2720332519831086e-13], [0.3333316147327423, 3.2484686598652224e-13], [0.36666804552078247, 3.2249490621374943e-13], [0.4000009298324585, 3.2014012751532817e-13]], "n": [-0.9327099057211446, 0.36062755270452307]}}