{"0": {"x0": [0, 0], "n0": [1, 0], "da": [10.0, 3.0, 3.0, 3.0, 3.0, 3.8591428571428574], "kappa": [0, 0, 0, 0, 0, 0], "dphi": [0, 0.27681223584011094, 1.824345956176996, 3.113396934705545, 4.956059628510065, 7.977026122952427], "is_active": 0, "close_hole": []}, "1": {"x0": [68.2564192906657, -16.750018270980622], "n0": [0.9865216593370129, 0.16363072956797184], "da": [2.0, 3.0, 3.0, 3.780309842604269], "kappa": [0, 0, 0, 0], "dphi": [0, -6.420553779697826, -5.125201207958985, 0.47775963537515165], "is_active": 0, "close_hole": []}}