{"0": {"phi_c_k": 3.166014322548853, "abs_cf": 0.5776381767720176, "tip": [15.997947946643702, 0.12448552655278226], "cf": [-0.5752475302832636, -0.05249897301382589], "kappa_c": 0.01811300914403689, "k2": [-1.1741948127746582, -1.179611325263977, -1.1978906393051147, -1.2029573917388916, -1.2067527770996094], "k1": [41.430274963378906, 43.1463737487793, 43.38506317138672, 43.462589263916016, 43.49955749511719], "phi_c": 3.113396934705545}}