{"0": {"sI_max": 12.15799331665039, "pos_max": [54.83069610595703, -21.93329429626465], "s_path": [[0.0, 12.15799331665039], [0.033332038670778275, 12.100314140319824], [0.06666787713766098, 12.042632102966309], [0.10000009089708328, 11.984957695007324], [0.13333213329315186, 11.927285194396973], [0.16666796803474426, 11.869607925415039], [0.20000000298023224, 11.811938285827637], [0.23333221673965454, 11.754268646240234], [0.26666805148124695, 11.696596145629883], [0.3000001013278961, 11.638931274414062], [0.3333321511745453, 11.581269264221191], [0.3666679859161377, 11.523600578308105], [0.4000001847743988, 11.465940475463867]], "n": [0.9960170993457589, -0.08916242376057597]}, "1": {"sI_max": 11.781742095947266, "pos_max": [60.52295684814453, -3.597318649291992], "s_path": [[0.0, 11.781742095947266], [0.03333386033773422, 11.740945816040039], [0.06666767597198486, 11.700201034545898], [0.10000153630971909, 11.659507751464844], [0.13333159685134888, 11.618870735168457], [0.1666654497385025, 11.57828140258789], [0.19999927282333374, 11.537744522094727], [0.23333312571048737, 11.497257232666016], [0.2666669487953186, 11.456823348999023], [0.3000008165836334, 11.416440963745117], [0.33333468437194824, 11.376110076904297], [0.3666684925556183, 11.335830688476562], [0.39999860525131226, 11.295607566833496]], "n": [0.9852063741967746, 0.17137211045571238]}, "2": {"sI_max": 12.79396915435791, "pos_max": [65.67790222167969, -22.795188903808594], "s_path": [[0.0, 12.79396915435791], [0.03333296626806259, 12.728714942932129], [0.06666593253612518, 12.663694381713867], [0.09999889880418777, 12.598908424377441], [0.13333186507225037, 12.534356117248535], [0.16666483879089355, 12.470037460327148], [0.19999781250953674, 12.405954360961914], [0.23333078622817993, 12.342103004455566], [0.2666637599468231, 12.278486251831055], [0.2999967336654663, 12.215103149414062], [0.3333364427089691, 12.151945114135742], [0.3666694164276123, 12.089030265808105], [0.4000023901462555, 12.026350021362305]], "n": [-0.8837245489724384, -0.46800739475296793]}, "3": {"sI_max": 12.006175994873047, "pos_max": [48.87329864501953, -31.800235748291016], "s_path": [[0.0, 12.006175994873047], [0.033333513885736465, 11.946349143981934], [0.06666744500398636, 11.886589050292969], [0.10000096261501312, 11.826892852783203], [0.13333489000797272, 11.767264366149902], [0.16666468977928162, 11.707708358764648], [0.1999986171722412, 11.648211479187012], [0.23333212733268738, 11.588780403137207], [0.266666054725647, 11.529415130615234], [0.29999956488609314, 11.470115661621094], [0.33333349227905273, 11.410881996154785], [0.3666670024394989, 11.351714134216309], [0.4000009298324585, 11.292612075805664]], "n": [0.9759402979265628, 0.21803792074547906]}, "4": {"sI_max": 11.972370147705078, "pos_max": [47.140560150146484, -9.436851501464844], "s_path": [[0.0, 11.972370147705078], [0.03333432227373123, 11.927045822143555], [0.06666482985019684, 11.88163948059082], [0.09999915212392807, 11.836141586303711], [0.1333334743976593, 11.790559768676758], [0.16666780412197113, 11.744890213012695], [0.19999833405017853, 11.699141502380371], [0.23333266377449036, 11.653301239013672], [0.266666978597641, 11.607375144958496], [0.3000012934207916, 11.561363220214844], [0.33333179354667664, 11.515270233154297], [0.36666610836982727, 11.469087600708008], [0.4000004231929779, 11.422818183898926]], "n": [0.9998405805553542, -0.01785534863093997]}, "5": {"sI_max": 12.160696029663086, "pos_max": [38.86225509643555, 4.65891170501709], "s_path": [[0.0, 12.160696029663086], [0.03333444520831108, 12.101848602294922], [0.06666527688503265, 12.043225288391113], [0.09999971836805344, 11.984813690185547], [0.13333415985107422, 11.926618576049805], [0.16666488349437714, 11.868645668029785], [0.19999943673610687, 11.810883522033691], [0.23333388566970825, 11.753338813781738], [0.26666831970214844, 11.696012496948242], [0.2999991476535797, 11.638904571533203], [0.3333335816860199, 11.582011222839355], [0.3666680157184601, 11.525333404541016], [0.39999884366989136, 11.468877792358398]], "n": [0.9744292107071544, -0.22469471137664124]}, "6": {"sI_max": 12.681690216064453, "pos_max": [64.96000671386719, -30.361408233642578], "s_path": [[0.0, 12.681690216064453], [0.03333497792482376, 12.625724792480469], [0.06666995584964752, 12.569907188415527], [0.09999784082174301, 12.514245986938477], [0.13333281874656677, 12.458724021911621], [0.16666780412197113, 12.403347969055176], [0.2000027894973755, 12.348121643066406], [0.23333066701889038, 12.293050765991211], [0.26666563749313354, 12.238118171691895], [0.3000006079673767, 12.183334350585938], [0.3333355784416199, 12.128697395324707], [0.36666345596313477, 12.074217796325684], [0.39999842643737793, 12.019875526428223]], "n": [0.9303521498505649, 0.3666672568807201]}, "7": {"sI_max": 14.059366226196289, "pos_max": [74.74661254882812, -7.91419792175293], "s_path": [[0.0, 14.059366226196289], [0.03333325311541557, 14.020929336547852], [0.06666650623083115, 13.982402801513672], [0.09999975562095642, 13.943782806396484], [0.1333330124616623, 13.905073165893555], [0.16666626930236816, 13.86627197265625], [0.19999952614307404, 13.82737922668457], [0.2333327829837799, 13.7883939743042], [0.2666660249233246, 13.749319076538086], [0.29999926686286926, 13.710151672363281], [0.33333250880241394, 13.670893669128418], [0.3666657507419586, 13.63154411315918], [0.3999989926815033, 13.592103004455566]], "n": [0.9999871775644228, -0.005064060301724916]}, "8": {"sI_max": 7.662445545196533, "pos_max": [15.371397018432617, -18.4363956451416], "s_path": [[0.0, 7.662445545196533], [0.03333321213722229, 7.619296073913574], [0.06666642427444458, 7.576142311096191], [0.09999965876340866, 7.532985210418701], [0.13333286345005035, 7.4898247718811035], [0.16666702926158905, 7.446659088134766], [0.20000024139881134, 7.403491020202637], [0.23333345353603363, 7.3603196144104], [0.2666666805744171, 7.31714391708374], [0.2999998927116394, 7.273964881896973], [0.3333331048488617, 7.230782508850098], [0.366666316986084, 7.187596321105957], [0.3999995291233063, 7.144406318664551]], "n": [0.9999310630825946, -0.011741766583953364]}, "9": {"sI_max": 10.67699146270752, "pos_max": [62.66973114013672, 26.56224822998047], "s_path": [[0.0, 10.67699146270752], [0.033331383019685745, 10.623658180236816], [0.06666699796915054, 10.570501327514648], [0.09999837726354599, 10.517531394958496], [0.1333339959383011, 10.464735984802246], [0.16666537523269653, 10.412127494812012], [0.20000098645687103, 10.359695434570312], [0.23333236575126648, 10.307449340820312], [0.2666679918766022, 10.255377769470215], [0.2999993860721588, 10.203495025634766], [0.3333350121974945, 10.151785850524902], [0.36666640639305115, 10.100264549255371], [0.39999842643737793, 10.048924446105957]], "n": [0.94453326698466, -0.3284157541277292]}, "10": {"sI_max": 12.99385929107666, "pos_max": [45.23064422607422, 13.772380828857422], "s_path": [[0.0, 12.99385929107666], [0.03333398327231407, 12.93780517578125], [0.06666796654462814, 12.88175106048584], [0.09999818354845047, 12.825704574584961], [0.13333216309547424, 12.7696533203125], [0.16666598618030548, 12.713602066040039], [0.19999997317790985, 12.657550811767578], [0.23333396017551422, 12.60150146484375], [0.2666679322719574, 12.545452117919922], [0.2999981641769409, 12.489408493041992], [0.3333321511745453, 12.433361053466797], [0.36666613817214966, 12.377313613891602], [0.40000012516975403, 12.321268081665039]], "n": [-0.9862326241268419, 0.16536387485748996]}, "11": {"sI_max": 12.959640502929688, "pos_max": [35.64645767211914, 28.046722412109375],