{"0": {"sI_max": 12.459209442138672, "pos_max": [54.83069610595703, -21.93329429626465], "s_path": [[0.0, 12.459209442138672], [0.033332038670778275, 12.395669937133789], [0.06666787713766098, 12.332135200500488], [0.10000009089708328, 12.268619537353516], [0.13333213329315186, 12.205119132995605], [0.16666796803474426, 12.141624450683594], [0.20000000298023224, 12.07814884185791], [0.23333221673965454, 12.01468563079834], [0.26666805148124695, 11.9512300491333], [0.3000001013278961, 11.887794494628906], [0.3333321511745453, 11.824371337890625], [0.3666679859161377, 11.760952949523926], [0.4000001847743988, 11.697554588317871]], "n": [0.9960170993457589, -0.08916242376057597]}, "1": {"sI_max": 11.787063598632812, "pos_max": [60.52295684814453, -3.597318649291992], "s_path": [[0.0, 11.787063598632812], [0.03333386033773422, 11.742278099060059], [0.06666767597198486, 11.697574615478516], [0.10000153630971909, 11.652955055236816], [0.13333159685134888, 11.608423233032227], [0.1666654497385025, 11.563968658447266], [0.19999927282333374, 11.519596099853516], [0.23333312571048737, 11.47530746459961], [0.2666669487953186, 11.43110179901123], [0.3000008165836334, 11.386978149414062], [0.33333468437194824, 11.342937469482422], [0.3666684925556183, 11.298978805541992], [0.39999860525131226, 11.255109786987305]], "n": [0.9852063741967746, 0.17137211045571238]}, "2": {"sI_max": 13.033224105834961, "pos_max": [65.67790222167969, -22.795188903808594], "s_path": [[0.0, 13.033224105834961], [0.03333296626806259, 12.966903686523438], [0.06666593253612518, 12.900789260864258], [0.09999889880418777, 12.834878921508789], [0.13333186507225037, 12.769173622131348], [0.16666483879089355, 12.703672409057617], [0.19999781250953674, 12.638378143310547], [0.23333078622817993, 12.573287963867188], [0.2666637599468231, 12.508403778076172], [0.2999967336654663, 12.44372272491455], [0.3333364427089691, 12.379237174987793], [0.3666694164276123, 12.31496810913086], [0.4000023901462555, 12.25090217590332]], "n": [-0.8837245489724384, -0.46800739475296793]}, "3": {"sI_max": 10.795787811279297, "pos_max": [48.87329864501953, -31.800235748291016], "s_path": [[0.0, 10.795787811279297], [0.033333513885736465, 10.744247436523438], [0.06666744500398636, 10.692747116088867], [0.10000096261501312, 10.64128589630127], [0.13333489000797272, 10.589863777160645], [0.16666468977928162, 10.53848648071289], [0.1999986171722412, 10.487143516540527], [0.23333212733268738, 10.43584156036377], [0.266666054725647, 10.384575843811035], [0.29999956488609314, 10.333352088928223], [0.33333349227905273, 10.28216552734375], [0.3666670024394989, 10.2310209274292], [0.4000009298324585, 10.179913520812988]], "n": [0.9759402979265628, 0.21803792074547906]}, "4": {"sI_max": 12.734234809875488, "pos_max": [47.140560150146484, -9.436851501464844], "s_path": [[0.0, 12.734234809875488], [0.03333432227373123, 12.682341575622559], [0.06666482985019684, 12.63040542602539], [0.09999915212392807, 12.578415870666504], [0.1333334743976593, 12.526379585266113], [0.16666780412197113, 12.474294662475586], [0.19999833405017853, 12.422167778015137], [0.23333266377449036, 12.369986534118652], [0.266666978597641, 12.317758560180664], [0.3000012934207916, 12.265481948852539], [0.33333179354667664, 12.213164329528809], [0.36666610836982727, 12.16079330444336], [0.4000004231929779, 12.108373641967773]], "n": [0.9998405805553542, -0.01785534863093997]}, "5": {"sI_max": 15.40176773071289, "pos_max": [38.86225509643555, 4.65891170501709], "s_path": [[0.0, 15.40176773071289], [0.03333444520831108, 15.32895278930664], [0.06666527688503265, 15.256214141845703], [0.09999971836805344, 15.183537483215332], [0.13333415985107422, 15.11092758178711], [0.16666488349437714, 15.038395881652832], [0.19999943673610687, 14.965924263000488], [0.23333388566970825, 14.893521308898926], [0.26666831970214844, 14.821187973022461], [0.2999991476535797, 14.74892807006836], [0.3333335816860199, 14.676732063293457], [0.3666680157184601, 14.604604721069336], [0.39999884366989136, 14.532550811767578]], "n": [0.9744292107071544, -0.22469471137664124]}, "6": {"sI_max": 12.7594633102417, "pos_max": [64.96000671386719, -30.361408233642578], "s_path": [[0.0, 12.7594633102417], [0.03333497792482376, 12.703335762023926], [0.06666995584964752, 12.647364616394043], [0.09999784082174301, 12.591558456420898], [0.13333281874656677, 12.535898208618164], [0.16666780412197113, 12.480393409729004], [0.2000027894973755, 12.425043106079102], [0.23333066701889038, 12.369858741760254], [0.26666563749313354, 12.3148193359375], [0.3000006079673767, 12.259936332702637], [0.3333355784416199, 12.205206871032715], [0.36666345596313477, 12.150644302368164], [0.39999842643737793, 12.096226692199707]], "n": [0.9303521498505649, 0.3666672568807201]}, "7": {"sI_max": 13.727973937988281, "pos_max": [74.70698547363281, -6.51923942565918], "s_path": [[0.0, 13.727973937988281], [0.03333573415875435, 13.686101913452148], [0.06666385382413864, 13.644388198852539], [0.09999961405992508, 13.602815628051758], [0.13333535194396973, 13.561393737792969], [0.16666346788406372, 13.52013111114502], [0.19999919831752777, 13.479008674621582], [0.2333349585533142, 13.438036918640137], [0.2666630744934082, 13.397224426269531], [0.29999881982803345, 13.356552124023438], [0.3333345651626587, 13.316031455993652], [0.36667031049728394, 13.27566146850586], [0.3999984562397003, 13.235447883605957]], "n": [0.998081383138631, 0.06191568970848366]}, "8": {"sI_max": 0.7511444687843323, "pos_max": [14.276116371154785, -20.816490173339844], "s_path": [[0.0, 0.7511444687843323], [0.033333443105220795, 0.7547211050987244], [0.06666688621044159, 0.7582886219024658], [0.10000032931566238, 0.7618468999862671], [0.13333377242088318, 0.7653958201408386], [0.16666720807552338, 0.7689355611801147], [0.19999909400939941, 0.7724659442901611], [0.2333325296640396, 0.7759870290756226], [0.2666659653186798, 0.7794990539550781], [0.2999999523162842, 0.7830018401145935], [0.33333340287208557, 0.7864953279495239], [0.36666685342788696, 0.7899794578552246], [0.40000030398368835, 0.7934544086456299]], "n": [0.5816476594387981, -0.8134408400549901]}, "9": {"sI_max": 10.879770278930664, "pos_max": [62.66973114013672, 26.56224822998047], "s_path": [[0.0, 10.879770278930664], [0.033331383019685745, 10.826217651367188], [0.06666699796915054, 10.772841453552246], [0.09999837726354599, 10.71965217590332], [0.1333339959383011, 10.66663932800293], [0.16666537523269653, 10.613811492919922], [0.20000098645687103, 10.561161041259766], [0.23333236575126648, 10.508695602416992], [0.2666679918766022, 10.456405639648438], [0.2999993860721588, 10.404303550720215], [0.3333350121974945, 10.352375030517578], [0.36666640639305115, 10.300636291503906], [0.39999842643737793, 10.249076843261719]], "n": [0.94453326698466, -0.3284157541277292]}, "10": {"sI_max": 14.0816650390625, "pos_max": [54.16061019897461, 9.123170852661133], "s_path": [[0.0, 14.0816650390625], [0.03333476558327675, 13.990079879760742], [0.06666575372219086, 13.898571968078613], [0.1000005230307579, 13.807120323181152], [0.1333315074443817, 13.71574592590332], [0.16666626930236816, 13.624427795410156], [0.20000103116035461, 13.533174514770508], [0.23333202302455902, 13.441999435424805], [0.26666679978370667, 13.350879669189453], [0.30000171065330505, 13.259828567504883], [0.33333268761634827, 13.168852806091309], [0.3666674494743347, 13.09363079071045], [0.39999842643737793, 13.037834167480469]], "n": [0.9905569599051767, -0.13710182049635297]}, "11": {"sI_max": 10.801901817321777, "pos_max": [45.15773391723633, 24.976524353027344],