{"cracks": {}, "holes": {"0": 0.13137615951099688, "1": 0.32903819949018476, "2": 0.23566233708963252, "3": 0.0737771068340659, "4": 0.03855941559561668, "5": 0.040464592342375955, "6": 0.18713739475824298, "7": 0.23424130063333926, "8": 0.010565660797192959, "9": 0.1385207379157548, "10": 0.10132262872429351, "11": 0.044433330478502196, "12": 0.018141982062578627, "13": 0.02824055850927241, "14": 0.02148487638467813, "15": 0.253858880385044, "16": 0.015600700363952157, "17": 0.02502803491087229, "18": 0.004009737514724939}}