{"0": {"sI_max": 8.959248542785645, "pos_max": [54.83069610595703, -21.93329429626465], "s_path": [[0.0, 8.959248542785645], [0.033332038670778275, 8.914873123168945], [0.06666787713766098, 8.87051010131836], [0.10000009089708328, 8.826168060302734], [0.13333213329315186, 8.781845092773438], [0.16666796803474426, 8.737532615661621], [0.20000000298023224, 8.693243980407715], [0.23333221673965454, 8.648972511291504], [0.26666805148124695, 8.604713439941406], [0.3000001013278961, 8.560476303100586], [0.3333321511745453, 8.516256332397461], [0.3666679859161377, 8.47204875946045], [0.4000001847743988, 8.427864074707031]], "n": [0.9960170993457589, -0.08916242376057597]}, "1": {"sI_max": 20.40966796875, "pos_max": [53.683143615722656, -2.158266067504883], "s_path": [[0.0, 20.40966796875], [0.03333185985684395, 20.51579475402832], [0.06666725873947144, 20.682649612426758], [0.09999912232160568, 20.910192489624023], [0.13333451747894287, 21.19847869873047], [0.16666637361049652, 21.547439575195312], [0.19999833405017853, 21.957109451293945], [0.23333363234996796, 22.362430572509766], [0.2666654884815216, 22.691242218017578], [0.3000008761882782, 22.953372955322266], [0.33333274722099304, 23.148767471313477], [0.36666810512542725, 23.23940086364746], [0.4000000059604645, 22.8135986328125]], "n": [-0.9010409051060971, 0.43373412054573857]}, "2": {"sI_max": 13.101632118225098, "pos_max": [73.25115966796875, -22.269615173339844], "s_path": [[0.0, 13.101632118225098], [0.03333297744393349, 13.062406539916992], [0.06666594743728638, 13.023290634155273], [0.09999892860651016, 12.98427963256836], [0.13333189487457275, 12.945375442504883], [0.16666486859321594, 12.906579971313477], [0.19999784231185913, 12.867889404296875], [0.23333081603050232, 12.829309463500977], [0.2666637897491455, 12.790833473205566], [0.2999967634677887, 12.752466201782227], [0.3333297371864319, 12.714204788208008], [0.3666703402996063, 12.676042556762695], [0.4000033140182495, 12.637995719909668]], "n": [0.9999954725365442, -0.003009137154365942]}, "3": {"sI_max": 5.1577558517456055, "pos_max": [49.013946533203125, -33.100975036621094], "s_path": [[0.0, 5.1577558517456055], [0.03333289548754692, 5.147416591644287], [0.06666579842567444, 5.137211322784424], [0.09999869018793106, 5.127137660980225], [0.13333159685134888, 5.117197513580322], [0.16666831076145172, 5.107388973236084], [0.20000120997428894, 5.097713470458984], [0.23333410918712616, 5.088172435760498], [0.2666670083999634, 5.078763008117676], [0.2999999225139618, 5.069486141204834], [0.3333328068256378, 5.060342311859131], [0.36666569113731384, 5.05133056640625], [0.39999860525131226, 5.042452812194824]], "n": [0.9999977835213227, -0.0021054577748780205]}, "4": {"sI_max": 7.944413185119629, "pos_max": [46.88458251953125, -10.698829650878906], "s_path": [[0.0, 7.944413185119629], [0.03333210200071335, 7.900880813598633], [0.06666773557662964, 7.857445240020752], [0.10000019520521164, 7.814115047454834], [0.133332297205925, 7.7708868980407715], [0.16666793823242188, 7.72775411605835], [0.20000003278255463, 7.684727668762207], [0.23333212733268738, 7.64180326461792], [0.26666775345802307, 7.598974227905273], [0.30000022053718567, 7.55625057220459], [0.3333323299884796, 7.5136284828186035], [0.3666679561138153, 7.471102714538574], [0.40000006556510925, 7.428683280944824]], "n": [0.9259793382955103, -0.3775741848296955]}, "5": {"sI_max": 2.6352574825286865, "pos_max": [38.01738739013672, 3.2398464679718018], "s_path": [[0.0, 2.6352574825286865], [0.0333346389234066, 2.5653605461120605], [0.06666658818721771, 2.496715784072876], [0.10000123083591461, 2.4293129444122314], [0.13333317637443542, 2.36316180229187], [0.16666781902313232, 2.298253059387207], [0.19999976456165314, 2.234595775604248], [0.23333440721035004, 2.172180652618408], [0.2666662037372589, 2.1110174655914307], [0.3000008463859558, 2.0510964393615723], [0.3333328068256378, 1.933151364326477], [0.3666674494743347, 1.8144049644470215], [0.3999994099140167, 1.6968659162521362]], "n": [0.704672004668226, -0.7095332027726846]}, "6": {"sI_max": 10.727679252624512, "pos_max": [64.96000671386719, -30.361408233642578], "s_path": [[0.0, 10.727679252624512], [0.03333497792482376, 10.679222106933594], [0.06666995584964752, 10.630942344665527], [0.09999784082174301, 10.582845687866211], [0.13333281874656677, 10.534915924072266], [0.16666780412197113, 10.487163543701172], [0.2000027894973755, 10.43958568572998], [0.23333066701889038, 10.392192840576172], [0.26666563749313354, 10.34496784210205], [0.3000006079673767, 10.297918319702148], [0.3333355784416199, 10.251045227050781], [0.36666345596313477, 10.204357147216797], [0.39999842643737793, 10.157835006713867]], "n": [0.9303521498505649, 0.3666672568807201]}, "7": {"sI_max": 13.594771385192871, "pos_max": [74.70698547363281, -6.51923942565918], "s_path": [[0.0, 13.594771385192871], [0.03333573415875435, 13.554880142211914], [0.06666385382413864, 13.515018463134766], [0.09999961405992508, 13.475164413452148], [0.13333535194396973, 13.435328483581543], [0.16666346788406372, 13.395517349243164], [0.19999919831752777, 13.355717658996582], [0.2333349585533142, 13.315934181213379], [0.2666630744934082, 13.276179313659668], [0.29999881982803345, 13.236432075500488], [0.3333345651626587, 13.196703910827637], [0.36667031049728394, 13.15699291229248], [0.3999984562397003, 13.1173095703125]], "n": [0.998081383138631, 0.06191568970848366]}, "8": {"sI_max": 0.6402187347412109, "pos_max": [14.877589225769043, -15.723384857177734], "s_path": [[0.0, 0.6402187347412109], [0.033333487808704376, 0.6366523504257202], [0.06666697561740875, 0.6330907940864563], [0.10000000149011612, 0.6295339465141296], [0.1333334892988205, 0.6259818077087402], [0.16666696965694427, 0.6224344372749329], [0.20000045001506805, 0.6188917756080627], [0.23333393037319183, 0.6153538823127747], [0.26666611433029175, 0.6118208765983582], [0.2999995946884155, 0.6082924604415894], [0.3333330750465393, 0.6047688126564026], [0.3666665554046631, 0.6012499332427979], [0.39999958872795105, 0.5977358222007751]], "n": [0.8764438241253317, 0.4815041257897638]}, "9": {"sI_max": 9.94133186340332, "pos_max": [62.66973114013672, 26.56224822998047], "s_path": [[0.0, 9.94133186340332], [0.033331383019685745, 9.89367961883545], [0.06666699796915054, 9.846139907836914], [0.09999837726354599, 9.798722267150879], [0.1333339959383011, 9.751418113708496], [0.16666537523269653, 9.704237937927246], [0.20000098645687103, 9.657167434692383], [0.23333236575126648, 9.610223770141602], [0.2666679918766022, 9.56338882446289], [0.2999993860721588, 9.516679763793945], [0.3333350121974945, 9.47008228302002], [0.36666640639305115, 9.423608779907227], [0.39999842643737793, 9.377250671386719]], "n": [0.94453326698466, -0.3284157541277292]}, "10": {"sI_max": 9.881423950195312, "pos_max": [54.16061019897461, 9.123170852661133], "s_path": [[0.0, 9.881423950195312], [0.03333476558327675, 9.862297058105469], [0.06666575372219086, 9.84316635131836], [0.1000005230307579, 9.824028015136719], [0.1333315074443817, 9.804885864257812], [0.16666626930236816, 9.785737037658691], [0.20000103116035461, 9.766580581665039], [0.23333202302455902, 9.747420310974121], [0.26666679978370667, 9.728253364562988], [0.30000171065330505, 9.70907974243164], [0.33333268761634827, 9.689901351928711], [0.3666674494743347, 9.670716285705566], [0.39999842643737793, 9.651527404785156]], "n": [0.9905569599051767, -0.13710182049635297]}, "11": {"sI_max": 3.7130126953125, "pos_max": [45.25672149658203, 29.04608154296875],