{"0": {"phi_c_k": -40.32346059045611, "abs_cf": 0.2761569386673305, "tip": [38.87731537667074, 1.6556186598686913], "cf": [-0.24887972851915485, 0.11967261803079055], "kappa_c": -0.13632154434873225, "k2": [10.500626564025879, 11.08870792388916, 11.174148559570312, 11.206605911254883, 11.223952293395996], "k1": [21.303775787353516, 22.162586212158203, 22.26576042175293, 22.29209327697754, 22.299114227294922], "phi_c": -46.86389488732703}}