{"cracks": {"0": 0.9355448424190641}, "holes": {"0": 0.19434466951547108, "1": 0.1826849424411542, "2": 0.20333027725940186, "3": 0.1925771840873875, "4": 0.19410743334254071, "5": 0.18921911056679352, "6": 0.19090039890127647, "7": 0.22195374996004139, "8": 0.19614394496844634, "9": 0.164319642274449, "10": 0.20275511763312876, "11": 0.21364947400380843, "12": 0.19812026720838893, "13": 0.23699093779347513, "14": 0.18581265561025714, "15": 0.21309919812158898, "16": 0.14717854636841565, "17": 0.19598688886860474, "18": 0.2576155798573859}}