{"0": {"sI_max": 12.289527893066406, "pos_max": [54.83069610595703, -21.93329429626465], "s_path": [[0.0, 12.289527893066406], [0.033332038670778275, 12.230854034423828], [0.06666787713766098, 12.172181129455566], [0.10000009089708328, 12.113519668579102], [0.13333213329315186, 12.0548677444458], [0.16666796803474426, 11.996213912963867], [0.20000000298023224, 11.93757438659668], [0.23333221673965454, 11.878939628601074], [0.26666805148124695, 11.820307731628418], [0.3000001013278961, 11.761688232421875], [0.3333321511745453, 11.703075408935547], [0.3666679859161377, 11.644462585449219], [0.4000001847743988, 11.585862159729004]], "n": [0.9960170993457589, -0.08916242376057597]}, "1": {"sI_max": 11.718996047973633, "pos_max": [60.52295684814453, -3.597318649291992], "s_path": [[0.0, 11.718996047973633], [0.03333386033773422, 11.680034637451172], [0.06666767597198486, 11.641115188598633], [0.10000153630971909, 11.602234840393066], [0.13333159685134888, 11.563400268554688], [0.1666654497385025, 11.524602890014648], [0.19999927282333374, 11.485845565795898], [0.23333312571048737, 11.447128295898438], [0.2666669487953186, 11.408453941345215], [0.3000008165836334, 11.369819641113281], [0.33333468437194824, 11.331226348876953], [0.3666684925556183, 11.292673110961914], [0.39999860525131226, 11.25416374206543]], "n": [0.9852063741967746, 0.17137211045571238]}, "2": {"sI_max": 12.377250671386719, "pos_max": [65.67790222167969, -22.795188903808594], "s_path": [[0.0, 12.377250671386719], [0.03333296626806259, 12.31442642211914], [0.06666593253612518, 12.25181770324707], [0.09999889880418777, 12.189424514770508], [0.13333186507225037, 12.127243041992188], [0.16666483879089355, 12.065276145935059], [0.19999781250953674, 12.003522872924805], [0.23333078622817993, 11.941985130310059], [0.2666637599468231, 11.880661010742188], [0.2999967336654663, 11.819549560546875], [0.3333364427089691, 11.75864315032959], [0.3666694164276123, 11.697958946228027], [0.4000023901462555, 11.637491226196289]], "n": [-0.8837245489724384, -0.46800739475296793]}, "3": {"sI_max": 11.145474433898926, "pos_max": [40.06413269042969, -31.189159393310547], "s_path": [[0.0, 11.145474433898926], [0.03333420678973198, 11.102988243103027], [0.06666488200426102, 11.059988021850586], [0.0999998152256012, 11.016460418701172], [0.13333402574062347, 10.972415924072266], [0.16666823625564575, 10.927850723266602], [0.1999989151954651, 10.882771492004395], [0.23333384096622467, 10.837167739868164], [0.26666805148124695, 10.791044235229492], [0.2999987304210663, 10.744405746459961], [0.33333292603492737, 10.697242736816406], [0.36666712164878845, 10.649559020996094], [0.3999985158443451, 10.601362228393555]], "n": [-0.9254502718016682, 0.3788690993235242]}, "4": {"sI_max": 12.203104019165039, "pos_max": [47.140560150146484, -9.436851501464844], "s_path": [[0.0, 12.203104019165039], [0.03333432227373123, 12.159292221069336], [0.06666482985019684, 12.115297317504883], [0.09999915212392807, 12.071109771728516], [0.1333334743976593, 12.026735305786133], [0.16666780412197113, 11.982172012329102], [0.19999833405017853, 11.937427520751953], [0.23333266377449036, 11.892489433288574], [0.266666978597641, 11.84736442565918], [0.3000012934207916, 11.802051544189453], [0.33333179354667664, 11.756555557250977], [0.36666610836982727, 11.710868835449219], [0.4000004231929779, 11.664993286132812]], "n": [0.9998405805553542, -0.01785534863093997]}, "5": {"sI_max": 11.851083755493164, "pos_max": [38.86225509643555, 4.65891170501709], "s_path": [[0.0, 11.851083755493164], [0.03333444520831108, 11.793608665466309], [0.06666527688503265, 11.73639965057373], [0.09999971836805344, 11.67944622039795], [0.13333415985107422, 11.62275218963623], [0.16666488349437714, 11.566322326660156], [0.19999943673610687, 11.510149955749512], [0.23333388566970825, 11.454236030578613], [0.26666831970214844, 11.398581504821777], [0.2999991476535797, 11.343193054199219], [0.3333335816860199, 11.28805923461914], [0.3666680157184601, 11.233185768127441], [0.39999884366989136, 11.178576469421387]], "n": [0.9744292107071544, -0.22469471137664124]}, "6": {"sI_max": 12.467129707336426, "pos_max": [64.96000671386719, -30.361408233642578], "s_path": [[0.0, 12.467129707336426], [0.03333497792482376, 12.409183502197266], [0.06666995584964752, 12.351359367370605], [0.09999784082174301, 12.293668746948242], [0.13333281874656677, 12.236092567443848], [0.16666780412197113, 12.178640365600586], [0.2000027894973755, 12.121310234069824], [0.23333066701889038, 12.064114570617676], [0.26666563749313354, 12.007031440734863], [0.3000006079673767, 11.950072288513184], [0.3333355784416199, 11.893237113952637], [0.36666345596313477, 11.836535453796387], [0.39999842643737793, 11.779947280883789]], "n": [0.9303521498505649, 0.3666672568807201]}, "7": {"sI_max": 14.107343673706055, "pos_max": [74.74661254882812, -7.91419792175293], "s_path": [[0.0, 14.107343673706055], [0.03333325311541557, 14.069194793701172], [0.06666650623083115, 14.030961990356445], [0.09999975562095642, 13.992646217346191], [0.1333330124616623, 13.954244613647461], [0.16666626930236816, 13.915760040283203], [0.19999952614307404, 13.877190589904785], [0.2333327829837799, 13.838537216186523], [0.2666660249233246, 13.799798965454102], [0.29999926686286926, 13.760976791381836], [0.33333250880241394, 13.722068786621094], [0.3666657507419586, 13.68307876586914], [0.3999989926815033, 13.644003868103027]], "n": [0.9999871775644228, -0.005064060301724916]}, "8": {"sI_max": 12.118593215942383, "pos_max": [15.371397018432617, -18.4363956451416], "s_path": [[0.0, 12.118593215942383], [0.03333321213722229, 12.054841041564941], [0.06666642427444458, 11.991079330444336], [0.09999965876340866, 11.927306175231934], [0.13333286345005035, 11.863525390625], [0.16666702926158905, 11.799732208251953], [0.20000024139881134, 11.735931396484375], [0.23333345353603363, 11.672121047973633], [0.2666666805744171, 11.608301162719727], [0.2999998927116394, 11.544471740722656], [0.3333331048488617, 11.480630874633789], [0.366666316986084, 11.416781425476074], [0.3999995291233063, 11.352922439575195]], "n": [0.9999310630825946, -0.011741766583953364]}, "9": {"sI_max": 10.76740550994873, "pos_max": [62.66973114013672, 26.56224822998047], "s_path": [[0.0, 10.76740550994873], [0.033331383019685745, 10.717829704284668], [0.06666699796915054, 10.66823959350586], [0.09999837726354599, 10.618646621704102], [0.1333339959383011, 10.569040298461914], [0.16666537523269653, 10.519432067871094], [0.20000098645687103, 10.469810485839844], [0.23333236575126648, 10.420186996459961], [0.2666679918766022, 10.370548248291016], [0.2999993860721588, 10.320907592773438], [0.3333350121974945, 10.27125358581543], [0.36666640639305115, 10.221597671508789], [0.39999842643737793, 10.171932220458984]], "n": [0.94453326698466, -0.3284157541277292]}, "10": {"sI_max": 12.725728988647461, "pos_max": [45.23064422607422, 13.772380828857422], "s_path": [[0.0, 12.725728988647461], [0.03333398327231407, 12.671701431274414], [0.06666796654462814, 12.617671966552734], [0.09999818354845047, 12.563650131225586], [0.13333216309547424, 12.509622573852539], [0.16666598618030548, 12.45559310913086], [0.19999997317790985, 12.401564598083496], [0.23333396017551422, 12.347536087036133], [0.2666679322719574, 12.293506622314453], [0.2999981641769409, 12.239482879638672], [0.3333321511745453, 12.185453414916992], [0.36666613817214966, 12.131423950195312], [0.40000012516975403, 12.077394485473633]], "n": [-0.9862326241268419, 0.16536387485748996]}, "11": {"sI_max": 13.675241470336914, "pos_max": [35.64645767211914, 28.046722412109375],