{"0": {"sI_max": 12.139642715454102, "pos_max": [54.83069610595703, -21.93329429626465], "s_path": [[0.0, 12.139642715454102], [0.033332038670778275, 12.071062088012695], [0.06666787713766098, 12.002479553222656], [0.10000009089708328, 11.933907508850098], [0.13333213329315186, 11.865341186523438], [0.16666796803474426, 11.796771049499512], [0.20000000298023224, 11.728215217590332], [0.23333221673965454, 11.659661293029785], [0.26666805148124695, 11.591107368469238], [0.3000001013278961, 11.522564888000488], [0.3333321511745453, 11.454026222229004], [0.3666679859161377, 11.385486602783203], [0.4000001847743988, 11.3169584274292]], "n": [0.9960170993457589, -0.08916242376057597]}, "1": {"sI_max": 11.262476921081543, "pos_max": [60.52295684814453, -3.597318649291992], "s_path": [[0.0, 11.262476921081543], [0.03333386033773422, 11.225839614868164], [0.06666767597198486, 11.189247131347656], [0.10000153630971909, 11.152701377868652], [0.13333159685134888, 11.116205215454102], [0.1666654497385025, 11.079750061035156], [0.19999927282333374, 11.043342590332031], [0.23333312571048737, 11.006978988647461], [0.2666669487953186, 10.970662117004395], [0.3000008165836334, 10.934391021728516], [0.33333468437194824, 10.898164749145508], [0.3666684925556183, 10.861985206604004], [0.39999860525131226, 10.825855255126953]], "n": [0.9852063741967746, 0.17137211045571238]}, "2": {"sI_max": 12.496755599975586, "pos_max": [65.67790222167969, -22.795188903808594], "s_path": [[0.0, 12.496755599975586], [0.03333296626806259, 12.432907104492188], [0.06666593253612518, 12.369335174560547], [0.09999889880418777, 12.306036949157715], [0.13333186507225037, 12.243012428283691], [0.16666483879089355, 12.180262565612793], [0.19999781250953674, 12.117788314819336], [0.23333078622817993, 12.055587768554688], [0.2666637599468231, 11.993659973144531], [0.2999967336654663, 11.932007789611816], [0.3333364427089691, 11.870619773864746], [0.3666694164276123, 11.809515953063965], [0.4000023901462555, 11.748686790466309]], "n": [-0.8837245489724384, -0.46800739475296793]}, "3": {"sI_max": 11.49009895324707, "pos_max": [48.87329864501953, -31.800235748291016], "s_path": [[0.0, 11.49009895324707], [0.033333513885736465, 11.429197311401367], [0.06666744500398636, 11.368660926818848], [0.10000096261501312, 11.308485984802246], [0.13333489000797272, 11.248674392700195], [0.16666468977928162, 11.189230918884277], [0.1999986171722412, 11.130144119262695], [0.23333212733268738, 11.071418762207031], [0.266666054725647, 11.013057708740234], [0.29999956488609314, 10.955057144165039], [0.33333349227905273, 10.897420883178711], [0.3666670024394989, 10.840147018432617], [0.4000009298324585, 10.783234596252441]], "n": [0.9759402979265628, 0.21803792074547906]}, "4": {"sI_max": 12.464434623718262, "pos_max": [47.140560150146484, -9.436851501464844], "s_path": [[0.0, 12.464434623718262], [0.03333432227373123, 12.402050018310547], [0.06666482985019684, 12.340121269226074], [0.09999915212392807, 12.278633117675781], [0.1333334743976593, 12.2175931930542], [0.16666780412197113, 12.156999588012695], [0.19999833405017853, 12.09686279296875], [0.23333266377449036, 12.037166595458984], [0.266666978597641, 11.977916717529297], [0.3000012934207916, 11.919116020202637], [0.33333179354667664, 11.860769271850586], [0.36666610836982727, 11.802864074707031], [0.4000004231929779, 11.745405197143555]], "n": [0.9998405805553542, -0.01785534863093997]}, "5": {"sI_max": 13.942489624023438, "pos_max": [38.86225509643555, 4.65891170501709], "s_path": [[0.0, 13.942489624023438], [0.03333444520831108, 13.877761840820312], [0.06666527688503265, 13.813176155090332], [0.09999971836805344, 13.7487211227417], [0.13333415985107422, 13.684401512145996], [0.16666488349437714, 13.620223045349121], [0.19999943673610687, 13.55617618560791], [0.23333388566970825, 13.492265701293945], [0.26666831970214844, 13.42849063873291], [0.2999991476535797, 13.36485767364502], [0.3333335816860199, 13.301355361938477], [0.3666680157184601, 13.237988471984863], [0.39999884366989136, 13.174761772155762]], "n": [0.9744292107071544, -0.22469471137664124]}, "6": {"sI_max": 12.994258880615234, "pos_max": [64.96000671386719, -30.361408233642578], "s_path": [[0.0, 12.994258880615234], [0.03333497792482376, 12.931760787963867], [0.06666995584964752, 12.86970043182373], [0.09999784082174301, 12.808089256286621], [0.13333281874656677, 12.746902465820312], [0.16666780412197113, 12.68615436553955], [0.2000027894973755, 12.625842094421387], [0.23333066701889038, 12.565979957580566], [0.26666563749313354, 12.506542205810547], [0.3000006079673767, 12.447541236877441], [0.3333355784416199, 12.38897705078125], [0.36666345596313477, 12.330862045288086], [0.39999842643737793, 12.273172378540039]], "n": [0.9303521498505649, 0.3666672568807201]}, "7": {"sI_max": 13.695274353027344, "pos_max": [74.74661254882812, -7.91419792175293], "s_path": [[0.0, 13.695274353027344], [0.03333325311541557, 13.66269302368164], [0.06666650623083115, 13.62995433807373], [0.09999975562095642, 13.59705924987793], [0.1333330124616623, 13.564006805419922], [0.16666626930236816, 13.530797958374023], [0.19999952614307404, 13.497432708740234], [0.2333327829837799, 13.463910102844238], [0.2666660249233246, 13.430229187011719], [0.29999926686286926, 13.396392822265625], [0.33333250880241394, 13.362401008605957], [0.3666657507419586, 13.328250885009766], [0.3999989926815033, 13.293944358825684]], "n": [0.9999871775644228, -0.005064060301724916]}, "8": {"sI_max": 0.9130356907844543, "pos_max": [14.276116371154785, -20.816490173339844], "s_path": [[0.0, 0.9130356907844543], [0.033333443105220795, 0.9152193069458008], [0.06666688621044159, 0.9174337983131409], [0.10000032931566238, 0.9196792840957642], [0.13333377242088318, 0.9219558835029602], [0.16666720807552338, 0.9242632985115051], [0.19999909400939941, 0.9266017079353333], [0.2333325296640396, 0.928970992565155], [0.2666659653186798, 0.9313713908195496], [0.2999999523162842, 0.9338028430938721], [0.33333340287208557, 0.9362650513648987], [0.36666685342788696, 0.9387582540512085], [0.40000030398368835, 0.9412825703620911]], "n": [0.5816476594387981, -0.8134408400549901]}, "9": {"sI_max": 12.443058967590332, "pos_max": [62.66973114013672, 26.56224822998047], "s_path": [[0.0, 12.443058967590332], [0.033331383019685745, 12.355676651000977], [0.06666699796915054, 12.268294334411621], [0.09999837726354599, 12.18093204498291], [0.1333339959383011, 12.0935697555542], [0.16666537523269653, 12.006229400634766], [0.20000098645687103, 11.918888092041016], [0.23333236575126648, 11.83156967163086], [0.2666679918766022, 11.74424934387207], [0.2999993860721588, 11.656951904296875], [0.3333350121974945, 11.569652557373047], [0.36666640639305115, 11.48237419128418], [0.39999842643737793, 11.40320873260498]], "n": [0.94453326698466, -0.3284157541277292]}, "10": {"sI_max": 13.643058776855469, "pos_max": [54.16061019897461, 9.123170852661133], "s_path": [[0.0, 13.643058776855469], [0.03333476558327675, 13.57861614227295], [0.06666575372219086, 13.514243125915527], [0.1000005230307579, 13.449923515319824], [0.1333315074443817, 13.38567066192627], [0.16666626930236816, 13.32147216796875], [0.20000103116035461, 13.25733470916748], [0.23333202302455902, 13.193264961242676], [0.26666679978370667, 13.129247665405273], [0.30000171065330505, 13.065292358398438], [0.33333268761634827, 13.00140380859375], [0.3666674494743347, 12.937568664550781], [0.39999842643737793, 12.873802185058594]], "n": [0.9905569599051767, -0.13710182049635297]}, "11": {"sI_max": 10.798413276672363, "pos_max": [45.15773391723633, 24.976524353027344],