{"cracks": {"0": 0.8209888859064465}, "holes": {"0": 0.18929815728620178, "1": 0.17647833706750213, "2": 0.195085650056272, "3": 0.17930289216601442, "4": 0.19462523956188, "5": 0.21785888688489385, "6": 0.20297834216984498, "7": 0.21497609801709944, "8": 0.014471069981596451, "9": 0.19348656258317992, "10": 0.21314390011223835, "11": 0.16855264008076898, "12": 0.08030693804314404, "13": 0.1250654011557543, "14": 0.17172405081728825, "15": 0.21610930547973942, "16": 0.09178848162406722, "17": 0.09459394996594517, "18": 0.2562715623973212}}