{"0": {"kappa": [0, 0, 0], "is_active": 1, "da": [10.0, 3.0, 3.0], "n0": [1, 0], "dphi": [0, 11.822151564711415, 0.6685220810867794], "x0": [0, 0], "close_hole": []}}