{"cracks": {}, "holes": {"0": 9.569442272621972e-15, "1": 8.941566272806247e-14, "2": 6.622412192151762e-15, "3": 6.070845937407284e-15, "4": 7.805320153361532e-15, "5": 1.4983529236048954e-14, "6": 6.968419061879446e-15, "7": 4.491270225166725e-15, "8": 7.0227907388578025e-15, "9": 4.492459767302358e-15, "10": 5.466045117472069e-15, "11": 2.7231881194771327e-15, "12": 1.1634003667752845e-14, "13": 1.2990860726860237e-14, "14": 1.3532518598712804e-14, "15": 5.5220039454297275e-15, "16": 8.066381976172569e-15, "17": 9.13030184881386e-15, "18": 2.9813913893843693e-13}}