{"cracks": {"0": 1.1213613444473287}, "holes": {"0": 0.13990344992717735, "1": 0.32627592740918965, "2": 0.20540588201923884, "3": 0.08102629749172928, "4": 0.12392473331370024, "5": 0.03936519738946415, "6": 0.16766972269004474, "7": 0.21316161263435804, "8": 0.009984858895945421, "9": 0.15529122194856432, "10": 0.15525067266272846, "11": 0.058544185736517936, "12": 0.01772201036246294, "13": 0.020679395695100414, "14": 0.06598406164672238, "15": 0.21969541253333644, "16": 0.01244554063458001, "17": 0.019439966154719535, "18": 0.031048097067309897}}