{"cracks": {"0": 0.8305469981309881}, "holes": {"0": 0.189687218864971, "1": 0.20917243897986032, "2": 0.1961642569162666, "3": 0.12366711880227037, "4": 0.23507812543281137, "5": 0.023736762634470023, "6": 0.19311421894086317, "7": 0.2132164822085105, "8": 0.0097569595552693, "9": 0.16708016889017635, "10": 0.23017765943675747, "11": 0.10046896499070757, "12": 0.022649872663945112, "13": 0.05036799482058961, "14": 0.11713710865341172, "15": 0.22065168656725054, "16": 0.014070487292748938, "17": 0.02108251398256792, "18": 0.03574715174292498}}