{"cracks": {"0": 0.8606515043329596}, "holes": {"0": 0.19449890876736411, "1": 0.1844943067842505, "2": 0.2034676175874606, "3": 0.1686437497374773, "4": 0.19920600083717063, "5": 0.24061788195492845, "6": 0.19947276629437352, "7": 0.2152017555569445, "8": 0.011961189137248291, "9": 0.16990666690810635, "10": 0.21919974895760316, "11": 0.1687551826776527, "12": 0.04909353578840109, "13": 0.10494697435677432, "14": 0.16044728604013725, "15": 0.21567430086869777, "16": 0.07540236927747773, "17": 0.06392343308573632, "18": 0.14045861392553674}}