{"0": {"sI_max": 12.45074462890625, "pos_max": [54.83069610595703, -21.93329429626465], "s_path": [[0.0, 12.45074462890625], [0.033332038670778275, 12.386553764343262], [0.06666787713766098, 12.322365760803223], [0.10000009089708328, 12.258194923400879], [0.13333213329315186, 12.194034576416016], [0.16666796803474426, 12.129877090454102], [0.20000000298023224, 12.0657377243042], [0.23333221673965454, 12.001608848571777], [0.26666805148124695, 11.937481880187988], [0.3000001013278961, 11.873373031616211], [0.3333321511745453, 11.80927562713623], [0.3666679859161377, 11.745180130004883], [0.4000001847743988, 11.681102752685547]], "n": [0.9960170993457589, -0.08916242376057597]}, "1": {"sI_max": 11.658858299255371, "pos_max": [60.52295684814453, -3.597318649291992], "s_path": [[0.0, 11.658858299255371], [0.03333386033773422, 11.620795249938965], [0.06666767597198486, 11.58276653289795], [0.10000153630971909, 11.54477310180664], [0.13333159685134888, 11.506816864013672], [0.1666654497385025, 11.468891143798828], [0.19999927282333374, 11.430999755859375], [0.23333312571048737, 11.393143653869629], [0.2666669487953186, 11.355320930480957], [0.3000008165836334, 11.317532539367676], [0.33333468437194824, 11.279777526855469], [0.3666684925556183, 11.242057800292969], [0.39999860525131226, 11.204377174377441]], "n": [0.9852063741967746, 0.17137211045571238]}, "2": {"sI_max": 12.970617294311523, "pos_max": [73.25115966796875, -22.269615173339844], "s_path": [[0.0, 12.970617294311523], [0.03333297744393349, 12.931180953979492], [0.06666594743728638, 12.891704559326172], [0.09999892860651016, 12.852185249328613], [0.13333189487457275, 12.812625885009766], [0.16666486859321594, 12.773025512695312], [0.19999784231185913, 12.733383178710938], [0.23333081603050232, 12.693699836730957], [0.2666637897491455, 12.653974533081055], [0.2999967634677887, 12.61421012878418], [0.3333297371864319, 12.574403762817383], [0.3666703402996063, 12.5345458984375], [0.4000033140182495, 12.494657516479492]], "n": [0.9999954725365442, -0.003009137154365942]}, "3": {"sI_max": 12.332374572753906, "pos_max": [40.06413269042969, -31.189159393310547], "s_path": [[0.0, 12.332374572753906], [0.03333420678973198, 12.27133560180664], [0.06666488200426102, 12.2102689743042], [0.0999998152256012, 12.149162292480469], [0.13333402574062347, 12.088024139404297], [0.16666823625564575, 12.026853561401367], [0.1999989151954651, 11.965657234191895], [0.23333384096622467, 11.9044189453125], [0.26666805148124695, 11.843151092529297], [0.2999987304210663, 11.781855583190918], [0.33333292603492737, 11.720521926879883], [0.36666712164878845, 11.659154891967773], [0.3999985158443451, 11.597759246826172]], "n": [-0.9254502718016682, 0.3788690993235242]}, "4": {"sI_max": 12.392759323120117, "pos_max": [47.140560150146484, -9.436851501464844], "s_path": [[0.0, 12.392759323120117], [0.03333432227373123, 12.350034713745117], [0.06666482985019684, 12.307031631469727], [0.09999915212392807, 12.263738632202148], [0.1333334743976593, 12.220161437988281], [0.16666780412197113, 12.176300048828125], [0.19999833405017853, 12.132161140441895], [0.23333266377449036, 12.08773136138916], [0.266666978597641, 12.043018341064453], [0.3000012934207916, 11.998022079467773], [0.33333179354667664, 11.95274543762207], [0.36666610836982727, 11.907180786132812], [0.4000004231929779, 11.861330032348633]], "n": [0.9998405805553542, -0.01785534863093997]}, "5": {"sI_max": 12.115882873535156, "pos_max": [38.86225509643555, 4.65891170501709], "s_path": [[0.0, 12.115882873535156], [0.03333444520831108, 12.056450843811035], [0.06666527688503265, 11.997333526611328], [0.09999971836805344, 11.938523292541504], [0.13333415985107422, 11.880023002624512], [0.16666488349437714, 11.821837425231934], [0.19999943673610687, 11.763957977294922], [0.23333388566970825, 11.70638656616211], [0.26666831970214844, 11.649127006530762], [0.2999991476535797, 11.592182159423828], [0.3333335816860199, 11.535543441772461], [0.3666680157184601, 11.479214668273926], [0.39999884366989136, 11.423199653625488]], "n": [0.9744292107071544, -0.22469471137664124]}, "6": {"sI_max": 12.217239379882812, "pos_max": [64.96000671386719, -30.361408233642578], "s_path": [[0.0, 12.217239379882812], [0.03333497792482376, 12.160490989685059], [0.06666995584964752, 12.103885650634766], [0.09999784082174301, 12.047435760498047], [0.13333281874656677, 11.991121292114258], [0.16666780412197113, 11.93494987487793], [0.2000027894973755, 11.878923416137695], [0.23333066701889038, 11.823052406311035], [0.26666563749313354, 11.767314910888672], [0.3000006079673767, 11.711722373962402], [0.3333355784416199, 11.656272888183594], [0.36666345596313477, 11.60097885131836], [0.39999842643737793, 11.545819282531738]], "n": [0.9303521498505649, 0.3666672568807201]}, "7": {"sI_max": 14.148990631103516, "pos_max": [74.74661254882812, -7.91419792175293], "s_path": [[0.0, 14.148990631103516], [0.03333325311541557, 14.110745429992676], [0.06666650623083115, 14.072416305541992], [0.09999975562095642, 14.034000396728516], [0.1333330124616623, 13.995499610900879], [0.16666626930236816, 13.95691204071045], [0.19999952614307404, 13.918240547180176], [0.2333327829837799, 13.87948226928711], [0.2666660249233246, 13.8406400680542], [0.29999926686286926, 13.801712036132812], [0.33333250880241394, 13.762697219848633], [0.3666657507419586, 13.72359848022461], [0.3999989926815033, 13.68441390991211]], "n": [0.9999871775644228, -0.005064060301724916]}, "8": {"sI_max": 12.560162544250488, "pos_max": [15.297379493713379, -17.03494644165039], "s_path": [[0.0, 12.560162544250488], [0.033333614468574524, 12.498109817504883], [0.06666650623083115, 12.436402320861816], [0.10000012069940567, 12.375040054321289], [0.1333337277173996, 12.314022064208984], [0.16666661202907562, 12.253347396850586], [0.20000022649765015, 12.19301986694336], [0.23333288729190826, 12.133038520812988], [0.2666667103767395, 12.073396682739258], [0.30000030994415283, 12.014104843139648], [0.33333298563957214, 11.955156326293945], [0.3666668236255646, 11.896550178527832], [0.4000004231929779, 11.83829116821289]], "n": [0.9931076443490602, 0.11720583063764693]}, "9": {"sI_max": 10.52322006225586, "pos_max": [62.66973114013672, 26.56224822998047], "s_path": [[0.0, 10.52322006225586], [0.033331383019685745, 10.470829010009766], [0.06666699796915054, 10.418607711791992], [0.09999837726354599, 10.36656665802002], [0.1333339959383011, 10.31469440460205], [0.16666537523269653, 10.2630033493042], [0.20000098645687103, 10.211482048034668], [0.23333236575126648, 10.160140991210938], [0.2666679918766022, 10.108968734741211], [0.2999993860721588, 10.057978630065918], [0.3333350121974945, 10.007155418395996], [0.36666640639305115, 9.956514358520508], [0.39999842643737793, 9.906048774719238]], "n": [0.94453326698466, -0.3284157541277292]}, "10": {"sI_max": 12.967605590820312, "pos_max": [45.23064422607422, 13.772380828857422], "s_path": [[0.0, 12.967605590820312], [0.03333398327231407, 12.911539077758789], [0.06666796654462814, 12.855472564697266], [0.09999818354845047, 12.799413681030273], [0.13333216309547424, 12.743348121643066], [0.16666598618030548, 12.687284469604492], [0.19999997317790985, 12.631219863891602], [0.23333396017551422, 12.575155258178711], [0.2666679322719574, 12.519092559814453], [0.2999981641769409, 12.463035583496094], [0.3333321511745453, 12.406972885131836], [0.36666613817214966, 12.350910186767578], [0.40000012516975403, 12.294849395751953]], "n": [-0.9862326241268419, 0.16536387485748996]}, "11": {"sI_max": 13.68558120727539, "pos_max": [35.64645767211914, 28.046722412109375],