{"cracks": {"0": 0.8699449185533195}, "holes": {"0": 0.1990649504353805, "1": 0.18273268431429174, "2": 0.2104600213048142, "3": 0.13804344279205494, "4": 0.23591328911898354, "5": 0.13296286583576963, "6": 0.20286723480150806, "7": 0.21759741626614643, "8": 0.008873394193613809, "9": 0.17109313662569997, "10": 0.20348006199376006, "11": 0.14871342829273118, "12": 0.024437751967419815, "13": 0.07505474535445991, "14": 0.13408940554161114, "15": 0.2127513846096631, "16": 0.03630837087723005, "17": 0.02264626694350907, "18": 0.033363284205446604}}