{"cracks": {"0": 0.7741683586359507}, "holes": {"0": 0.1991152452957638, "1": 0.1843598453150614, "2": 0.2058374210357448, "3": 0.13161668041978786, "4": 0.25004548766204016, "5": 0.06477938167034933, "6": 0.20234415270593695, "7": 0.21495757436228222, "8": 0.009238154225731661, "9": 0.1686791391193466, "10": 0.22351089648768024, "11": 0.11677765822903245, "12": 0.02263396601093239, "13": 0.06295728603666723, "14": 0.12834085894120434, "15": 0.22115631484668052, "16": 0.023228076191559675, "17": 0.02118531971114135, "18": 0.03421704700008552}}