{"1": {"phi_c_k": -2.284300368015815, "abs_cf": 0.5922365432398079, "tip": [62.54915043913409, -3.213408943246929], "cf": [-0.5869616095087622, -0.07886819454964211], "kappa_c": -0.017837915289614977, "k2": [0.8123887777328491, 0.8740941882133484, 0.8789379000663757, 0.881382167339325, 0.8824818134307861], "k1": [42.152976989746094, 43.857521057128906, 44.09520721435547, 44.17339324951172, 44.21120071411133], "phi_c": -2.0440745228136397}}