{"0": {"sI_max": 12.747543334960938, "pos_max": [54.83069610595703, -21.93329429626465], "s_path": [[0.0, 12.747543334960938], [0.033332038670778275, 12.686168670654297], [0.06666787713766098, 12.624780654907227], [0.10000009089708328, 12.56339168548584], [0.13333213329315186, 12.501996994018555], [0.16666796803474426, 12.440587997436523], [0.20000000298023224, 12.379180908203125], [0.23333221673965454, 12.317765235900879], [0.26666805148124695, 12.256335258483887], [0.3000001013278961, 12.194906234741211], [0.3333321511745453, 12.13347053527832], [0.3666679859161377, 12.072020530700684], [0.4000001847743988, 12.010571479797363]], "n": [0.9960170993457589, -0.08916242376057597]}, "1": {"sI_max": 11.754941940307617, "pos_max": [53.03462219238281, -4.825438976287842], "s_path": [[0.0, 11.754941940307617], [0.033334605395793915, 11.721701622009277], [0.0666653960943222, 11.688878059387207], [0.10000000149011612, 11.65646743774414], [0.13333460688591003, 11.624472618103027], [0.16666540503501892, 11.592896461486816], [0.20000003278255463, 11.561731338500977], [0.23333464562892914, 11.530982971191406], [0.26666542887687683, 11.500651359558105], [0.30000004172325134, 11.470732688903809], [0.33333465456962585, 11.441229820251465], [0.36666545271873474, 11.412144660949707], [0.40000006556510925, 11.383472442626953]], "n": [-0.9992598452788473, 0.03846766971489536]}, "2": {"sI_max": 13.18451976776123, "pos_max": [65.67790222167969, -22.795188903808594], "s_path": [[0.0, 13.18451976776123], [0.03333296626806259, 13.11766242980957], [0.06666593253612518, 13.051041603088379], [0.09999889880418777, 12.984655380249023], [0.13333186507225037, 12.91850471496582], [0.16666483879089355, 12.852588653564453], [0.19999781250953674, 12.786907196044922], [0.23333078622817993, 12.721460342407227], [0.2666637599468231, 12.65625], [0.2999967336654663, 12.59127426147461], [0.3333364427089691, 12.526522636413574], [0.3666694164276123, 12.462017059326172], [0.4000023901462555, 12.397747039794922]], "n": [-0.8837245489724384, -0.46800739475296793]}, "3": {"sI_max": 8.426186561584473, "pos_max": [40.06413269042969, -31.189159393310547], "s_path": [[0.0, 8.426186561584473], [0.03333420678973198, 8.385649681091309], [0.06666488200426102, 8.34507942199707], [0.0999998152256012, 8.304466247558594], [0.13333402574062347, 8.263815879821777], [0.16666823625564575, 8.223128318786621], [0.1999989151954651, 8.182406425476074], [0.23333384096622467, 8.141641616821289], [0.26666805148124695, 8.10084056854248], [0.2999987304210663, 8.060005187988281], [0.33333292603492737, 8.019128799438477], [0.36666712164878845, 7.978214263916016], [0.3999985158443451, 7.937264919281006]], "n": [-0.9254502718016682, 0.3788690993235242]}, "4": {"sI_max": 16.015615463256836, "pos_max": [46.88458251953125, -10.698829650878906], "s_path": [[0.0, 16.015615463256836], [0.03333210200071335, 15.935007095336914], [0.06666773557662964, 15.854042053222656], [0.10000019520521164, 15.77272891998291], [0.133332297205925, 15.691070556640625], [0.16666793823242188, 15.60905647277832], [0.20000003278255463, 15.526698112487793], [0.23333212733268738, 15.443990707397461], [0.26666775345802307, 15.36092758178711], [0.30000022053718567, 15.277519226074219], [0.3333323299884796, 15.19376277923584], [0.3666679561138153, 15.109650611877441], [0.40000006556510925, 15.02519416809082]], "n": [0.9259793382955103, -0.3775741848296955]}, "5": {"sI_max": 4.097461223602295, "pos_max": [38.94074249267578, 7.214240550994873], "s_path": [[0.0, 4.097461223602295], [0.03333471342921257, 4.102147579193115], [0.0666656643152237, 4.106942653656006], [0.10000038146972656, 4.111846446990967], [0.13333509862422943, 4.116858959197998], [0.16666604578495026, 4.121979713439941], [0.20000076293945312, 4.127209663391113], [0.23333168029785156, 4.132547855377197], [0.266666442155838, 4.137994766235352], [0.3000011444091797, 4.143550872802734], [0.3333320617675781, 4.149214267730713], [0.3666667640209198, 4.154987335205078], [0.40000152587890625, 4.1608686447143555]], "n": [0.9963951104965357, 0.08483385985911818]}, "6": {"sI_max": 12.948952674865723, "pos_max": [64.96000671386719, -30.361408233642578], "s_path": [[0.0, 12.948952674865723], [0.03333497792482376, 12.88913345336914], [0.06666995584964752, 12.829463005065918], [0.09999784082174301, 12.769954681396484], [0.13333281874656677, 12.710585594177246], [0.16666780412197113, 12.6513671875], [0.2000027894973755, 12.592299461364746], [0.23333066701889038, 12.533391952514648], [0.26666563749313354, 12.474624633789062], [0.3000006079673767, 12.416008949279785], [0.3333355784416199, 12.357542037963867], [0.36666345596313477, 12.299237251281738], [0.39999842643737793, 12.241072654724121]], "n": [0.9303521498505649, 0.3666672568807201]}, "7": {"sI_max": 13.70606517791748, "pos_max": [74.74661254882812, -7.91419792175293], "s_path": [[0.0, 13.70606517791748], [0.03333325311541557, 13.667510032653809], [0.06666650623083115, 13.628863334655762], [0.09999975562095642, 13.590127944946289], [0.1333330124616623, 13.55130386352539], [0.16666626930236816, 13.512388229370117], [0.19999952614307404, 13.473383903503418], [0.2333327829837799, 13.434289932250977], [0.2666660249233246, 13.395105361938477], [0.29999926686286926, 13.355831146240234], [0.33333250880241394, 13.31646728515625], [0.3666657507419586, 13.277013778686523], [0.3999989926815033, 13.237471580505371]], "n": [0.9999871775644228, -0.005064060301724916]}, "8": {"sI_max": 0.5901706218719482, "pos_max": [14.877589225769043, -15.723384857177734], "s_path": [[0.0, 0.5901706218719482], [0.033333487808704376, 0.5879454612731934], [0.06666697561740875, 0.5857304334640503], [0.10000000149011612, 0.5835254192352295], [0.1333334892988205, 0.5813304781913757], [0.16666696965694427, 0.5791455507278442], [0.20000045001506805, 0.5769707560539246], [0.23333393037319183, 0.5748059749603271], [0.26666611433029175, 0.5726512670516968], [0.2999995946884155, 0.5705065727233887], [0.3333330750465393, 0.5683718919754028], [0.3666665554046631, 0.5662473440170288], [0.39999958872795105, 0.564132809638977]], "n": [0.8764438241253317, 0.4815041257897638]}, "9": {"sI_max": 10.800284385681152, "pos_max": [62.66973114013672, 26.56224822998047], "s_path": [[0.0, 10.800284385681152], [0.033331383019685745, 10.747579574584961], [0.06666699796915054, 10.695005416870117], [0.09999837726354599, 10.642571449279785], [0.1333339959383011, 10.590267181396484], [0.16666537523269653, 10.538105010986328], [0.20000098645687103, 10.48607349395752], [0.23333236575126648, 10.434183120727539], [0.2666679918766022, 10.38242244720459], [0.2999993860721588, 10.330803871154785], [0.3333350121974945, 10.279314041137695], [0.36666640639305115, 10.22796630859375], [0.39999842643737793, 10.17675495147705]], "n": [0.94453326698466, -0.3284157541277292]}, "10": {"sI_max": 14.28927993774414, "pos_max": [54.16061019897461, 9.123170852661133], "s_path": [[0.0, 14.28927993774414], [0.03333476558327675, 14.230419158935547], [0.06666575372219086, 14.171436309814453], [0.1000005230307579, 14.11231803894043], [0.1333315074443817, 14.053078651428223], [0.16666626930236816, 13.993703842163086], [0.20000103116035461, 13.934202194213867], [0.23333202302455902, 13.874577522277832], [0.26666679978370667, 13.814818382263184], [0.30000171065330505, 13.754931449890137], [0.33333268761634827, 13.694924354553223], [0.3666674494743347, 13.634780883789062], [0.39999842643737793, 13.574516296386719]], "n": [0.9905569599051767, -0.13710182049635297]}, "11": {"sI_max": 7.46329402923584, "pos_max": [45.15773391723633, 24.976524353027344],