{"cracks": {}, "holes": {"0": 0.02086131905286285, "1": 0.0019133677092539607, "2": 0.20372015394372223, "3": 0.020224472469752636, "4": 0.018596307311074176, "5": 0.024818569183412204, "6": 0.04965150034951841, "7": 0.38087356584497445, "8": 0.005387660312355086, "9": 0.047738005561191864, "10": 0.029897978582234672, "11": 0.017896817349897936, "12": 0.010658319548023374, "13": 0.021698622157042942, "14": 0.022385904894446685, "15": 0.15813057638203848, "16": 0.009869451618111825, "17": 0.018548517298146532, "18": 0.0015136076874801582}}