{"0": {"phi_c_k": -8.479358482973366, "abs_cf": 0.43647236064039446, "tip": [15.865358437229673, 1.2634655338803116], "cf": [-0.4355061647991647, -0.029025885428723086], "kappa_c": -0.05048439424298942, "k2": [2.5226268768310547, 2.7767670154571533, 2.8032329082489014, 2.814380168914795, 2.819213628768921], "k1": [35.770896911621094, 37.281978607177734, 37.48401641845703, 37.54732131958008, 37.57677459716797], "phi_c": -8.677628164193534}}