{"0": {"phi_c_k": 6.056006348224692, "abs_cf": 0.3753748640131038, "tip": [41.58099245666942, 0.35556856579932306], "cf": [-0.3530520395994756, 0.12751684542642394], "kappa_c": 0.033867692036837795, "k2": [-2.610833168029785, -1.8401578664779663, -1.8473390340805054, -1.8561596870422363, -1.8583978414535522], "k1": [32.87242889404297, 34.658485412597656, 34.837650299072266, 34.89311599731445, 34.91823196411133], "phi_c": 5.8214274466788964}}