{"0": {"sI_max": 6.17370141554191e-13, "pos_max": [47.40592575073242, -21.769880294799805], "s_path": [[0.0, 6.17370141554191e-13], [0.03333410993218422, 6.120765244470305e-13], [0.06666558980941772, 6.067785163210715e-13], [0.09999969601631165, 6.014749245539242e-13], [0.13333462178707123, 5.961663454567834e-13], [0.16666528582572937, 5.90853375340844e-13], [0.1999993920326233, 5.855348215837164e-13], [0.23333431780338287, 5.802112804965953e-13], [0.266664981842041, 5.748834568108929e-13], [0.2999998927116394, 5.695498868536764e-13], [0.3333339989185333, 5.64211383776575e-13], [0.3666646480560303, 5.588685438907837e-13], [0.39999955892562866, 5.535200119435868e-13]], "n": [-0.9038176048478331, -0.4279179093788037]}, "1": {"sI_max": 6.722860549507326e-12, "pos_max": [54.87543487548828, -0.503846287727356], "s_path": [[0.0, 6.722860549507326e-12], [0.03333265706896782, 6.14345943908412e-12], [0.06666748970746994, 5.674072756783888e-12], [0.10000012069940567, 5.314798080802152e-12], [0.1333327740430832, 5.065581634711158e-12], [0.1666676104068756, 4.926409540723098e-12], [0.20000027120113373, 4.897319962754443e-12], [0.23333293199539185, 4.930420221399556e-12], [0.26666775345802307, 4.795964840542677e-12], [0.30000039935112, 4.661535480537937e-12], [0.3333330452442169, 4.5271069878949355e-12], [0.36666569113731384, 4.367963022527954e-12], [0.40000051259994507, 3.960987787765546e-12]], "n": [-0.5700660291075191, 0.8215988817285386]}, "2": {"sI_max": 4.279853381417009e-13, "pos_max": [65.56184387207031, -22.68316650390625], "s_path": [[0.0, 4.279853381417009e-13], [0.0333302803337574, 4.2395543998173524e-13], [0.06666828691959381, 4.1991844029753977e-13], [0.09999857097864151, 4.1587639907324225e-13], [0.13333576917648315, 4.1182722921966064e-13], [0.16666685044765472, 4.077730720360856e-13], [0.19999712705612183, 4.037128162152903e-13], [0.23333513736724854, 3.9964548597531957e-13], [0.26666542887687683, 3.9557305998513814e-13], [0.3000026345252991, 3.9155413937216887e-13], [0.33333373069763184, 3.8756481747850846e-13], [0.36666402220726013, 3.835923820336845e-13], [0.4000012278556824, 3.7963577594057885e-13]], "n": [-0.9066920838280056, -0.4217931544295483]}, "3": {"sI_max": 3.9119928000111437e-13, "pos_max": [39.91544723510742, -31.505107879638672], "s_path": [[0.0, 3.9119928000111437e-13], [0.03333248570561409, 3.8807086884251607e-13], [0.06666859984397888, 3.849362777315346e-13], [0.10000108927488327, 3.817959945591476e-13], [0.1333329826593399, 3.786499109051378e-13], [0.1666654646396637, 3.754977015088534e-13], [0.2000015825033188, 3.723393121601859e-13], [0.23333406448364258, 3.6917528496022145e-13], [0.26666656136512756, 3.66005267543254e-13], [0.29999905824661255, 3.6282931411939223e-13], [0.33333516120910645, 3.5964709942798434e-13], [0.36666765809059143, 3.5645927399033384e-13], [0.39999955892562866, 3.532222799841611e-13]], "n": [-0.9509186729708647, 0.3094409109916297]}, "4": {"sI_max": 4.977610663058074e-13, "pos_max": [45.97296905517578, -6.450917720794678], "s_path": [[0.0, 4.977610663058074e-13], [0.033334579318761826, 4.963144695571686e-13], [0.06666634976863861, 4.948776848381908e-13], [0.10000060498714447, 4.934503868882223e-13], [0.13333237171173096, 4.920327925476975e-13], [0.16666695475578308, 4.906246849761819e-13], [0.19999872148036957, 4.892263352242188e-13], [0.2333333045244217, 4.878374722412648e-13], [0.2666678726673126, 4.86458258657646e-13], [0.29999932646751404, 4.850888571036882e-13], [0.33333390951156616, 4.837287796884138e-13], [0.36666569113731384, 4.823785685129089e-13], [0.40000027418136597, 4.811513600738726e-13]], "n": [0.7356921762669966, 0.6773160427596046]}, "5": {"sI_max": 9.846952897171746e-13, "pos_max": [36.560794830322266, 2.1296749114990234], "s_path": [[0.0, 9.846952897171746e-13], [0.03333323821425438, 9.675529691680063e-13], [0.06666626036167145, 9.50206493349759e-13], [0.09999950230121613, 9.32656079102867e-13], [0.1333327442407608, 9.149016180071134e-13], [0.16666588187217712, 8.969431642726067e-13], [0.20000067353248596, 8.787799047477174e-13], [0.23333391547203064, 8.604133031053784e-13], [0.26666703820228577, 8.411534272931287e-13], [0.3000001609325409, 8.207325335844728e-13], [0.33333340287208557, 8.00191889745866e-13], [0.3666665256023407, 7.795316041975253e-13], [0.3999996483325958, 7.587515685192336e-13]], "n": [0.43477220923284254, -0.9005404633212176]}, "6": {"sI_max": 4.437709965124381e-13, "pos_max": [62.66429138183594, -27.55116081237793], "s_path": [[0.0, 4.437709965124381e-13], [0.03333231806755066, 4.4275813484290216e-13], [0.06666730344295502, 4.4181035240876965e-13], [0.09999825805425644, 4.409276763150949e-13], [0.1333332508802414, 4.401099168264977e-13], [0.16666556894779205, 4.3935723657330394e-13], [0.2000005543231964, 4.386696084504593e-13], [0.23333287239074707, 4.380469782478552e-13], [0.2666678726673126, 4.3748945438570885e-13], [0.29999881982803345, 4.369969555488573e-13], [0.333333820104599, 4.365694546322463e-13], [0.36666613817214966, 4.3620700584598437e-13], [0.4000011384487152, 4.359096091900716e-13]], "n": [0.6995165977121491, 0.7146163512859325]}, "7": {"sI_max": 3.077473443181128e-13, "pos_max": [66.7938232421875, -3.355139970779419], "s_path": [[0.0, 3.077473443181128e-13], [0.03333430737257004, 2.9600272428466357e-13], [0.06666861474514008, 2.84895371183147e-13], [0.10000292211771011, 2.7442536632872605e-13], [0.1333310604095459, 2.645936312932473e-13], [0.16666537523269653, 2.5539810609258307e-13], [0.19999969005584717, 2.468399291390144e-13], [0.2333340048789978, 2.3891901911737845e-13], [0.26666831970214844, 2.3163543023778377e-13], [0.3000026345252991, 2.2498914894770322e-13], [0.3333309292793274, 2.1898064958558727e-13], [0.366665244102478, 2.136088886068449e-13], [0.3999994099140167, 2.0724006820523055e-13]], "n": [-0.7889193587808135, 0.6144967415217675]}, "8": {"sI_max": 4.5035237474996825e-13, "pos_max": [7.639040946960449, -14.658281326293945], "s_path": [[0.0, 4.5035237474996825e-13], [0.033333536237478256, 4.4781501640570043e-13], [0.06666642427444458, 4.4528107329827593e-13], [0.09999996423721313, 4.4275054542769476e-13], [0.1333335041999817, 4.4022343279395693e-13], [0.16666638851165771, 4.3769978960717104e-13], [0.19999992847442627, 4.351795616572285e-13], [0.23333346843719482, 4.3266269473402064e-13], [0.26666635274887085, 4.3014932436281905e-13], [0.2999998927116394, 4.276393421234065e-13], [0.33333343267440796, 4.251379792912652e-13], [0.366666316986084, 4.226387035483059e-13], [0.39999985694885254, 4.201351452067653e-13]], "n": [-0.7334524385184289, 0.6797407744363804]}, "9": {"sI_max": 2.8450283578659863e-13, "pos_max": [62.886199951171875, 30.890579223632812], "s_path": [[0.0, 2.8450283578659863e-13], [0.033333174884319305, 2.84645191531846e-13], [0.06666626036167145, 2.848190162451497e-13], [0.09999943524599075, 2.8502430992650984e-13], [0.13333261013031006, 2.8526099126076343e-13], [0.16666577756404877, 2.8552906024791047e-13], [0.1999988704919815, 2.8582865241322253e-13], [0.23333203792572021, 2.8615963223142804e-13], [0.2666652202606201, 2.865220268075813e-13], [0.29999840259552, 2.869158632467367e-13], [0.33333149552345276, 2.8734116865394843e-13], [0.3666684925556183, 2.8779794302921657e-13], [0.4000016748905182, 2.8828605084726955e-13]], "n": [0.9989602740923204, -0.04558915205831702]}, "10": {"sI_max": 3.516054634944421e-13, "pos_max": [45.70231628417969, 15.606818199157715],