{"0": {"phi_c_k": 10.299622174986679, "abs_cf": 0.29727097716648865, "tip": [44.4025882009211, -0.6635474511589075], "cf": [-0.2942836971093925, 0.04203735816088283], "kappa_c": 0.06823902993206461, "k2": [-2.4344677925109863, -2.7560932636260986, -2.7906205654144287, -2.811330795288086, -2.8218514919281006], "k1": [29.281497955322266, 30.4879093170166, 30.641523361206055, 30.687299728393555, 30.706623077392578], "phi_c": 11.729425239522596}}