{"0": {"sI_max": 0.8668069839477539, "pos_max": [53.98175811767578, -17.90113067626953], "s_path": [[0.0, 0.8668069839477539], [0.03333219513297081, 0.862697958946228], [0.06666743010282516, 0.8585676550865173], [0.09999962896108627, 0.854417085647583], [0.1333329826593399, 0.8502458333969116], [0.16666822135448456, 0.8460536003112793], [0.20000042021274567, 0.841840922832489], [0.23333261907100677, 0.8376076817512512], [0.26666784286499023, 0.8333532810211182], [0.30000004172325134, 0.8290786147117615], [0.33333224058151245, 0.8247832655906677], [0.3666674792766571, 0.8204668760299683], [0.40000084042549133, 0.8161299824714661]], "n": [0.7966606173672847, 0.6044268861789462]}, "1": {"sI_max": 0.04054586961865425, "pos_max": [59.961883544921875, -8.49023723602295], "s_path": [[0.0, 0.04054586961865425], [0.03333459421992302, 0.04536117985844612], [0.0666656494140625, 0.05017126724123955], [0.10000024735927582, 0.054977502673864365], [0.13333484530448914, 0.059779196977615356], [0.16666589677333832, 0.0645756721496582], [0.20000049471855164, 0.06936830282211304], [0.23333215713500977, 0.07415574043989182], [0.26666614413261414, 0.0789392739534378], [0.30000072717666626, 0.08371829241514206], [0.3333323895931244, 0.08849212527275085], [0.36666637659072876, 0.09326204657554626], [0.4000009596347809, 0.09802746772766113]], "n": [0.7692303700939498, -0.6389715468822732]}, "2": {"sI_max": 9.311553955078125, "pos_max": [73.09626770019531, -23.63448715209961], "s_path": [[0.0, 9.311553955078125], [0.0333307720720768, 9.29191780090332], [0.06666897982358932, 9.272293090820312], [0.09999974817037582, 9.252690315246582], [0.1333300918340683, 9.233104705810547], [0.16666829586029053, 9.213531494140625], [0.19999906420707703, 9.193979263305664], [0.23332983255386353, 9.174445152282715], [0.26666805148124695, 9.154924392700195], [0.29999881982803345, 9.135424613952637], [0.33333703875541687, 9.115937232971191], [0.36666738986968994, 9.096471786499023], [0.39999815821647644, 9.077022552490234]], "n": [0.9748884830088783, -0.2226936139556948]}, "3": {"sI_max": 1.0002166032791138, "pos_max": [43.29539489746094, -37.36956024169922], "s_path": [[0.0, 1.0002166032791138], [0.03333475813269615, 0.9986461400985718], [0.06666657328605652, 0.9970678687095642], [0.10000132769346237, 0.9954816699028015], [0.13333235681056976, 0.9938880801200867], [0.1666671186685562, 0.9922863841056824], [0.19999893009662628, 0.990676760673523], [0.23333369195461273, 0.989059567451477], [0.2666647136211395, 0.9874347448348999], [0.30000025033950806, 0.985801637172699], [0.3333350121974945, 0.9841609001159668], [0.3666660487651825, 0.9825126528739929], [0.40000081062316895, 0.9808563590049744]], "n": [-0.20717064004385138, -0.9783048225904954]}, "4": {"sI_max": 0.8520005345344543, "pos_max": [37.79930877685547, -9.033485412597656], "s_path": [[0.0, 0.8520005345344543], [0.03333313763141632, 0.8461900353431702], [0.06666652858257294, 0.8403875231742859], [0.09999966621398926, 0.8345929980278015], [0.13333280384540558, 0.8288062810897827], [0.1666659414768219, 0.8230275511741638], [0.19999933242797852, 0.8172566294670105], [0.23333247005939484, 0.8114936947822571], [0.26666560769081116, 0.8057387471199036], [0.2999987304210663, 0.7999916672706604], [0.3333321213722229, 0.7942523956298828], [0.366665244102478, 0.7885211706161499], [0.39999836683273315, 0.7827978730201721]], "n": [-0.9627955030178718, -0.27023104812098003]}, "5": {"sI_max": 1.2459179162979126, "pos_max": [38.01738739013672, 3.2398464679718018], "s_path": [[0.0, 1.2459179162979126], [0.0333346389234066, 1.200181007385254], [0.06666658818721771, 1.1554088592529297], [0.10000123083591461, 1.1115955114364624], [0.13333317637443542, 1.06874680519104], [0.16666781902313232, 1.0268568992614746], [0.19999976456165314, 0.9859316945075989], [0.23333440721035004, 0.9459651708602905], [0.2666662037372589, 0.9069634675979614], [0.3000008463859558, 0.8689205050468445], [0.3333328068256378, 0.8146807551383972], [0.3666674494743347, 0.7642858028411865], [0.3999994099140167, 0.7144169211387634]], "n": [0.704672004668226, -0.7095332027726846]}, "6": {"sI_max": 2.19974946975708, "pos_max": [65.17669677734375, -34.48817443847656], "s_path": [[0.0, 2.19974946975708], [0.03333018720149994, 2.202193021774292], [0.06666756421327591, 2.204672336578369], [0.09999775141477585, 2.2071871757507324], [0.13333553075790405, 2.209737777709961], [0.16666531562805176, 2.2123234272003174], [0.20000308752059937, 2.2149455547332764], [0.23333287239074707, 2.217602252960205], [0.2666630744934082, 2.2202951908111572], [0.3000008463859558, 2.2230238914489746], [0.3333306312561035, 2.22578763961792], [0.3666684031486511, 2.2285878658294678], [0.39999860525131226, 2.2314229011535645]], "n": [0.9945907439292114, -0.10387132467788086]}, "7": {"sI_max": 5.490068435668945, "pos_max": [74.70913696289062, -8.438630104064941], "s_path": [[0.0, 5.490068435668945], [0.03333217278122902, 5.633774280548096], [0.06666434556245804, 5.830025672912598], [0.09999644756317139, 6.081550598144531], [0.13333623111248016, 6.327601909637451], [0.16666840016841888, 6.5555267333984375], [0.2000005692243576, 6.765381336212158], [0.23333267867565155, 6.957162857055664], [0.26666486263275146, 7.13087797164917], [0.2999970316886902, 7.286521911621094], [0.33333680033683777, 7.424124240875244], [0.3666689097881317, 7.538209915161133], [0.40000107884407043, 7.661118030548096]], "n": [0.9975024514242762, -0.07063185826919481]}, "8": {"sI_max": 0.24120163917541504, "pos_max": [14.877589225769043, -15.723384857177734], "s_path": [[0.0, 0.24120163917541504], [0.033333487808704376, 0.23949474096298218], [0.06666697561740875, 0.23779311776161194], [0.10000000149011612, 0.23609685897827148], [0.1333334892988205, 0.23440583050251007], [0.16666696965694427, 0.23272009193897247], [0.20000045001506805, 0.23103965818881989], [0.23333393037319183, 0.2293645292520523], [0.26666611433029175, 0.22769472002983093], [0.2999995946884155, 0.2260301411151886], [0.3333330750465393, 0.22437089681625366], [0.3666665554046631, 0.22271691262722015], [0.39999958872795105, 0.22106823325157166]], "n": [0.8764438241253317, 0.4815041257897638]}, "9": {"sI_max": 2.4279770851135254, "pos_max": [62.714569091796875, 31.916730880737305], "s_path": [[0.0, 2.4279770851135254], [0.03333427757024765, 2.426448106765747], [0.0666685551404953, 2.4249579906463623], [0.09999917447566986, 2.423506498336792], [0.13333344459533691, 2.422093629837036], [0.166667178273201, 2.420720338821411], [0.20000144839286804, 2.4193849563598633], [0.2333320677280426, 2.418088912963867], [0.26666635274887085, 2.4168317317962646], [0.3000006377696991, 2.4156129360198975], [0.33333492279052734, 2.414433240890503], [0.3666655421257019, 2.4132916927337646], [0.39999982714653015, 2.412189483642578]], "n": [0.9586439942480037, 0.2846079624540278]}, "10": {"sI_max": 1.1766839027404785, "pos_max": [53.689090728759766, 7.849089622497559], "s_path": [[0.0, 1.1766839027404785], [0.03333180025219917, 1.1743541955947876], [0.06666706502437592, 1.1718662977218628], [0.09999886155128479, 1.1692216396331787], [0.13333413004875183, 1.1664190292358398], [0.1666659265756607, 1.163459300994873], [0.20000092685222626, 1.1603416204452515], [0.23333299160003662, 1.157067060470581], [0.2666679918766022, 1.1536343097686768], [0.30000004172325134, 1.1500449180603027], [0.3333318531513214, 1.1462980508804321], [0.36666685342788696, 1.1423929929733276], [0.39999890327453613, 1.1383311748504639]], "n": [0.8406196197737754, -0.5416259362801907]}, "11": {"sI_max": 0.9586085081100464, "pos_max": [43.303466796875, 22.963199615478516],