{"0": {"kappa": [0, 0, 0, 0, 0, 0, 0, 0, 0, 0, 0], "is_active": 1, "da": [10.0, 3.0, 3.0, 3.0, 12.0, 3.0, 6.0, 3.0, 3.0, 3.0, 3.0], "n0": [1, 0], "dphi": [0, 11.822151564711415, 0.6685220810867794, -8.677628164193534, -18.40504595753876, 35.03283909887564, 0.7427060662402987, -46.86389488732703, 5.8214274466788964, 11.729425239522596, 20.89111199190782], "x0": [0, 0], "close_hole": []}}