{"0": {"phi_c_k": 0.708819011537017, "abs_cf": 0.45042622539052474, "tip": [12.936364761415795, 0.6146234521359856], "cf": [-0.43976518852985436, -0.09741849658487567], "kappa_c": 0.00388930381241627, "k2": [-0.3911266028881073, -0.22352544963359833, -0.2369435429573059, -0.23838691413402557, -0.24136103689670563], "k1": [36.688175201416016, 38.26007843017578, 38.46946334838867, 38.535491943359375, 38.566314697265625], "phi_c": 0.6685220810867794}}