{"0": {"phi_c_k": 33.61443971642066, "abs_cf": 0.3343152843878265, "tip": [30.471649749214137, -1.5602421656120191], "cf": [-0.3132645542617638, -0.11675627785473353], "kappa_c": 0.05095319904973194, "k2": [-9.74801254272461, -10.28610610961914, -10.370203971862793, -10.402172088623047, -10.419092178344727], "k1": [26.88751220703125, 27.97671890258789, 28.114105224609375, 28.15390968322754, 28.170297622680664], "phi_c": 35.03283909887564}}