{"0": {"sI_max": 10.93278980255127, "pos_max": [54.83069610595703, -21.93329429626465], "s_path": [[0.0, 10.93278980255127], [0.033332038670778275, 10.88086986541748], [0.06666787713766098, 10.828932762145996], [0.10000009089708328, 10.776994705200195], [0.13333213329315186, 10.72504711151123], [0.16666796803474426, 10.67308521270752], [0.20000000298023224, 10.621121406555176], [0.23333221673965454, 10.5691499710083], [0.26666805148124695, 10.517163276672363], [0.3000001013278961, 10.465173721313477], [0.3333321511745453, 10.413176536560059], [0.3666679859161377, 10.361165046691895], [0.4000001847743988, 10.309149742126465]], "n": [0.9960170993457589, -0.08916242376057597]}, "1": {"sI_max": 17.738327026367188, "pos_max": [53.03462219238281, -4.825438976287842], "s_path": [[0.0, 17.738327026367188], [0.033334605395793915, 17.659629821777344], [0.0666653960943222, 17.581972122192383], [0.10000000149011612, 17.50533676147461], [0.13333460688591003, 17.429733276367188], [0.16666540503501892, 17.35516929626465], [0.20000003278255463, 17.281625747680664], [0.23333464562892914, 17.209115982055664], [0.26666542887687683, 17.137645721435547], [0.30000004172325134, 17.067195892333984], [0.33333465456962585, 16.997779846191406], [0.36666545271873474, 16.929401397705078], [0.40000006556510925, 16.86204719543457]], "n": [-0.9992598452788473, 0.03846766971489536]}, "2": {"sI_max": 12.976493835449219, "pos_max": [73.25115966796875, -22.269615173339844], "s_path": [[0.0, 12.976493835449219], [0.03333297744393349, 12.938507080078125], [0.06666594743728638, 12.900503158569336], [0.09999892860651016, 12.862482070922852], [0.13333189487457275, 12.824445724487305], [0.16666486859321594, 12.786389350891113], [0.19999784231185913, 12.74831771850586], [0.23333081603050232, 12.710227966308594], [0.2666637897491455, 12.67212200164795], [0.2999967634677887, 12.63399887084961], [0.3333297371864319, 12.595857620239258], [0.3666703402996063, 12.557690620422363], [0.4000033140182495, 12.519515991210938]], "n": [0.9999954725365442, -0.003009137154365942]}, "3": {"sI_max": 6.6875152587890625, "pos_max": [40.06413269042969, -31.189159393310547], "s_path": [[0.0, 6.6875152587890625], [0.03333420678973198, 6.6549882888793945], [0.06666488200426102, 6.622369766235352], [0.0999998152256012, 6.589652061462402], [0.13333402574062347, 6.556839942932129], [0.16666823625564575, 6.523933410644531], [0.1999989151954651, 6.490934371948242], [0.23333384096622467, 6.457835674285889], [0.26666805148124695, 6.424643516540527], [0.2999987304210663, 6.391359329223633], [0.33333292603492737, 6.357976913452148], [0.36666712164878845, 6.324499130249023], [0.3999985158443451, 6.290927886962891]], "n": [-0.9254502718016682, 0.3788690993235242]}, "4": {"sI_max": 11.464364051818848, "pos_max": [46.88458251953125, -10.698829650878906], "s_path": [[0.0, 11.464364051818848], [0.03333210200071335, 11.404112815856934], [0.06666773557662964, 11.343881607055664], [0.10000019520521164, 11.283686637878418], [0.133332297205925, 11.223518371582031], [0.16666793823242188, 11.163372993469238], [0.20000003278255463, 11.103261947631836], [0.23333212733268738, 11.04317855834961], [0.26666775345802307, 10.983119010925293], [0.30000022053718567, 10.923091888427734], [0.3333323299884796, 10.863093376159668], [0.3666679561138153, 10.803116798400879], [0.40000006556510925, 10.743175506591797]], "n": [0.9259793382955103, -0.3775741848296955]}, "5": {"sI_max": 2.511904001235962, "pos_max": [38.01738739013672, 3.2398464679718018], "s_path": [[0.0, 2.511904001235962], [0.0333346389234066, 2.4503326416015625], [0.06666658818721771, 2.3894059658050537], [0.10000123083591461, 2.3291149139404297], [0.13333317637443542, 2.269468069076538], [0.16666781902313232, 2.2104568481445312], [0.19999976456165314, 2.152089834213257], [0.23333440721035004, 2.094358444213867], [0.2666662037372589, 2.037271738052368], [0.3000008463859558, 1.9808204174041748], [0.3333328068256378, 1.8667923212051392], [0.3666674494743347, 1.7509151697158813], [0.3999994099140167, 1.6361467838287354]], "n": [0.704672004668226, -0.7095332027726846]}, "6": {"sI_max": 11.693826675415039, "pos_max": [64.96000671386719, -30.361408233642578], "s_path": [[0.0, 11.693826675415039], [0.03333497792482376, 11.640660285949707], [0.06666995584964752, 11.587791442871094], [0.09999784082174301, 11.535226821899414], [0.13333281874656677, 11.482949256896973], [0.16666780412197113, 11.430968284606934], [0.2000027894973755, 11.379281997680664], [0.23333066701889038, 11.327901840209961], [0.26666563749313354, 11.276808738708496], [0.3000006079673767, 11.226011276245117], [0.3333355784416199, 11.175511360168457], [0.36666345596313477, 11.125314712524414], [0.39999842643737793, 11.075406074523926]], "n": [0.9303521498505649, 0.3666672568807201]}, "7": {"sI_max": 13.641560554504395, "pos_max": [74.70698547363281, -6.51923942565918], "s_path": [[0.0, 13.641560554504395], [0.03333573415875435, 13.601126670837402], [0.06666385382413864, 13.560796737670898], [0.09999961405992508, 13.520550727844238], [0.13333535194396973, 13.480398178100586], [0.16666346788406372, 13.440347671508789], [0.19999919831752777, 13.400382995605469], [0.2333349585533142, 13.360511779785156], [0.2666630744934082, 13.3207426071167], [0.29999881982803345, 13.281061172485352], [0.3333345651626587, 13.241471290588379], [0.36667031049728394, 13.201974868774414], [0.3999984562397003, 13.162581443786621]], "n": [0.998081383138631, 0.06191568970848366]}, "8": {"sI_max": 0.6190818548202515, "pos_max": [14.877589225769043, -15.723384857177734], "s_path": [[0.0, 0.6190818548202515], [0.033333487808704376, 0.6163608431816101], [0.06666697561740875, 0.6136493682861328], [0.10000000149011612, 0.6109474301338196], [0.1333334892988205, 0.6082550287246704], [0.16666696965694427, 0.6055721044540405], [0.20000045001506805, 0.6028986573219299], [0.23333393037319183, 0.6002347469329834], [0.26666611433029175, 0.5975804328918457], [0.2999995946884155, 0.5949355959892273], [0.3333330750465393, 0.5923002362251282], [0.3666665554046631, 0.5896743535995483], [0.39999958872795105, 0.5870580077171326]], "n": [0.8764438241253317, 0.4815041257897638]}, "9": {"sI_max": 11.576998710632324, "pos_max": [62.66973114013672, 26.56224822998047], "s_path": [[0.0, 11.576998710632324], [0.033331383019685745, 11.510024070739746], [0.06666699796915054, 11.442981719970703], [0.09999837726354599, 11.375892639160156], [0.1333339959383011, 11.308736801147461], [0.16666537523269653, 11.241533279418945], [0.20000098645687103, 11.174263954162598], [0.23333236575126648, 11.106945037841797], [0.2666679918766022, 11.039562225341797], [0.2999993860721588, 10.972129821777344], [0.3333350121974945, 10.904631614685059], [0.36666640639305115, 10.837084770202637], [0.39999842643737793, 10.769479751586914]], "n": [0.94453326698466, -0.3284157541277292]}, "10": {"sI_max": 13.509231567382812, "pos_max": [54.16061019897461, 9.123170852661133], "s_path": [[0.0, 13.509231567382812], [0.03333476558327675, 13.456514358520508], [0.06666575372219086, 13.403799057006836], [0.1000005230307579, 13.351073265075684], [0.1333315074443817, 13.298347473144531], [0.16666626930236816, 13.245613098144531], [0.20000103116035461, 13.192872047424316], [0.23333202302455902, 13.140132904052734], [0.26666679978370667, 13.087383270263672], [0.30000171065330505, 13.034627914428711], [0.33333268761634827, 12.98187255859375], [0.3666674494743347, 12.929108619689941], [0.39999842643737793, 12.876346588134766]], "n": [0.9905569599051767, -0.13710182049635297]}, "11": {"sI_max": 4.583218574523926, "pos_max": [45.15773391723633, 24.976524353027344],