{"cracks": {"0": 0.7461688960997468}, "holes": {"0": 0.19555482416642428, "1": 0.19197949566951872, "2": 0.21039498832716566, "3": 0.15232045654696502, "4": 0.21645024044534936, "5": 0.2573302115811012, "6": 0.20465670916000672, "7": 0.21769514255542527, "8": 0.008910601980235069, "9": 0.1672588015327615, "10": 0.21764412608230455, "11": 0.18075995924741475, "12": 0.028006914735128532, "13": 0.08771389710382292, "14": 0.1392490912132552, "15": 0.2063610523950181, "16": 0.05017871908442318, "17": 0.02658983844576746, "18": 0.07486532921092977}}