{"0": {"sI_max": 5.759505271911621, "pos_max": [54.389278411865234, -23.2199764251709], "s_path": [[0.0, 5.759505271911621], [0.03333216905593872, 5.737641334533691], [0.06666537374258041, 5.716333389282227], [0.10000074654817581, 5.695585250854492], [0.13333292305469513, 5.675394058227539], [0.16666613519191742, 5.655758857727051], [0.19999830424785614, 5.636683464050293], [0.2333347052335739, 5.618163108825684], [0.26666688919067383, 5.600203514099121], [0.29999905824661255, 5.582800388336182], [0.33333227038383484, 5.565953254699707], [0.36666762828826904, 5.549666404724121], [0.39999979734420776, 5.533936500549316]], "n": [0.8392232213364962, -0.5437870766849779]}, "1": {"sI_max": 8.968816757202148, "pos_max": [60.53215408325195, -7.228384971618652], "s_path": [[0.0, 8.968816757202148], [0.033332306891679764, 9.017589569091797], [0.066668301820755, 9.065757751464844], [0.10000060498714447, 9.113311767578125], [0.13333283364772797, 9.160256385803223], [0.16666513681411743, 9.206592559814453], [0.20000113546848297, 9.252323150634766], [0.23333343863487244, 9.297441482543945], [0.26666566729545593, 9.341948509216309], [0.30000174045562744, 9.385851860046387], [0.33333396911621094, 9.4291410446167], [0.3666662871837616, 9.471821784973145], [0.39999860525131226, 9.513893127441406]], "n": [0.9875429352885932, -0.15734977267727274]}, "2": {"sI_max": 12.884861946105957, "pos_max": [73.25115966796875, -22.269615173339844], "s_path": [[0.0, 12.884861946105957], [0.03333297744393349, 12.846004486083984], [0.06666594743728638, 12.807262420654297], [0.09999892860651016, 12.768633842468262], [0.13333189487457275, 12.730119705200195], [0.16666486859321594, 12.691720008850098], [0.19999784231185913, 12.653434753417969], [0.23333081603050232, 12.615264892578125], [0.2666637897491455, 12.577207565307617], [0.2999967634677887, 12.539266586303711], [0.3333297371864319, 12.50143814086914], [0.3666703402996063, 12.463716506958008], [0.4000033140182495, 12.426116943359375]], "n": [0.9999954725365442, -0.003009137154365942]}, "3": {"sI_max": 3.423046588897705, "pos_max": [48.727439880371094, -34.349945068359375], "s_path": [[0.0, 3.423046588897705], [0.03333133086562157, 3.4227967262268066], [0.06666775792837143, 3.422630548477173], [0.0999990850687027, 3.422548294067383], [0.13333384692668915, 3.422550678253174], [0.16666685044765472, 3.4226365089416504], [0.20000161230564117, 3.422807455062866], [0.23333294689655304, 3.4230613708496094], [0.2666659355163574, 3.4233996868133545], [0.30000069737434387, 3.4238226413726807], [0.33333203196525574, 3.4243288040161133], [0.3666667938232422, 3.424920082092285], [0.39999979734420776, 3.4255943298339844]], "n": [0.8986392810196256, -0.4386883205745625]}, "4": {"sI_max": 1.894521951675415, "pos_max": [47.140560150146484, -9.436851501464844], "s_path": [[0.0, 1.894521951675415], [0.03333432227373123, 1.8802484273910522], [0.06666482985019684, 1.8659919500350952], [0.09999915212392807, 1.8517498970031738], [0.1333334743976593, 1.837523341178894], [0.16666780412197113, 1.8233122825622559], [0.19999833405017853, 1.8091187477111816], [0.23333266377449036, 1.794939398765564], [0.266666978597641, 1.780775547027588], [0.3000012934207916, 1.766627550125122], [0.33333179354667664, 1.7524968385696411], [0.36666610836982727, 1.7383801937103271], [0.4000004231929779, 1.7242791652679443]], "n": [0.9998405805553542, -0.01785534863093997]}, "5": {"sI_max": 2.0225677490234375, "pos_max": [38.01738739013672, 3.2398464679718018], "s_path": [[0.0, 2.0225677490234375], [0.0333346389234066, 1.9593462944030762], [0.06666658818721771, 1.8972852230072021], [0.10000123083591461, 1.836375117301941], [0.13333317637443542, 1.776625156402588], [0.16666781902313232, 1.7180265188217163], [0.19999976456165314, 1.6605875492095947], [0.23333440721035004, 1.6043002605438232], [0.2666662037372589, 1.5491728782653809], [0.3000008463859558, 1.4951969385147095], [0.3333328068256378, 1.4043035507202148], [0.3666674494743347, 1.316175103187561], [0.3999994099140167, 1.228938341140747]], "n": [0.704672004668226, -0.7095332027726846]}, "6": {"sI_max": 9.099599838256836, "pos_max": [64.96000671386719, -30.361408233642578], "s_path": [[0.0, 9.099599838256836], [0.03333497792482376, 9.055624961853027], [0.06666995584964752, 9.011815071105957], [0.09999784082174301, 8.968182563781738], [0.13333281874656677, 8.92470932006836], [0.16666780412197113, 8.8814058303833], [0.2000027894973755, 8.838268280029297], [0.23333066701889038, 8.795305252075195], [0.26666563749313354, 8.752503395080566], [0.3000006079673767, 8.709868431091309], [0.3333355784416199, 8.667402267456055], [0.36666345596313477, 8.625110626220703], [0.39999842643737793, 8.582980155944824]], "n": [0.9303521498505649, 0.3666672568807201]}, "7": {"sI_max": 17.463626861572266, "pos_max": [65.76289367675781, -6.5817365646362305], "s_path": [[0.0, 17.463626861572266], [0.03333299607038498, 17.42188262939453], [0.06666599214076996, 17.38018798828125], [0.09999898821115494, 17.338542938232422], [0.13333198428153992, 17.296945571899414], [0.1666649878025055, 17.25539779663086], [0.19999799132347107, 17.213897705078125], [0.23333099484443665, 17.172447204589844], [0.2666639983654022, 17.131046295166016], [0.2999970018863678, 17.08969497680664], [0.3333300054073334, 17.048391342163086], [0.36666300892829895, 17.007137298583984], [0.4000036418437958, 16.965923309326172]], "n": [-0.9999948272391085, 0.0032164413605307966]}, "8": {"sI_max": 0.5377438068389893, "pos_max": [14.877589225769043, -15.723384857177734], "s_path": [[0.0, 0.5377438068389893], [0.033333487808704376, 0.5345482230186462], [0.06666697561740875, 0.5313584208488464], [0.10000000149011612, 0.5281747579574585], [0.1333334892988205, 0.5249969363212585], [0.16666696965694427, 0.5218250751495361], [0.20000045001506805, 0.5186591148376465], [0.23333393037319183, 0.5154990553855896], [0.26666611433029175, 0.5123450756072998], [0.2999995946884155, 0.5091968774795532], [0.3333330750465393, 0.5060546398162842], [0.3666665554046631, 0.5029183030128479], [0.39999958872795105, 0.49978798627853394]], "n": [0.8764438241253317, 0.4815041257897638]}, "9": {"sI_max": 6.787023544311523, "pos_max": [62.66973114013672, 26.56224822998047], "s_path": [[0.0, 6.787023544311523], [0.033331383019685745, 6.7538275718688965], [0.06666699796915054, 6.720720291137695], [0.09999837726354599, 6.687710762023926], [0.1333339959383011, 6.65479040145874], [0.16666537523269653, 6.621966361999512], [0.20000098645687103, 6.589232444763184], [0.23333236575126648, 6.556595802307129], [0.2666679918766022, 6.524047374725342], [0.2999993860721588, 6.4915971755981445], [0.3333350121974945, 6.459235668182373], [0.36666640639305115, 6.426970958709717], [0.39999842643737793, 6.394799709320068]], "n": [0.94453326698466, -0.3284157541277292]}, "10": {"sI_max": 5.202775955200195, "pos_max": [53.29932403564453, 14.499090194702148], "s_path": [[0.0, 5.202775955200195], [0.033333562314510345, 5.195141792297363], [0.06666766107082367, 5.187500953674316], [0.10000122338533401, 5.179854393005371], [0.13333164155483246, 5.172202110290527], [0.16666574776172638, 5.164543151855469], [0.19999930262565613, 5.156877517700195], [0.23333285748958588, 5.149206161499023], [0.2666669487953186, 5.141529083251953], [0.30000051856040955, 5.133845329284668], [0.3333340883255005, 5.126154899597168], [0.3666681945323944, 5.1184587478637695], [0.39999860525131226, 5.110757827758789]], "n": [0.8243029892581223, 0.5661489043530189]}, "11": {"sI_max": 2.2281651496887207, "pos_max": [45.25672149658203, 29.04608154296875],