{"0": {"phi_c_k": -0.03631228121570634, "abs_cf": 0.3673976219076508, "tip": [33.282749650034326, -0.5125220944056217], "cf": [-0.34257169059537773, -0.13276162618024046], "kappa_c": 0.004320888743476105, "k2": [1.0216418504714966, 0.039240237325429916, 0.01540349330753088, 0.010972991585731506, 0.0038079973310232162], "k1": [32.58781433105469, 34.394187927246094, 34.57154846191406, 34.62773132324219, 34.654815673828125], "phi_c": 0.7427060662402987}}