{"0": {"sI_max": 12.401525497436523, "pos_max": [54.83069610595703, -21.93329429626465], "s_path": [[0.0, 12.401525497436523], [0.033332038670778275, 12.338639259338379], [0.06666787713766098, 12.275766372680664], [0.10000009089708328, 12.212920188903809], [0.13333213329315186, 12.150094032287598], [0.16666796803474426, 12.0872802734375], [0.20000000298023224, 12.024495124816895], [0.23333221673965454, 11.9617280960083], [0.26666805148124695, 11.898974418640137], [0.3000001013278961, 11.836249351501465], [0.3333321511745453, 11.773542404174805], [0.3666679859161377, 11.710847854614258], [0.4000001847743988, 11.648180961608887]], "n": [0.9960170993457589, -0.08916242376057597]}, "1": {"sI_max": 11.878074645996094, "pos_max": [60.52295684814453, -3.597318649291992], "s_path": [[0.0, 11.878074645996094], [0.03333386033773422, 11.836797714233398], [0.06666767597198486, 11.79556655883789], [0.10000153630971909, 11.754376411437988], [0.13333159685134888, 11.713235855102539], [0.1666654497385025, 11.672134399414062], [0.19999927282333374, 11.63107681274414], [0.23333312571048737, 11.590063095092773], [0.2666669487953186, 11.549092292785645], [0.3000008165836334, 11.50816535949707], [0.33333468437194824, 11.467283248901367], [0.3666684925556183, 11.426444053649902], [0.39999860525131226, 11.385652542114258]], "n": [0.9852063741967746, 0.17137211045571238]}, "2": {"sI_max": 12.627527236938477, "pos_max": [65.67790222167969, -22.795188903808594], "s_path": [[0.0, 12.627527236938477], [0.03333296626806259, 12.562801361083984], [0.06666593253612518, 12.498344421386719], [0.09999889880418777, 12.434155464172363], [0.13333186507225037, 12.370235443115234], [0.16666483879089355, 12.3065824508667], [0.19999781250953674, 12.24319839477539], [0.23333078622817993, 12.180082321166992], [0.2666637599468231, 12.11723518371582], [0.2999967336654663, 12.054655075073242], [0.3333364427089691, 11.992335319519043], [0.3666694164276123, 11.930292129516602], [0.4000023901462555, 11.868518829345703]], "n": [-0.8837245489724384, -0.46800739475296793]}, "3": {"sI_max": 12.254989624023438, "pos_max": [40.06413269042969, -31.189159393310547], "s_path": [[0.0, 12.254989624023438], [0.03333420678973198, 12.189544677734375], [0.06666488200426102, 12.124191284179688], [0.0999998152256012, 12.058914184570312], [0.13333402574062347, 11.99372386932373], [0.16666823625564575, 11.928619384765625], [0.1999989151954651, 11.863605499267578], [0.23333384096622467, 11.798666954040527], [0.26666805148124695, 11.733818054199219], [0.2999987304210663, 11.669057846069336], [0.33333292603492737, 11.604377746582031], [0.36666712164878845, 11.53978157043457], [0.3999985158443451, 11.475275993347168]], "n": [-0.9254502718016682, 0.3788690993235242]}, "4": {"sI_max": 12.174298286437988, "pos_max": [47.140560150146484, -9.436851501464844], "s_path": [[0.0, 12.174298286437988], [0.03333432227373123, 12.128786087036133], [0.06666482985019684, 12.083135604858398], [0.09999915212392807, 12.037339210510254], [0.1333334743976593, 11.991402626037598], [0.16666780412197113, 11.945322036743164], [0.19999833405017853, 11.899106979370117], [0.23333266377449036, 11.852743148803711], [0.266666978597641, 11.806239128112793], [0.3000012934207916, 11.759593963623047], [0.33333179354667664, 11.712810516357422], [0.36666610836982727, 11.665882110595703], [0.4000004231929779, 11.618810653686523]], "n": [0.9998405805553542, -0.01785534863093997]}, "5": {"sI_max": 11.932233810424805, "pos_max": [38.86225509643555, 4.65891170501709], "s_path": [[0.0, 11.932233810424805], [0.03333444520831108, 11.87535285949707], [0.06666527688503265, 11.818723678588867], [0.09999971836805344, 11.762340545654297], [0.13333415985107422, 11.70620346069336], [0.16666488349437714, 11.650321960449219], [0.19999943673610687, 11.594682693481445], [0.23333388566970825, 11.539292335510254], [0.26666831970214844, 11.484149932861328], [0.2999991476535797, 11.429262161254883], [0.3333335816860199, 11.374617576599121], [0.3666680157184601, 11.320221900939941], [0.39999884366989136, 11.26607894897461]], "n": [0.9744292107071544, -0.22469471137664124]}, "6": {"sI_max": 12.562174797058105, "pos_max": [64.96000671386719, -30.361408233642578], "s_path": [[0.0, 12.562174797058105], [0.03333497792482376, 12.505999565124512], [0.06666995584964752, 12.449978828430176], [0.09999784082174301, 12.394120216369629], [0.13333281874656677, 12.33840560913086], [0.16666780412197113, 12.282842636108398], [0.2000027894973755, 12.227432250976562], [0.23333066701889038, 12.172185897827148], [0.26666563749313354, 12.117080688476562], [0.3000006079673767, 12.062129020690918], [0.3333355784416199, 12.007328987121582], [0.36666345596313477, 11.952692985534668], [0.39999842643737793, 11.898200035095215]], "n": [0.9303521498505649, 0.3666672568807201]}, "7": {"sI_max": 13.92863655090332, "pos_max": [74.74661254882812, -7.91419792175293], "s_path": [[0.0, 13.92863655090332], [0.03333325311541557, 13.89770793914795], [0.06666650623083115, 13.866598129272461], [0.09999975562095642, 13.835308074951172], [0.1333330124616623, 13.80383586883545], [0.16666626930236816, 13.772183418273926], [0.19999952614307404, 13.740350723266602], [0.2333327829837799, 13.70833683013916], [0.2666660249233246, 13.676141738891602], [0.29999926686286926, 13.643766403198242], [0.33333250880241394, 13.611209869384766], [0.3666657507419586, 13.578473091125488], [0.3999989926815033, 13.545555114746094]], "n": [0.9999871775644228, -0.005064060301724916]}, "8": {"sI_max": 10.057098388671875, "pos_max": [15.371397018432617, -18.4363956451416], "s_path": [[0.0, 10.057098388671875], [0.03333321213722229, 10.004249572753906], [0.06666642427444458, 9.951383590698242], [0.09999965876340866, 9.8985013961792], [0.13333286345005035, 9.845603942871094], [0.16666702926158905, 9.792688369750977], [0.20000024139881134, 9.739758491516113], [0.23333345353603363, 9.686812400817871], [0.2666666805744171, 9.633849143981934], [0.2999998927116394, 9.580870628356934], [0.3333331048488617, 9.527875900268555], [0.366666316986084, 9.474864959716797], [0.3999995291233063, 9.42183780670166]], "n": [0.9999310630825946, -0.011741766583953364]}, "9": {"sI_max": 11.364144325256348, "pos_max": [62.66973114013672, 26.56224822998047], "s_path": [[0.0, 11.364144325256348], [0.033331383019685745, 11.297811508178711], [0.06666699796915054, 11.231412887573242], [0.09999837726354599, 11.164965629577637], [0.1333339959383011, 11.098451614379883], [0.16666537523269653, 11.031889915466309], [0.20000098645687103, 10.96526050567627], [0.23333236575126648, 10.898584365844727], [0.2666679918766022, 10.831841468811035], [0.2999993860721588, 10.765049934387207], [0.3333350121974945, 10.69819164276123], [0.36666640639305115, 10.631284713745117], [0.39999842643737793, 10.56432056427002]], "n": [0.94453326698466, -0.3284157541277292]}, "10": {"sI_max": 12.686211585998535, "pos_max": [45.23064422607422, 13.772380828857422], "s_path": [[0.0, 12.686211585998535], [0.03333398327231407, 12.633197784423828], [0.06666796654462814, 12.580182075500488], [0.09999818354845047, 12.527168273925781], [0.13333216309547424, 12.474143981933594], [0.16666598618030548, 12.421116828918457], [0.19999997317790985, 12.368085861206055], [0.23333396017551422, 12.31505012512207], [0.2666679322719574, 12.26201057434082], [0.2999981641769409, 12.208974838256836], [0.3333321511745453, 12.155927658081055], [0.36666613817214966, 12.102877616882324], [0.40000012516975403, 12.049823760986328]], "n": [-0.9862326241268419, 0.16536387485748996]}, "11": {"sI_max": 12.639730453491211, "pos_max": [45.15773391723633, 24.976524353027344],