{"0": {"sI_max": 1.3455958366394043, "pos_max": [53.50304412841797, -17.338829040527344], "s_path": [[0.0, 1.3455958366394043], [0.033333420753479004, 1.3342947959899902], [0.06666684150695801, 1.32277512550354], [0.10000026226043701, 1.3110368251800537], [0.13333368301391602, 1.2990797758102417], [0.16666625440120697, 1.2869048118591309], [0.19999967515468597, 1.2745105028152466], [0.23333309590816498, 1.2618975639343262], [0.2666665315628052, 1.24906587600708], [0.2999999523162842, 1.2360154390335083], [0.3333333730697632, 1.22274649143219], [0.3666667938232422, 1.209258794784546], [0.4000002145767212, 1.1955523490905762]], "n": [0.6159078860616733, 0.7878181743822877]}, "1": {"sI_max": 0.12757475674152374, "pos_max": [60.63555908203125, -6.252838611602783], "s_path": [[0.0, 0.12757475674152374], [0.03333505243062973, 0.12447883188724518], [0.06666630506515503, 0.12135261297225952], [0.10000135749578476, 0.11819537729024887], [0.13333259522914886, 0.11500786244869232], [0.1666676551103592, 0.11178933084011078], [0.1999989002943039, 0.10854052752256393], [0.23333396017551422, 0.1052606850862503], [0.26666519045829773, 0.1028326079249382], [0.30000025033950806, 0.10048381984233856], [0.33333149552345276, 0.0981028825044632], [0.3666665554046631, 0.09568928927183151], [0.4000016152858734, 0.0932433009147644]], "n": [0.9997041639477955, 0.024322511906444775]}, "2": {"sI_max": 13.069171905517578, "pos_max": [73.19129180908203, -23.502120971679688], "s_path": [[0.0, 13.069171905517578], [0.03333457559347153, 12.993185043334961], [0.06666888296604156, 12.91694450378418], [0.10000345855951309, 12.8404541015625], [0.13333021104335785, 12.763729095458984], [0.16666477918624878, 12.68673324584961], [0.19999909400939941, 12.60948657989502], [0.23333366215229034, 12.531988143920898], [0.2666679620742798, 12.454237937927246], [0.3000025451183319, 12.376811981201172], [0.33333712816238403, 12.301753997802734], [0.3666638731956482, 12.226686477661133], [0.3999984562397003, 12.151575088500977]], "n": [0.9903376377648998, -0.13867719072088988]}, "3": {"sI_max": 1.292964220046997, "pos_max": [43.34393310546875, -37.45972442626953], "s_path": [[0.0, 1.292964220046997], [0.03333304822444916, 1.287588119506836], [0.06666609644889832, 1.2823057174682617], [0.09999914467334747, 1.2771165370941162], [0.13333162665367126, 1.2720212936401367], [0.16666844487190247, 1.2670187950134277], [0.20000149309635162, 1.2621102333068848], [0.23333454132080078, 1.25729501247406], [0.26666757464408875, 1.251782774925232], [0.3000006079673767, 1.2461342811584473], [0.3333330750465393, 1.2404913902282715], [0.36666610836982727, 1.2348536252975464], [0.39999914169311523, 1.2292213439941406]], "n": [-0.15012794983780894, -0.9886665760899861]}, "4": {"sI_max": 1.1967437267303467, "pos_max": [37.88713073730469, -9.424280166625977], "s_path": [[0.0, 1.1967437267303467], [0.03333389759063721, 1.187999963760376], [0.06666818261146545, 1.1791337728500366], [0.0999985933303833, 1.1701467037200928], [0.1333324909210205, 1.161036729812622], [0.16666638851165771, 1.1518046855926514], [0.20000067353248596, 1.1424505710601807], [0.23333457112312317, 1.1329742670059204], [0.266664981842041, 1.1233772039413452], [0.2999988794326782, 1.113656997680664], [0.33333316445350647, 1.1038146018981934], [0.3666670620441437, 1.0938504934310913], [0.4000009596347809, 1.0837640762329102]], "n": [-0.9132167811358358, -0.4074740613240342]}, "5": {"sI_max": 1.7923016548156738, "pos_max": [37.800148010253906, 3.005460262298584], "s_path": [[0.0, 1.7923016548156738], [0.0333334282040596, 1.682458519935608], [0.06666702777147293, 1.5749961137771606], [0.10000045597553253, 1.4699164628982544], [0.13333405554294586, 1.3672174215316772], [0.16666747629642487, 1.2787904739379883], [0.2000010758638382, 1.2319529056549072], [0.2333344966173172, 1.1845585107803345], [0.26666533946990967, 1.1366102695465088], [0.299998939037323, 1.0881010293960571], [0.333332359790802, 1.0390350818634033], [0.36666595935821533, 0.9894114136695862], [0.39999938011169434, 0.9392309188842773]], "n": [0.6808016370389844, -0.7324678361573558]}, "6": {"sI_max": 3.1832597255706787, "pos_max": [64.82757568359375, -29.94720458984375], "s_path": [[0.0, 3.1832597255706787], [0.033335499465465546, 3.1657376289367676], [0.06666450947523117, 3.148158073425293], [0.10000000894069672, 3.130516529083252], [0.13333551585674286, 3.1128158569335938], [0.1666635274887085, 3.0950582027435303], [0.19999903440475464, 3.0772383213043213], [0.23333454132080078, 3.0593581199645996], [0.2666635513305664, 3.0414211750030518], [0.29999905824661255, 3.0234220027923584], [0.3333345651626587, 3.0053634643554688], [0.36667007207870483, 2.9872450828552246], [0.39999908208847046, 2.969069480895996]], "n": [0.8502237983129829, 0.5264214022836117]}, "7": {"sI_max": 24.458799362182617, "pos_max": [74.71229553222656, -6.248672962188721], "s_path": [[0.0, 24.458799362182617], [0.03333452343940735, 24.304187774658203], [0.0666690468788147, 24.149580001831055], [0.10000357031822205, 23.994966506958008], [0.13333046436309814, 23.840391159057617], [0.1666649878025055, 23.685775756835938], [0.19999951124191284, 23.53116226196289], [0.2333340346813202, 23.376544952392578], [0.26666855812072754, 23.225847244262695], [0.3000030815601349, 23.078514099121094], [0.3333300054073334, 22.93121337890625], [0.36666446924209595, 22.78388786315918], [0.3999989926815033, 22.636566162109375]], "n": [0.9944558567615086, 0.10515488078417458]}, "8": {"sI_max": 0.34931716322898865, "pos_max": [15.025503158569336, -15.922588348388672], "s_path": [[0.0, 0.34931716322898865], [0.033333294093608856, 0.3454746901988983], [0.06666658818721771, 0.34163251519203186], [0.10000029951334, 0.33779051899909973], [0.13333359360694885, 0.3339488208293915], [0.1666668802499771, 0.3301073908805847], [0.20000016689300537, 0.32626622915267944], [0.23333387076854706, 0.3224252760410309], [0.2666671574115753, 0.3185846209526062], [0.2999995946884155, 0.314708411693573], [0.333332896232605, 0.31079816818237305], [0.36666619777679443, 0.30688780546188354], [0.3999999165534973, 0.30297738313674927]], "n": [0.9003907739407216, 0.4350821235151226]}, "9": {"sI_max": 3.035240650177002, "pos_max": [62.854888916015625, 31.6622314453125], "s_path": [[0.0, 3.035240650177002], [0.03333154320716858, 3.0309698581695557], [0.0666666254401207, 3.0266518592834473], [0.09999816864728928, 3.022287607192993], [0.1333332508802414, 3.017876386642456], [0.16666479408740997, 3.013418674468994], [0.2000001221895218, 3.008913993835449], [0.23333142697811127, 3.0043630599975586], [0.2666667401790619, 2.9997644424438477], [0.29999804496765137, 2.9951202869415283], [0.3333333730697632, 2.9904286861419678], [0.36666491627693176, 2.9856910705566406], [0.4000000059604645, 2.980905771255493]], "n": [0.9919165552411281, 0.12689187302019767]}, "10": {"sI_max": 1.9446256160736084, "pos_max": [53.298179626464844, 7.280521392822266], "s_path": [[0.0, 1.9446256160736084], [0.03333454579114914, 1.9202467203140259], [0.06666672229766846, 1.8958795070648193], [0.1000012680888176, 1.8715202808380127], [0.13333311676979065, 1.8471728563308716], [0.16666799783706665, 1.8228329420089722], [0.1999998390674591, 1.798505187034607], [0.2333347201347351, 1.7741849422454834], [0.26666656136512756, 1.7498767375946045], [0.3000011146068573, 1.7278395891189575], [0.333333283662796, 1.7070558071136475], [0.36666783690452576, 1.686280369758606], [0.3999996781349182, 1.6655164957046509]], "n": [0.7087904336407751, -0.7054191103020403]}, "11": {"sI_max": 1.1484651565551758, "pos_max": [43.237125396728516, 22.881839752197266],