{"cracks": {"0": 0.9529519347271673}, "holes": {"0": 0.19197706407973256, "1": 0.18360506897691165, "2": 0.1932322662676768, "3": 0.17443792400828403, "4": 0.19108303062687584, "5": 0.18510385355782183, "6": 0.1948034923612071, "7": 0.2212999189615984, "8": 0.1891193774071524, "9": 0.16825760449565344, "10": 0.19900477698932686, "11": 0.21340632172595378, "12": 0.19385632699064287, "13": 0.23696517664189234, "14": 0.17713289600328297, "15": 0.21338827866548957, "16": 0.1379069909640024, "17": 0.1854991184053324, "18": 0.27280250627480673}}