{"0": {"phi_c_k": -17.09408512676222, "abs_cf": 0.6236958273510774, "tip": [53.238889081981455, 0.16915682254734832], "cf": [-0.6212428641953238, 0.05526109609422747], "kappa_c": -0.09604054326752655, "k2": [6.4727702140808105, 6.752808570861816, 6.840791702270508, 6.868500232696533, 6.883582592010498], "k1": [41.62448501586914, 43.32050704956055, 43.55651092529297, 43.63695526123047, 43.679771423339844], "phi_c": -16.508153374118535}}