{"0": {"sI_max": 12.145120620727539, "pos_max": [54.83069610595703, -21.93329429626465], "s_path": [[0.0, 12.145120620727539], [0.033332038670778275, 12.086078643798828], [0.06666787713766098, 12.027010917663574], [0.10000009089708328, 11.96792984008789], [0.13333213329315186, 11.908830642700195], [0.16666796803474426, 11.84970474243164], [0.20000000298023224, 11.790569305419922], [0.23333221673965454, 11.731411933898926], [0.26666805148124695, 11.672232627868652], [0.3000001013278961, 11.613039016723633], [0.3333321511745453, 11.553825378417969], [0.3666679859161377, 11.494588851928711], [0.4000001847743988, 11.435338020324707]], "n": [0.9960170993457589, -0.08916242376057597]}, "1": {"sI_max": 13.341564178466797, "pos_max": [53.03462219238281, -4.825438976287842], "s_path": [[0.0, 13.341564178466797], [0.033334605395793915, 13.301301956176758], [0.0666653960943222, 13.262079238891602], [0.10000000149011612, 13.22388744354248], [0.13333460688591003, 13.18673038482666], [0.16666540503501892, 13.150612831115723], [0.20000003278255463, 13.115527153015137], [0.23333464562892914, 13.081476211547852], [0.26666542887687683, 13.048465728759766], [0.30000004172325134, 13.016486167907715], [0.33333465456962585, 12.985541343688965], [0.36666545271873474, 12.955635070800781], [0.40000006556510925, 12.92676067352295]], "n": [-0.9992598452788473, 0.03846766971489536]}, "2": {"sI_max": 12.563369750976562, "pos_max": [65.67790222167969, -22.795188903808594], "s_path": [[0.0, 12.563369750976562], [0.03333296626806259, 12.500439643859863], [0.06666593253612518, 12.437707901000977], [0.09999889880418777, 12.375175476074219], [0.13333186507225037, 12.312841415405273], [0.16666483879089355, 12.25070571899414], [0.19999781250953674, 12.188770294189453], [0.23333078622817993, 12.127032279968262], [0.2666637599468231, 12.065492630004883], [0.2999967336654663, 12.004152297973633], [0.3333364427089691, 11.943000793457031], [0.3666694164276123, 11.882058143615723], [0.4000023901462555, 11.821313858032227]], "n": [-0.8837245489724384, -0.46800739475296793]}, "3": {"sI_max": 7.91951847076416, "pos_max": [40.06413269042969, -31.189159393310547], "s_path": [[0.0, 7.91951847076416], [0.03333420678973198, 7.880282402038574], [0.06666488200426102, 7.841057300567627], [0.0999998152256012, 7.8018341064453125], [0.13333402574062347, 7.7626190185546875], [0.16666823625564575, 7.723410606384277], [0.1999989151954651, 7.684212684631348], [0.23333384096622467, 7.645017147064209], [0.26666805148124695, 7.60582971572876], [0.2999987304210663, 7.566652774810791], [0.33333292603492737, 7.527479648590088], [0.36666712164878845, 7.488312721252441], [0.3999985158443451, 7.449155807495117]], "n": [-0.9254502718016682, 0.3788690993235242]}, "4": {"sI_max": 15.063702583312988, "pos_max": [46.88458251953125, -10.698829650878906], "s_path": [[0.0, 15.063702583312988], [0.03333210200071335, 14.984556198120117], [0.06666773557662964, 14.905089378356934], [0.10000019520521164, 14.82531452178955], [0.133332297205925, 14.745231628417969], [0.16666793823242188, 14.664826393127441], [0.20000003278255463, 14.58411693572998], [0.23333212733268738, 14.503095626831055], [0.26666775345802307, 14.4217529296875], [0.30000022053718567, 14.340104103088379], [0.3333323299884796, 14.258145332336426], [0.3666679561138153, 14.175865173339844], [0.40000006556510925, 14.093280792236328]], "n": [0.9259793382955103, -0.3775741848296955]}, "5": {"sI_max": 1.607947587966919, "pos_max": [38.01738739013672, 3.2398464679718018], "s_path": [[0.0, 1.607947587966919], [0.0333346389234066, 1.556707739830017], [0.06666658818721771, 1.505637526512146], [0.10000123083591461, 1.4547300338745117], [0.13333317637443542, 1.4039924144744873], [0.16666781902313232, 1.3534172773361206], [0.19999976456165314, 1.3030120134353638], [0.23333440721035004, 1.2527693510055542], [0.2666662037372589, 1.202696681022644], [0.3000008463859558, 1.1527864933013916], [0.3333328068256378, 1.0811693668365479], [0.3666674494743347, 1.012095332145691], [0.3999994099140167, 0.9432075619697571]], "n": [0.704672004668226, -0.7095332027726846]}, "6": {"sI_max": 12.352899551391602, "pos_max": [64.96000671386719, -30.361408233642578], "s_path": [[0.0, 12.352899551391602], [0.03333497792482376, 12.298423767089844], [0.06666995584964752, 12.244206428527832], [0.09999784082174301, 12.190254211425781], [0.13333281874656677, 12.136550903320312], [0.16666780412197113, 12.083104133605957], [0.2000027894973755, 12.029916763305664], [0.23333066701889038, 11.976993560791016], [0.26666563749313354, 11.92431926727295], [0.3000006079673767, 11.871902465820312], [0.3333355784416199, 11.819743156433105], [0.36666345596313477, 11.767850875854492], [0.39999842643737793, 11.716205596923828]], "n": [0.9303521498505649, 0.3666672568807201]}, "7": {"sI_max": 13.590682983398438, "pos_max": [74.74661254882812, -7.91419792175293], "s_path": [[0.0, 13.590682983398438], [0.03333325311541557, 13.554617881774902], [0.06666650623083115, 13.51844310760498], [0.09999975562095642, 13.482157707214355], [0.1333330124616623, 13.445761680603027], [0.16666626930236816, 13.409256935119629], [0.19999952614307404, 13.372641563415527], [0.2333327829837799, 13.335914611816406], [0.2666660249233246, 13.299077987670898], [0.29999926686286926, 13.262130737304688], [0.33333250880241394, 13.22507381439209], [0.3666657507419586, 13.187907218933105], [0.3999989926815033, 13.150629997253418]], "n": [0.9999871775644228, -0.005064060301724916]}, "8": {"sI_max": 0.6240098476409912, "pos_max": [14.877589225769043, -15.723384857177734], "s_path": [[0.0, 0.6240098476409912], [0.033333487808704376, 0.6213130950927734], [0.06666697561740875, 0.6186293363571167], [0.10000000149011612, 0.6159585118293762], [0.1333334892988205, 0.6133006811141968], [0.16666696965694427, 0.6106557846069336], [0.20000045001506805, 0.6080238819122314], [0.23333393037319183, 0.6054049730300903], [0.26666611433029175, 0.6027990579605103], [0.2999995946884155, 0.6002060174942017], [0.3333330750465393, 0.5976259708404541], [0.3666665554046631, 0.5950588583946228], [0.39999958872795105, 0.5925047397613525]], "n": [0.8764438241253317, 0.4815041257897638]}, "9": {"sI_max": 10.690208435058594, "pos_max": [62.66973114013672, 26.56224822998047], "s_path": [[0.0, 10.690208435058594], [0.033331383019685745, 10.641839981079102], [0.06666699796915054, 10.5935697555542], [0.09999837726354599, 10.545408248901367], [0.1333339959383011, 10.497345924377441], [0.16666537523269653, 10.44939136505127], [0.20000098645687103, 10.401537895202637], [0.23333236575126648, 10.353792190551758], [0.2666679918766022, 10.306145668029785], [0.2999993860721588, 10.258607864379883], [0.3333350121974945, 10.211169242858887], [0.36666640639305115, 10.163840293884277], [0.39999842643737793, 10.116615295410156]], "n": [0.94453326698466, -0.3284157541277292]}, "10": {"sI_max": 14.744199752807617, "pos_max": [54.16061019897461, 9.123170852661133], "s_path": [[0.0, 14.744199752807617], [0.03333476558327675, 14.669315338134766], [0.06666575372219086, 14.594337463378906], [0.1000005230307579, 14.51924991607666], [0.1333315074443817, 14.44406509399414], [0.16666626930236816, 14.368772506713867], [0.20000103116035461, 14.293375015258789], [0.23333202302455902, 14.21788501739502], [0.26666679978370667, 14.142284393310547], [0.30000171065330505, 14.066579818725586], [0.33333268761634827, 13.990781784057617], [0.3666674494743347, 13.914872169494629], [0.39999842643737793, 13.838869094848633]], "n": [0.9905569599051767, -0.13710182049635297]}, "11": {"sI_max": 6.428037166595459, "pos_max": [45.15773391723633, 24.976524353027344],