{"cracks": {"0": 0.9775542571458251}, "holes": {"0": 0.17079169129840926, "1": 0.27730087229778366, "2": 0.20346939426766156, "3": 0.10444638808880283, "4": 0.17891205450579356, "5": 0.03767421493561212, "6": 0.18276098058154497, "7": 0.21388357867213864, "8": 0.009678404162188903, "9": 0.18047357509095582, "10": 0.2114044953587186, "11": 0.0717666320182321, "12": 0.020948185947875626, "13": 0.03379986205209631, "14": 0.09917617282512328, "15": 0.2209885159728194, "16": 0.012147898613030441, "17": 0.019385560519770802, "18": 0.03573201377331964}}