{"0": {"kappa": [0, 0, 0, 0, 0, 0, 0, 0, 0, 0, 0, 0, 0], "is_active": 0, "da": [10.0, 3.0, 3.0, 3.0, 12.0, 3.0, 6.0, 3.0, 3.0, 3.0, 3.0, 3.0, 3.8591428571428574], "n0": [1, 0], "dphi": [0, 11.822151564711415, 0.6685220810867794, -8.677628164193534, -18.40504595753876, 35.03283909887564, 0.7427060662402987, -46.86389488732703, 5.8214274466788964, 11.729425239522596, 20.89111199190782, -1.3366841271057766, -16.508153374118535], "x0": [0, 0], "close_hole": []}, "1": {"kappa": [0, 0], "is_active": 0, "da": [2.0, 5.144857142857142], "n0": [0.9857126045348623, 0.16843592627791126], "dphi": [0, -2.0440745228136397], "x0": [60.57772523006437, -3.550280795802751], "close_hole": [7]}, "2": {"kappa": [0, 0], "is_active": 0, "da": [2.0, 3.3029860276024565], "n0": [0.9944558567615086, 0.10515488078417458], "dphi": [0, -5.4200614415199135], "x0": [74.71030662051304, -6.248883271950289], "close_hole": []}}