{"0": {"phi_c_k": -1.3536859828853913, "abs_cf": 0.47398371352930735, "tip": [50.2983338485486, -0.42509473961354827], "cf": [-0.46459176312684747, -0.0938885207345379], "kappa_c": -0.007776513025714061, "k2": [0.44510477781295776, 0.46482789516448975, 0.46728652715682983, 0.46641814708709717, 0.4649192988872528], "k1": [37.657440185546875, 39.19476318359375, 39.403324127197266, 39.47014236450195, 39.501914978027344], "phi_c": -1.3366841271057766}}