{"cracks": {"0": 0.9738683006786855}, "holes": {"0": 0.1899339257189443, "1": 0.1845366150703899, "2": 0.19972820427350704, "3": 0.18747221308312462, "4": 0.18739727962898775, "5": 0.18994304540242027, "6": 0.19825107271832232, "7": 0.22053393263719231, "8": 0.11948779093090871, "9": 0.16671523162466106, "10": 0.2031696077324155, "11": 0.20243952975317106, "12": 0.18030211041180774, "13": 0.21043036944092555, "14": 0.17639592931547404, "15": 0.20946947684961995, "16": 0.11083584027874462, "17": 0.16089975796598746, "18": 0.24810069437062954}}