{"cracks": {"0": 0.9380749426699934}, "holes": {"0": 0.19360996089260243, "1": 0.18604069152004757, "2": 0.19712029535953304, "3": 0.19121854936194782, "4": 0.1905753844708855, "5": 0.1864024685781265, "6": 0.1963594140602672, "7": 0.21870901142720647, "8": 0.1569499736853407, "9": 0.17713667167652614, "10": 0.19841368014800348, "11": 0.19744747334330517, "12": 0.19596405752205467, "13": 0.2366940055215549, "14": 0.18696469802190055, "15": 0.2068796284810291, "16": 0.12663540027104495, "17": 0.17742637492013147, "18": 0.24051141151369335}}