{"0": {"sI_max": 8.433577537536621, "pos_max": [54.776466369628906, -22.501317977905273], "s_path": [[0.0, 8.433577537536621], [0.03333238512277603, 8.381943702697754], [0.06666804105043411, 8.329992294311523], [0.10000042617321014, 8.277737617492676], [0.13333237171173096, 8.22516918182373], [0.16666845977306366, 8.172284126281738], [0.20000040531158447, 8.11909294128418], [0.2333327829837799, 8.065591812133789], [0.266668438911438, 8.011771202087402], [0.3000008165836334, 7.961945056915283], [0.33333274722099304, 7.912326335906982], [0.3666651248931885, 7.862566947937012], [0.40000078082084656, 7.81265926361084]], "n": [0.9727835982367392, -0.2317154958167071]}, "1": {"sI_max": 21.155372619628906, "pos_max": [60.57969665527344, -3.5499439239501953], "s_path": [[0.0, 21.155372619628906], [0.03333224728703499, 21.00853729248047], [0.06666825711727142, 20.86307144165039], [0.10000050812959671, 20.719011306762695], [0.133332759141922, 20.57634735107422], [0.1666650027036667, 20.43506622314453], [0.20000101625919342, 20.295164108276367], [0.2333332598209381, 20.15666961669922], [0.266665518283844, 20.019563674926758], [0.3000015318393707, 19.883832931518555], [0.3333337903022766, 19.749507904052734], [0.3666660785675049, 19.616575241088867], [0.39999833703041077, 19.485031127929688]], "n": [0.9857126045348623, 0.16843592627791126]}, "2": {"sI_max": 15.195802688598633, "pos_max": [65.323486328125, -21.955150604248047], "s_path": [[0.0, 15.195802688598633], [0.03333190083503723, 15.069185256958008], [0.06666417419910431, 14.942802429199219], [0.10000355541706085, 14.81662368774414], [0.13333582878112793, 14.690709114074707], [0.16666772961616516, 14.565028190612793], [0.1999996304512024, 14.439582824707031], [0.23333190381526947, 14.314369201660156], [0.2666638195514679, 14.18939208984375], [0.30000320076942444, 14.06491470336914], [0.3333354890346527, 13.941756248474121], [0.36666738986968994, 13.819160461425781], [0.3999996781349182, 13.697126388549805]], "n": [-0.980569170526431, -0.19617365218883756]}, "3": {"sI_max": 4.6864848136901855, "pos_max": [48.919158935546875, -34.064483642578125], "s_path": [[0.0, 4.6864848136901855], [0.03333176672458649, 4.6823248863220215], [0.06666722148656845, 4.677545547485352], [0.09999801963567734, 4.672147274017334], [0.1333334743976593, 4.666131973266602], [0.1666652411222458, 4.659499168395996], [0.20000070333480835, 4.652246952056885], [0.23333247005939484, 4.644378185272217], [0.2666669487953186, 4.635888576507568], [0.2999987304210663, 4.626783847808838], [0.33333417773246765, 4.617059230804443], [0.36666595935821533, 4.60671854019165], [0.4000014066696167, 4.595757484436035]], "n": [0.9671945205077352, -0.2540369254652011]}, "4": {"sI_max": 2.4867358207702637, "pos_max": [47.12213134765625, -8.517721176147461], "s_path": [[0.0, 2.4867358207702637], [0.03333490341901779, 2.4658796787261963], [0.06666593998670578, 2.4449667930603027], [0.10000084340572357, 2.423992395401001], [0.13333187997341156, 2.4029619693756104], [0.16666679084300995, 2.3818697929382324], [0.20000164210796356, 2.3607192039489746], [0.23333273828029633, 2.3395118713378906], [0.26666757464408875, 2.3182430267333984], [0.2999986708164215, 2.2969179153442383], [0.3333335220813751, 2.275531768798828], [0.3666684329509735, 2.2540862560272217], [0.3999995291233063, 2.2325844764709473]], "n": [0.9982216974733655, 0.059610759879344534]}, "5": {"sI_max": 2.924356460571289, "pos_max": [37.800148010253906, 3.005460262298584], "s_path": [[0.0, 2.924356460571289], [0.0333334282040596, 2.7439444065093994], [0.06666702777147293, 2.567903757095337], [0.10000045597553253, 2.396237373352051], [0.13333405554294586, 2.228942632675171], [0.16666747629642487, 2.085038900375366], [0.2000010758638382, 2.007934808731079], [0.2333344966173172, 1.9300377368927002], [0.26666533946990967, 1.8513524532318115], [0.299998939037323, 1.7718673944473267], [0.333332359790802, 1.6915887594223022], [0.36666595935821533, 1.6105161905288696], [0.39999938011169434, 1.528650164604187]], "n": [0.6808016370389844, -0.7324678361573558]}, "6": {"sI_max": 12.033668518066406, "pos_max": [64.82757568359375, -29.94720458984375], "s_path": [[0.0, 12.033668518066406], [0.033335499465465546, 11.950212478637695], [0.06666450947523117, 11.865736961364746], [0.10000000894069672, 11.78022289276123], [0.13333551585674286, 11.693680763244629], [0.1666635274887085, 11.606122970581055], [0.19999903440475464, 11.517522811889648], [0.23333454132080078, 11.427892684936523], [0.2666635513305664, 11.353212356567383], [0.29999905824661255, 11.286070823669434], [0.3333345651626587, 11.218159675598145], [0.36667007207870483, 11.149480819702148], [0.39999908208847046, 11.080039978027344]], "n": [0.8502237983129829, 0.5264214022836117]}, "7": {"sI_max": 15.00265884399414, "pos_max": [74.71754455566406, -6.297460079193115], "s_path": [[0.0, 15.00265884399414], [0.033330030739307404, 14.927299499511719], [0.06666765362024307, 14.851970672607422], [0.09999772906303406, 14.776708602905273], [0.13333535194396973, 14.70147705078125], [0.16666537523269653, 14.626312255859375], [0.2000029981136322, 14.551177978515625], [0.233333021402359, 14.47610855102539], [0.2666630446910858, 14.40108871459961], [0.30000072717666626, 14.32610034942627], [0.33333075046539307, 14.252256393432617], [0.36666837334632874, 14.178537368774414], [0.39999839663505554, 14.104914665222168]], "n": [0.9957353140872567, 0.0922560799056211]}, "8": {"sI_max": 0.6848743557929993, "pos_max": [15.025503158569336, -15.922588348388672], "s_path": [[0.0, 0.6848743557929993], [0.033333294093608856, 0.6774210929870605], [0.06666658818721771, 0.6699692606925964], [0.10000029951334, 0.6625189781188965], [0.13333359360694885, 0.6550701260566711], [0.1666668802499771, 0.6476228833198547], [0.20000016689300537, 0.6401771306991577], [0.23333387076854706, 0.6327328085899353], [0.2666671574115753, 0.625290036201477], [0.2999995946884155, 0.6177847385406494], [0.333332896232605, 0.6101946234703064], [0.36666619777679443, 0.6026039123535156], [0.3999999165534973, 0.5950125455856323]], "n": [0.9003907739407216, 0.4350821235151226]}, "9": {"sI_max": 8.916476249694824, "pos_max": [62.61347198486328, 26.276790618896484], "s_path": [[0.0, 8.916476249694824], [0.03333178907632828, 8.849672317504883], [0.06666702777147293, 8.783159255981445], [0.09999881684780121, 8.716947555541992], [0.13333405554294586, 8.65102767944336], [0.16666583716869354, 8.585409164428711], [0.2000010758638382, 8.520082473754883], [0.23333285748958588, 8.455057144165039], [0.2666681110858917, 8.3903226852417], [0.2999998927116394, 8.325889587402344], [0.33333513140678406, 8.261749267578125], [0.36666691303253174, 8.197909355163574], [0.3999986946582794, 8.134366035461426]], "n": [0.9049362857773684, -0.4255470816295901]}, "10": {"sI_max": 6.460501194000244, "pos_max": [53.58698654174805, 14.092300415039062], "s_path": [[0.0, 6.460501194000244], [0.03333259001374245, 6.44230842590332], [0.0666651800274849, 6.424115180969238], [0.10000109672546387, 6.405920028686523], [0.13333368301391602, 6.387725830078125], [0.16666674613952637, 6.36953067779541], [0.19999933242797852, 6.351335525512695], [0.23333191871643066, 6.333139419555664], [0.26666784286499023, 6.314941883087158], [0.3000004291534424, 6.296745300292969], [0.33333301544189453, 6.278548240661621], [0.3666656017303467, 6.260350227355957], [0.39999818801879883, 6.241432189941406]], "n": [0.8724069284299956, 0.48878026886049786]}, "11": {"sI_max": 2.8316843509674072, "pos_max": [45.271827697753906, 29.155315399169922],