{"0": {"phi_c_k": -18.15120763747087, "abs_cf": 0.4704160556651281, "tip": [18.858717495476945, 1.4629687880117037], "cf": [-0.455242482125783, 0.11851391435394021], "kappa_c": -0.10707621697997462, "k2": [6.051728248596191, 6.2575178146362305, 6.336782455444336, 6.361377239227295, 6.376117706298828], "k1": [36.0273551940918, 37.5278205871582, 37.727806091308594, 37.79167938232422, 37.822303771972656], "phi_c": -18.40504595753876}}