{"0": {"phi_c_k": 19.703016721106756, "abs_cf": 0.3421449247877802, "tip": [47.3724411604777, -1.0877801686771689], "cf": [-0.3336931112323782, -0.07557815209497676], "kappa_c": 0.1215395628872208, "k2": [-5.453269958496094, -5.8150553703308105, -5.8685455322265625, -5.892392635345459, -5.905412197113037], "k1": [30.43314552307129, 31.67513656616211, 31.83609962463379, 31.884920120239258, 31.906211853027344], "phi_c": 20.89111199190782}}