{"0": {"x0": [0, 0], "n0": [1, 0], "da": [10.0, 3.0, 3.0, 3.0, 12.0, 3.0], "kappa": [0, 0, 0, 0, 0, 0], "dphi": [0, 11.822151564711415, 0.6685220810867794, -8.677628164193534, -18.40504595753876, 35.03283909887564], "is_active": 1, "close_hole": []}}