{"cracks": {"2": 1.2459613479805638}, "holes": {"0": 0.01354114353956971, "1": 0.0007924293123632393, "2": 0.14624628719097038, "3": 0.015726265345036242, "4": 0.013254018677387354, "5": 0.018214248621162516, "6": 0.034774576822907854, "7": 0.09201315045384474, "8": 0.0037502984202176927, "9": 0.038248223213321525, "10": 0.018483100570151817, "11": 0.014995505037810093, "12": 0.007916413861347572, "13": 0.014488612389957198, "14": 0.015563546093066885, "15": 0.11784297463953099, "16": 0.007936483699483588, "17": 0.013822009607852603, "18": 0.006997192518044165}}