{"2": {"phi_c_k": -6.462293738734862, "abs_cf": 0.7700001616081257, "tip": [76.69921833403606, -6.03857351038194], "cf": [-0.7699556561752843, -0.00827867140469607], "kappa_c": -0.047298958907456286, "k2": [2.6585795879364014, 2.806065320968628, 2.8292109966278076, 2.840343713760376, 2.8464081287384033], "k1": [47.788761138916016, 49.63298797607422, 49.8992805480957, 49.991825103759766, 50.0388069152832], "phi_c": -5.4200614415199135}}