{"cracks": {"1": 1.0927146419765479}, "holes": {"0": 0.09015830333229195, "1": 0.1430036948622187, "2": 0.201998583182488, "3": 0.05398469048817922, "4": 0.0294288307832006, "5": 0.02991191871076717, "6": 0.1421324359430286, "7": 0.27412606739807394, "8": 0.008380331299972012, "9": 0.10599762450691796, "10": 0.08182006357930874, "11": 0.035197539477366986, "12": 0.014629295229172381, "13": 0.021283759277198184, "14": 0.01843330343288904, "15": 0.22314652708720142, "16": 0.014809656993455614, "17": 0.01960963307894643, "18": 0.024861779072826915}}