{"0": {"sI_max": 12.527336120605469, "pos_max": [54.83069610595703, -21.93329429626465], "s_path": [[0.0, 12.527336120605469], [0.033332038670778275, 12.463214874267578], [0.06666787713766098, 12.399088859558105], [0.10000009089708328, 12.334967613220215], [0.13333213329315186, 12.270848274230957], [0.16666796803474426, 12.2067232131958], [0.20000000298023224, 12.142606735229492], [0.23333221673965454, 12.07848834991455], [0.26666805148124695, 12.014365196228027], [0.3000001013278961, 11.950249671936035], [0.3333321511745453, 11.88613510131836], [0.3666679859161377, 11.822013854980469], [0.4000001847743988, 11.757899284362793]], "n": [0.9960170993457589, -0.08916242376057597]}, "1": {"sI_max": 12.264509201049805, "pos_max": [60.52295684814453, -3.597318649291992], "s_path": [[0.0, 12.264509201049805], [0.03333386033773422, 12.21829891204834], [0.06666767597198486, 12.17215633392334], [0.10000153630971909, 12.126080513000488], [0.13333159685134888, 12.080077171325684], [0.1666654497385025, 12.034135818481445], [0.19999927282333374, 11.988262176513672], [0.23333312571048737, 11.942455291748047], [0.2666669487953186, 11.896717071533203], [0.3000008165836334, 11.851045608520508], [0.33333468437194824, 11.805440902709961], [0.3666684925556183, 11.759903907775879], [0.39999860525131226, 11.714439392089844]], "n": [0.9852063741967746, 0.17137211045571238]}, "2": {"sI_max": 13.477326393127441, "pos_max": [65.67790222167969, -22.795188903808594], "s_path": [[0.0, 13.477326393127441], [0.03333296626806259, 13.408611297607422], [0.06666593253612518, 13.340021133422852], [0.09999889880418777, 13.271553039550781], [0.13333186507225037, 13.203208923339844], [0.16666483879089355, 13.134987831115723], [0.19999781250953674, 13.066889762878418], [0.23333078622817993, 12.998916625976562], [0.2666637599468231, 12.931065559387207], [0.2999967336654663, 12.863338470458984], [0.3333364427089691, 12.795724868774414], [0.3666694164276123, 12.728243827819824], [0.4000023901462555, 12.660886764526367]], "n": [-0.8837245489724384, -0.46800739475296793]}, "3": {"sI_max": 9.757646560668945, "pos_max": [40.06413269042969, -31.189159393310547], "s_path": [[0.0, 9.757646560668945], [0.03333420678973198, 9.707853317260742], [0.06666488200426102, 9.6578369140625], [0.0999998152256012, 9.607585906982422], [0.13333402574062347, 9.557106971740723], [0.16666823625564575, 9.506400108337402], [0.1999989151954651, 9.455469131469727], [0.23333384096622467, 9.404302597045898], [0.26666805148124695, 9.352909088134766], [0.2999987304210663, 9.301291465759277], [0.33333292603492737, 9.249441146850586], [0.36666712164878845, 9.19736099243164], [0.3999985158443451, 9.145055770874023]], "n": [-0.9254502718016682, 0.3788690993235242]}, "4": {"sI_max": 13.845634460449219, "pos_max": [47.140560150146484, -9.436851501464844], "s_path": [[0.0, 13.845634460449219], [0.03333432227373123, 13.784716606140137], [0.06666482985019684, 13.723817825317383], [0.09999915212392807, 13.662922859191895], [0.1333334743976593, 13.60203742980957], [0.16666780412197113, 13.54116439819336], [0.19999833405017853, 13.480306625366211], [0.23333266377449036, 13.419456481933594], [0.266666978597641, 13.358613967895508], [0.3000012934207916, 13.297784805297852], [0.33333179354667664, 13.236970901489258], [0.36666610836982727, 13.176163673400879], [0.4000004231929779, 13.11536693572998]], "n": [0.9998405805553542, -0.01785534863093997]}, "5": {"sI_max": 16.483488082885742, "pos_max": [38.942108154296875, 7.575167655944824], "s_path": [[0.0, 16.483488082885742], [0.03333302214741707, 16.399805068969727], [0.06666597723960876, 16.315937042236328], [0.09999899566173553, 16.23188018798828], [0.13333195447921753, 16.147640228271484], [0.1666649729013443, 16.06321144104004], [0.20000170171260834, 15.978591918945312], [0.2333347201347351, 15.893791198730469], [0.2666676640510559, 15.808807373046875], [0.30000069737434387, 15.723634719848633], [0.3333336412906647, 15.638279914855957], [0.36666667461395264, 15.552736282348633], [0.3999997079372406, 15.467007637023926]], "n": [0.9894666105229258, 0.14476127472591788]}, "6": {"sI_max": 13.096324920654297, "pos_max": [64.96000671386719, -30.361408233642578], "s_path": [[0.0, 13.096324920654297], [0.03333497792482376, 13.036136627197266], [0.06666995584964752, 12.97608470916748], [0.09999784082174301, 12.916179656982422], [0.13333281874656677, 12.856403350830078], [0.16666780412197113, 12.796762466430664], [0.2000027894973755, 12.737259864807129], [0.23333066701889038, 12.677905082702637], [0.26666563749313354, 12.618675231933594], [0.3000006079673767, 12.559585571289062], [0.3333355784416199, 12.500630378723145], [0.36666345596313477, 12.441823959350586], [0.39999842643737793, 12.383145332336426]], "n": [0.9303521498505649, 0.3666672568807201]}, "7": {"sI_max": 13.885747909545898, "pos_max": [74.70698547363281, -6.51923942565918], "s_path": [[0.0, 13.885747909545898], [0.03333573415875435, 13.844040870666504], [0.06666385382413864, 13.802467346191406], [0.09999961405992508, 13.761005401611328], [0.13333535194396973, 13.7196683883667], [0.16666346788406372, 13.678462982177734], [0.19999919831752777, 13.637371063232422], [0.2333349585533142, 13.596402168273926], [0.2666630744934082, 13.555566787719727], [0.29999881982803345, 13.514843940734863], [0.3333345651626587, 13.474244117736816], [0.36667031049728394, 13.433769226074219], [0.3999984562397003, 13.393423080444336]], "n": [0.998081383138631, 0.06191568970848366]}, "8": {"sI_max": 0.5666067600250244, "pos_max": [14.877589225769043, -15.723384857177734], "s_path": [[0.0, 0.5666067600250244], [0.033333487808704376, 0.5657882690429688], [0.06666697561740875, 0.5649445652961731], [0.10000000149011612, 0.5640753507614136], [0.1333334892988205, 0.5631808638572693], [0.16666696965694427, 0.5622609853744507], [0.20000045001506805, 0.5613157749176025], [0.23333393037319183, 0.5603451728820801], [0.26666611433029175, 0.5593492984771729], [0.2999995946884155, 0.5583280920982361], [0.3333330750465393, 0.557281494140625], [0.3666665554046631, 0.5562095046043396], [0.39999958872795105, 0.5551121234893799]], "n": [0.8764438241253317, 0.4815041257897638]}, "9": {"sI_max": 10.703269958496094, "pos_max": [62.66973114013672, 26.56224822998047], "s_path": [[0.0, 10.703269958496094], [0.033331383019685745, 10.654054641723633], [0.06666699796915054, 10.604907989501953], [0.09999837726354599, 10.555840492248535], [0.1333339959383011, 10.506843566894531], [0.16666537523269653, 10.457925796508789], [0.20000098645687103, 10.409078598022461], [0.23333236575126648, 10.360311508178711], [0.2666679918766022, 10.31161117553711], [0.2999993860721588, 10.262993812561035], [0.3333350121974945, 10.214444160461426], [0.36666640639305115, 10.165974617004395], [0.39999842643737793, 10.11758041381836]], "n": [0.94453326698466, -0.3284157541277292]}, "10": {"sI_max": 13.904932022094727, "pos_max": [45.23064422607422, 13.772380828857422], "s_path": [[0.0, 13.904932022094727], [0.03333398327231407, 13.85216236114502], [0.06666796654462814, 13.799388885498047], [0.09999818354845047, 13.746618270874023], [0.13333216309547424, 13.693840026855469], [0.16666598618030548, 13.641056060791016], [0.19999997317790985, 13.588271141052246], [0.23333396017551422, 13.535482406616211], [0.2666679322719574, 13.482688903808594], [0.2999981641769409, 13.429899215698242], [0.3333321511745453, 13.377100944519043], [0.36666613817214966, 13.324298858642578], [0.40000012516975403, 13.271492958068848]], "n": [-0.9862326241268419, 0.16536387485748996]}, "11": {"sI_max": 11.562967300415039, "pos_max": [45.15773391723633, 24.976524353027344],