{"0": {"sI_max": 12.748356819152832, "pos_max": [54.83069610595703, -21.93329429626465], "s_path": [[0.0, 12.748356819152832], [0.033332038670778275, 12.6849946975708], [0.06666787713766098, 12.621620178222656], [0.10000009089708328, 12.558249473571777], [0.13333213329315186, 12.494874000549316], [0.16666796803474426, 12.431488990783691], [0.20000000298023224, 12.368106842041016], [0.23333221673965454, 12.304719924926758], [0.26666805148124695, 12.24132251739502], [0.3000001013278961, 12.177927017211914], [0.3333321511745453, 12.114529609680176], [0.3666679859161377, 12.05112075805664], [0.4000001847743988, 11.987712860107422]], "n": [0.9960170993457589, -0.08916242376057597]}, "1": {"sI_max": 11.668304443359375, "pos_max": [60.52295684814453, -3.597318649291992], "s_path": [[0.0, 11.668304443359375], [0.03333386033773422, 11.627043724060059], [0.06666767597198486, 11.585838317871094], [0.10000153630971909, 11.544689178466797], [0.13333159685134888, 11.503600120544434], [0.1666654497385025, 11.462562561035156], [0.19999927282333374, 11.421581268310547], [0.23333312571048737, 11.380655288696289], [0.2666669487953186, 11.339786529541016], [0.3000008165836334, 11.298973083496094], [0.33333468437194824, 11.25821590423584], [0.3666684925556183, 11.217514991760254], [0.39999860525131226, 11.176874160766602]], "n": [0.9852063741967746, 0.17137211045571238]}, "2": {"sI_max": 13.481095314025879, "pos_max": [65.67790222167969, -22.795188903808594], "s_path": [[0.0, 13.481095314025879], [0.03333296626806259, 13.412540435791016], [0.06666593253612518, 13.344141006469727], [0.09999889880418777, 13.275897979736328], [0.13333186507225037, 13.207813262939453], [0.16666483879089355, 13.139884948730469], [0.19999781250953674, 13.072113037109375], [0.23333078622817993, 13.004497528076172], [0.2666637599468231, 12.93703842163086], [0.2999967336654663, 12.869736671447754], [0.3333364427089691, 12.802581787109375], [0.3666694164276123, 12.735591888427734], [0.4000023901462555, 12.668761253356934]], "n": [-0.8837245489724384, -0.46800739475296793]}, "3": {"sI_max": 8.839808464050293, "pos_max": [40.06413269042969, -31.189159393310547], "s_path": [[0.0, 8.839808464050293], [0.03333420678973198, 8.79620361328125], [0.06666488200426102, 8.752579689025879], [0.0999998152256012, 8.708928108215332], [0.13333402574062347, 8.665254592895508], [0.16666823625564575, 8.621559143066406], [0.1999989151954651, 8.577845573425293], [0.23333384096622467, 8.534103393554688], [0.26666805148124695, 8.490339279174805], [0.2999987304210663, 8.446557998657227], [0.33333292603492737, 8.402749061584473], [0.36666712164878845, 8.358917236328125], [0.3999985158443451, 8.315067291259766]], "n": [-0.9254502718016682, 0.3788690993235242]}, "4": {"sI_max": 15.093597412109375, "pos_max": [47.140560150146484, -9.436851501464844], "s_path": [[0.0, 15.093597412109375], [0.03333432227373123, 15.025737762451172], [0.06666482985019684, 14.95787525177002], [0.09999915212392807, 14.889991760253906], [0.1333334743976593, 14.82209587097168], [0.16666780412197113, 14.75418758392334], [0.19999833405017853, 14.686274528503418], [0.23333266377449036, 14.618341445922852], [0.266666978597641, 14.550395965576172], [0.3000012934207916, 14.482439041137695], [0.33333179354667664, 14.414477348327637], [0.36666610836982727, 14.346494674682617], [0.4000004231929779, 14.278499603271484]], "n": [0.9998405805553542, -0.01785534863093997]}, "5": {"sI_max": 8.471846580505371, "pos_max": [38.94074249267578, 7.214240550994873], "s_path": [[0.0, 8.471846580505371], [0.03333471342921257, 8.450841903686523], [0.0666656643152237, 8.430137634277344], [0.10000038146972656, 8.409728050231934], [0.13333509862422943, 8.389615058898926], [0.16666604578495026, 8.36980152130127], [0.20000076293945312, 8.350281715393066], [0.23333168029785156, 8.331062316894531], [0.266666442155838, 8.312135696411133], [0.3000011444091797, 8.29350757598877], [0.3333320617675781, 8.275178909301758], [0.3666667640209198, 8.257143020629883], [0.40000152587890625, 8.239405632019043]], "n": [0.9963951104965357, 0.08483385985911818]}, "6": {"sI_max": 12.976428031921387, "pos_max": [64.96000671386719, -30.361408233642578], "s_path": [[0.0, 12.976428031921387], [0.03333497792482376, 12.91942310333252], [0.06666995584964752, 12.86258602142334], [0.09999784082174301, 12.805926322937012], [0.13333281874656677, 12.74942398071289], [0.16666780412197113, 12.69308853149414], [0.2000027894973755, 12.636920928955078], [0.23333066701889038, 12.580931663513184], [0.26666563749313354, 12.525099754333496], [0.3000006079673767, 12.469435691833496], [0.3333355784416199, 12.41393756866455], [0.36666345596313477, 12.358617782592773], [0.39999842643737793, 12.30345630645752]], "n": [0.9303521498505649, 0.3666672568807201]}, "7": {"sI_max": 13.885781288146973, "pos_max": [74.70698547363281, -6.51923942565918], "s_path": [[0.0, 13.885781288146973], [0.03333573415875435, 13.840965270996094], [0.06666385382413864, 13.79631519317627], [0.09999961405992508, 13.751810073852539], [0.13333535194396973, 13.7074613571167], [0.16666346788406372, 13.663278579711914], [0.19999919831752777, 13.619241714477539], [0.2333349585533142, 13.575360298156738], [0.2666630744934082, 13.53164291381836], [0.29999881982803345, 13.488073348999023], [0.3333345651626587, 13.444658279418945], [0.36667031049728394, 13.401399612426758], [0.3999984562397003, 13.358305931091309]], "n": [0.998081383138631, 0.06191568970848366]}, "8": {"sI_max": 0.5650350451469421, "pos_max": [14.877589225769043, -15.723384857177734], "s_path": [[0.0, 0.5650350451469421], [0.033333487808704376, 0.5638250112533569], [0.06666697561740875, 0.5625911355018616], [0.10000000149011612, 0.5613332986831665], [0.1333334892988205, 0.5600517988204956], [0.16666696965694427, 0.5587462782859802], [0.20000045001506805, 0.5574169754981995], [0.23333393037319183, 0.5560638904571533], [0.26666611433029175, 0.554686963558197], [0.2999995946884155, 0.5532861948013306], [0.3333330750465393, 0.551861584186554], [0.3666665554046631, 0.5504130721092224], [0.39999958872795105, 0.5489407777786255]], "n": [0.8764438241253317, 0.4815041257897638]}, "9": {"sI_max": 10.953640937805176, "pos_max": [62.66973114013672, 26.56224822998047], "s_path": [[0.0, 10.953640937805176], [0.033331383019685745, 10.900779724121094], [0.06666699796915054, 10.848054885864258], [0.09999837726354599, 10.795478820800781], [0.1333339959383011, 10.743041038513184], [0.16666537523269653, 10.690753936767578], [0.20000098645687103, 10.638602256774902], [0.23333236575126648, 10.586601257324219], [0.2666679918766022, 10.534736633300781], [0.2999993860721588, 10.483022689819336], [0.3333350121974945, 10.431445121765137], [0.36666640639305115, 10.380017280578613], [0.39999842643737793, 10.328733444213867]], "n": [0.94453326698466, -0.3284157541277292]}, "10": {"sI_max": 12.983633041381836, "pos_max": [54.16061019897461, 9.123170852661133], "s_path": [[0.0, 12.983633041381836], [0.03333476558327675, 12.942468643188477], [0.06666575372219086, 12.901226997375488], [0.1000005230307579, 12.85989761352539], [0.1333315074443817, 12.818490982055664], [0.16666626930236816, 12.776998519897461], [0.20000103116035461, 12.735422134399414], [0.23333202302455902, 12.693769454956055], [0.26666679978370667, 12.652029037475586], [0.30000171065330505, 12.610206604003906], [0.33333268761634827, 12.568306922912598], [0.3666674494743347, 12.526320457458496], [0.39999842643737793, 12.484256744384766]], "n": [0.9905569599051767, -0.13710182049635297]}, "11": {"sI_max": 9.510772705078125, "pos_max": [45.15773391723633, 24.976524353027344],