{"0": {"phi_c_k": 12.210381844864733, "abs_cf": 0.43412109947974814, "tip": [10.0, 0.0], "cf": [-0.4249126328998045, -0.08894033626910414], "kappa_c": 0.020633546947401365, "k2": [-3.8376872539520264, -4.006674289703369, -4.053256511688232, -4.070136070251465, -4.080605506896973], "k1": [35.41945266723633, 36.9187126159668, 37.11945343017578, 37.18190383911133, 37.210784912109375], "phi_c": 11.822151564711415}}