{"0": {"sI_max": 1.8365943431854248, "pos_max": [24.52108383178711, 7.306978225708008], "s_path": [[0.0, 1.8365943431854248], [0.033332716673612595, 1.8318147659301758], [0.06666701287031174, 1.8270320892333984], [0.09999973326921463, 1.8222461938858032], [0.13333402574062347, 1.8174569606781006], [0.16666674613952637, 1.8126647472381592], [0.19999973475933075, 1.8078691959381104], [0.2333340346813202, 1.8030705451965332], [0.2666667401790619, 1.7982687950134277], [0.2999994456768036, 1.7934637069702148], [0.33333373069763184, 1.7886555194854736], [0.36666643619537354, 1.783844232559204], [0.4000007212162018, 1.7790296077728271]], "n": [0.8266854495610421, -0.5626643470880822]}, "1": {"sI_max": 4.169491767883301, "pos_max": [54.75682830810547, 14.718783378601074], "s_path": [[0.0, 4.169491767883301], [0.03333333879709244, 4.162777900695801], [0.06666643917560577, 4.156088829040527], [0.09999977797269821, 4.1494245529174805], [0.13333287835121155, 4.142784595489502], [0.16666622459888458, 4.136168479919434], [0.19999931752681732, 4.12957763671875], [0.23333266377449036, 4.123010635375977], [0.2666657567024231, 4.1164679527282715], [0.29999908804893494, 4.109950065612793], [0.3333321809768677, 4.103456020355225], [0.3666655123233795, 4.096987247467041], [0.39999860525131226, 4.090542793273926]], "n": [0.9673724825497718, 0.2533584022792446]}, "2": {"sI_max": 23.480728149414062, "pos_max": [67.92000579833984, -10.095603942871094], "s_path": [[0.0, 23.480728149414062], [0.03333491459488869, 23.39668083190918], [0.06666985154151917, 23.312700271606445], [0.0999971404671669, 23.228811264038086], [0.13333207368850708, 23.144973754882812], [0.16666698455810547, 23.06120491027832], [0.20000192523002625, 22.977508544921875], [0.23333683609962463, 22.893878936767578], [0.26666414737701416, 22.810344696044922], [0.29999905824661255, 22.72685432434082], [0.3333339989185333, 22.6434383392334], [0.3666689097881317, 22.560089111328125], [0.39999619126319885, 22.47683334350586]], "n": [0.9997081018957041, -0.024160111839323012]}}