{"0": {"sI_max": 10.95100212097168, "pos_max": [15.092998504638672, 12.201116561889648], "s_path": [[0.0, 10.95100212097168], [0.033333633095026016, 10.904848098754883], [0.06666631996631622, 10.859020233154297], [0.10000008344650269, 10.813514709472656], [0.1333337128162384, 10.76833438873291], [0.1666664034128189, 10.723479270935059], [0.20000003278255463, 10.678946495056152], [0.23333366215229034, 10.634737968444824], [0.26666635274887085, 10.59085464477539], [0.3000001311302185, 10.547294616699219], [0.3333337604999542, 10.504058837890625], [0.36666643619537354, 10.461149215698242], [0.40000006556510925, 10.418561935424805]], "n": [-0.9907338126107553, 0.13581793898361377]}, "1": {"sI_max": 4.289906978607178, "pos_max": [54.75682830810547, 14.718783378601074], "s_path": [[0.0, 4.289906978607178], [0.03333333879709244, 4.286458969116211], [0.06666643917560577, 4.282976150512695], [0.09999977797269821, 4.279459476470947], [0.13333287835121155, 4.27590799331665], [0.16666622459888458, 4.272322654724121], [0.19999931752681732, 4.268702030181885], [0.23333266377449036, 4.265048027038574], [0.2666657567024231, 4.261359214782715], [0.29999908804893494, 4.257636070251465], [0.3333321809768677, 4.253879070281982], [0.3666655123233795, 4.250087738037109], [0.39999860525131226, 4.246261119842529]], "n": [0.9673724825497718, 0.2533584022792446]}, "2": {"sI_max": 23.172245025634766, "pos_max": [9.870894432067871, -14.555383682250977], "s_path": [[0.0, 23.172245025634766], [0.03333348035812378, 23.074935913085938], [0.06666669994592667, 22.976970672607422], [0.10000018030405045, 22.87834358215332], [0.13333339989185333, 22.77906036376953], [0.1666668802499771, 22.679115295410156], [0.2000003606081009, 22.578510284423828], [0.23333358764648438, 22.477249145507812], [0.26666706800460815, 22.37532615661621], [0.30000028014183044, 22.27274513244629], [0.3333337604999542, 22.169504165649414], [0.366666316986084, 22.06560516357422], [0.3999995291233063, 21.961050033569336]], "n": [-0.9620176534357702, -0.2729872423354878]}}