{"0": {"sI_max": 1.7081198692321777, "pos_max": [17.18980598449707, 15.445063591003418], "s_path": [[0.0, 1.7081198692321777], [0.033332616090774536, 1.695976972579956], [0.06666703522205353, 1.6838057041168213], [0.09999965131282806, 1.671607494354248], [0.13333308696746826, 1.6593815088272095], [0.1666666865348816, 1.6471277475357056], [0.2000001221895218, 1.6348464488983154], [0.23333273828029633, 1.6225378513336182], [0.2666671574115753, 1.6102008819580078], [0.29999977350234985, 1.5978370904922485], [0.33333319425582886, 1.5854454040527344], [0.3666667938232422, 1.5730257034301758], [0.4000002145767212, 1.5605788230895996]], "n": [-0.5184356744645364, 0.8551166303157137]}, "1": {"sI_max": 4.991225719451904, "pos_max": [54.786102294921875, 14.912086486816406], "s_path": [[0.0, 4.991225719451904], [0.03333180397748947, 4.97283935546875], [0.06666718423366547, 4.954381942749023], [0.0999993160367012, 4.935855865478516], [0.1333346962928772, 4.917258262634277], [0.16666649281978607, 4.898593902587891], [0.19999828934669495, 4.87985897064209], [0.23333367705345154, 4.8610520362854], [0.2666654884815216, 4.8421783447265625], [0.30000120401382446, 4.8232316970825195], [0.33333301544189453, 4.80421781539917], [0.3666684031486511, 4.785131931304932], [0.4000002145767212, 4.7659783363342285]], "n": [0.9386915338529128, 0.3447581823145982]}, "2": {"sI_max": 25.35171127319336, "pos_max": [67.8914794921875, -11.999797821044922], "s_path": [[0.0, 25.35171127319336], [0.033334046602249146, 25.217920303344727], [0.06666816771030426, 25.084617614746094], [0.1000022143125534, 24.951805114746094], [0.13333626091480255, 24.819480895996094], [0.1666703075170517, 24.687644958496094], [0.19999681413173676, 24.556325912475586], [0.2333308607339859, 24.42546844482422], [0.26666492223739624, 24.295093536376953], [0.2999989688396454, 24.165212631225586], [0.3333330750465393, 24.03582000732422], [0.36666712164878845, 23.90340232849121], [0.4000011682510376, 23.755725860595703]], "n": [0.9972161041535511, -0.0745656865911794]}}