{"cracks": {"0": 0.8837994909157659}, "holes": {"0": 0.10535117581443226, "1": 0.06649002434325305, "2": 0.384176969138658}}