{"1": {"phi_c_k": -0.7118133570262016, "abs_cf": 0.8638501447592469, "tip": [75.88161525013507, -12.240756411175637], "cf": [-0.8638501313169513, 0.00015239507115438755], "kappa_c": -0.0026379632816600257, "k2": [0.2873394191265106, 0.35914328694343567, 0.33669424057006836, 0.3305823802947998, 0.3245946764945984], "k1": [50.91761779785156, 52.838172912597656, 53.11637496948242, 53.21414566040039, 53.26396942138672], "phi_c": -0.4534324876487998}}