{"cracks": {"0": 0.9418072256461916}, "holes": {"0": 0.13895698814184143, "1": 0.06567694720039927, "2": 0.3840474717288015}}