{"0": {"sI_max": 9.944608688354492, "pos_max": [23.654315948486328, 6.324827194213867], "s_path": [[0.0, 9.944608688354492], [0.033332765102386475, 9.903152465820312], [0.06666714698076248, 9.861664772033691], [0.09999991208314896, 9.820152282714844], [0.1333330273628235, 9.778608322143555], [0.16666705906391144, 9.737037658691406], [0.20000018179416656, 9.695436477661133], [0.23333294689655304, 9.65380859375], [0.26666733622550964, 9.612150192260742], [0.3000001013278961, 9.570463180541992], [0.33333322405815125, 9.528749465942383], [0.366667240858078, 9.487005233764648], [0.40000036358833313, 9.445233345031738]], "n": [0.661086303629542, -0.7503098687565217]}, "1": {"sI_max": 4.287259101867676, "pos_max": [54.75682830810547, 14.718783378601074], "s_path": [[0.0, 4.287259101867676], [0.03333333879709244, 4.281347274780273], [0.06666643917560577, 4.275432109832764], [0.09999977797269821, 4.269513130187988], [0.13333287835121155, 4.263589859008789], [0.16666622459888458, 4.257663726806641], [0.19999931752681732, 4.251733779907227], [0.23333266377449036, 4.245800495147705], [0.2666657567024231, 4.23986291885376], [0.29999908804893494, 4.233922481536865], [0.3333321809768677, 4.227978229522705], [0.3666655123233795, 4.222029685974121], [0.39999860525131226, 4.216078758239746]], "n": [0.9673724825497718, 0.2533584022792446]}, "2": {"sI_max": 24.674264907836914, "pos_max": [67.92000579833984, -10.095603942871094], "s_path": [[0.0, 24.674264907836914], [0.03333491459488869, 24.581378936767578], [0.06666985154151917, 24.488636016845703], [0.0999971404671669, 24.39604949951172], [0.13333207368850708, 24.303585052490234], [0.16666698455810547, 24.211259841918945], [0.20000192523002625, 24.11907196044922], [0.23333683609962463, 24.02702522277832], [0.26666414737701416, 23.935134887695312], [0.29999905824661255, 23.843366622924805], [0.3333339989185333, 23.75173568725586], [0.3666689097881317, 23.66024398803711], [0.39999619126319885, 23.56891632080078]], "n": [0.9997081018957041, -0.024160111839323012]}}