{"0": {"phi_c_k": -12.270334759408025, "abs_cf": 0.3874263639109116, "tip": [18.184055939001123, -3.5136282211022953], "cf": [-0.26215928892939644, 0.28525724299527155], "kappa_c": -0.07734595504674935, "k2": [1.6585034132003784, 3.370438814163208, 3.842700481414795, 3.8461999893188477, 3.8516035079956055], "k1": [32.257415771484375, 34.857810974121094, 34.90219497680664, 34.955074310302734, 34.97893524169922], "phi_c": -13.294790359761983}}