{"1": {"phi_c_k": 2.818678085150745, "abs_cf": 0.8583709512822933, "tip": [72.88170505249076, -12.263968607746719], "cf": [-0.8583452567044674, -0.006641558417356919], "kappa_c": 0.015381032775472462, "k2": [0.15130716562271118, -1.2524864673614502, -1.2953740358352661, -1.3071497678756714, -1.3174564838409424], "k1": [50.17152786254883, 52.68532180786133, 52.96778869628906, 53.06630325317383, 53.115665435791016], "phi_c": 2.643804787760889}}