{"0": {"sI_max": 1.3735800981521606, "pos_max": [17.18503189086914, 15.397163391113281], "s_path": [[0.0, 1.3735800981521606], [0.0333334244787693, 1.3670451641082764], [0.0666668489575386, 1.3605146408081055], [0.09999926388263702, 1.3539892435073853], [0.1333335041999817, 1.3474678993225098], [0.1666669249534607, 1.3409514427185059], [0.2000003457069397, 1.3344395160675049], [0.23333275318145752, 1.3279327154159546], [0.2666661739349365, 1.321429967880249], [0.2999995946884155, 1.314932107925415], [0.333333820104599, 1.3084385395050049], [0.366667240858078, 1.3019498586654663], [0.3999996483325958, 1.2954660654067993]], "n": [-0.5313940094652844, 0.8471247881536753]}, "1": {"sI_max": 3.7549214363098145, "pos_max": [54.75682830810547, 14.718783378601074], "s_path": [[0.0, 3.7549214363098145], [0.03333333879709244, 3.746901273727417], [0.06666643917560577, 3.738973617553711], [0.09999977797269821, 3.7311363220214844], [0.13333287835121155, 3.723391056060791], [0.16666622459888458, 3.7157373428344727], [0.19999931752681732, 3.70817494392395], [0.23333266377449036, 3.7007040977478027], [0.2666657567024231, 3.693324565887451], [0.29999908804893494, 3.6860365867614746], [0.3333321809768677, 3.678840160369873], [0.3666655123233795, 3.6717348098754883], [0.39999860525131226, 3.6647212505340576]], "n": [0.9673724825497718, 0.2533584022792446]}, "2": {"sI_max": 10.563405990600586, "pos_max": [67.57608032226562, -8.6085786819458], "s_path": [[0.0, 10.563405990600586], [0.03333344683051109, 10.594803810119629], [0.06666689366102219, 10.627272605895996], [0.10000034421682358, 10.660812377929688], [0.13333427906036377, 10.69542121887207], [0.16666772961616516, 10.731101989746094], [0.20000118017196655, 10.767851829528809], [0.23333463072776794, 10.805672645568848], [0.26666808128356934, 10.844564437866211], [0.3000015318393707, 10.884525299072266], [0.3333349823951721, 10.925558090209961], [0.3666689097881317, 10.967659950256348], [0.4000023603439331, 11.010833740234375]], "n": [0.8566981785084244, 0.5158180211473303]}}