{"0": {"x0": [0, 0], "n0": [1, 0], "da": [10.0, 3.0, 3.0, 3.0, 3.0, 3.0, 3.0, 3.0, 3.0, 6.966285714285714], "kappa": [0, 0, 0, 0, 0, 0, 0, 0, 0, 0], "dphi": [0, -14.073251791277718, -7.4636137272344225, -12.584476358900528, -13.294790359761983, -8.42982146621533, -4.971105184869458, -1.254622259496145, 8.287167385881546, 24.750644785964305], "is_active": 0, "close_hole": [2]}, "1": {"x0": [67.8894850599792, -11.999648689671739], "n0": [0.9972161041535511, -0.0745656865911794], "da": [2.0], "kappa": [0], "dphi": [0], "is_active": 1, "close_hole": []}}