{"cracks": {"1": 1.3155176149817243}, "holes": {"0": 0.01922199061776352, "1": 0.037399407717408205, "2": 0.0037117380147680726}}