{"0": {"sI_max": 1.2853562831878662, "pos_max": [24.52108383178711, 7.306978225708008], "s_path": [[0.0, 1.2853562831878662], [0.033332716673612595, 1.2789344787597656], [0.06666701287031174, 1.2725716829299927], [0.09999973326921463, 1.2662690877914429], [0.13333402574062347, 1.2600256204605103], [0.16666674613952637, 1.2538422346115112], [0.19999973475933075, 1.2477185726165771], [0.2333340346813202, 1.2416541576385498], [0.2666667401790619, 1.235649585723877], [0.2999994456768036, 1.2297048568725586], [0.33333373069763184, 1.2238191366195679], [0.36666643619537354, 1.2179934978485107], [0.4000007212162018, 1.21222722530365]], "n": [0.8266854495610421, -0.5626643470880822]}, "1": {"sI_max": 4.004603385925293, "pos_max": [54.75682830810547, 14.718783378601074], "s_path": [[0.0, 4.004603385925293], [0.03333333879709244, 3.9962315559387207], [0.06666643917560577, 3.9879720211029053], [0.09999977797269821, 3.979823112487793], [0.13333287835121155, 3.9717860221862793], [0.16666622459888458, 3.963860511779785], [0.19999931752681732, 3.9560461044311523], [0.23333266377449036, 3.948343276977539], [0.2666657567024231, 3.9407525062561035], [0.29999908804893494, 3.933271884918213], [0.3333321809768677, 3.925903797149658], [0.3666655123233795, 3.918646812438965], [0.39999860525131226, 3.911501169204712]], "n": [0.9673724825497718, 0.2533584022792446]}, "2": {"sI_max": 22.80724334716797, "pos_max": [67.92000579833984, -10.095603942871094], "s_path": [[0.0, 22.80724334716797], [0.03333491459488869, 22.731552124023438], [0.06666985154151917, 22.655853271484375], [0.0999971404671669, 22.580156326293945], [0.13333207368850708, 22.504430770874023], [0.16666698455810547, 22.428693771362305], [0.20000192523002625, 22.352947235107422], [0.23333683609962463, 22.277185440063477], [0.26666414737701416, 22.20142936706543], [0.29999905824661255, 22.12564468383789], [0.3333339989185333, 22.049848556518555], [0.3666689097881317, 21.974037170410156], [0.39999619126319885, 21.898235321044922]], "n": [0.9997081018957041, -0.024160111839323012]}}