{"cracks": {"0": 0.46933598611520194}, "holes": {"0": 0.02272994350644687, "1": 0.06387268828231084, "2": 0.3622202557689809}}