{"1": {"phi_c_k": 2.266971974055256, "abs_cf": 0.742580327777902, "tip": [69.8839172682863, -12.148780062854097], "cf": [-0.7420327451343809, 0.028512249140874246], "kappa_c": 0.0181146679195959, "k2": [0.275355726480484, -0.9180130958557129, -0.9686968326568604, -0.9807695150375366, -0.9907781481742859], "k1": [46.77286148071289, 49.17790985107422, 49.441307067871094, 49.53094482421875, 49.57481384277344], "phi_c": 2.0757880381477447}}