{"0": {"sI_max": 3.650433904808792e-13, "pos_max": [24.94026756286621, 12.270105361938477], "s_path": [[0.0, 3.650433904808792e-13], [0.03333406522870064, 3.623984792811008e-13], [0.06666601449251175, 3.597360582162368e-13], [0.10000008344650269, 3.570557207104724e-13], [0.13333414494991302, 3.5435765649918793e-13], [0.16666609048843384, 3.516421095278721e-13], [0.20000015199184418, 3.4890864611565597e-13], [0.23333421349525452, 3.461574559979197e-13], [0.2666661739349365, 3.433887831201521e-13], [0.30000025033950806, 3.4060216669642984e-13], [0.3333343267440796, 3.3779785067224177e-13], [0.3666662871837616, 3.348863883683578e-13], [0.40000036358833313, 3.308961991129594e-13]], "n": [0.9376516548351949, 0.3475764292710608]}, "1": {"sI_max": 3.4715692777062546e-13, "pos_max": [51.126922607421875, 7.139598846435547], "s_path": [[0.0, 3.4715692777062546e-13], [0.03333345055580139, 3.4736165224584503e-13], [0.06666646152734756, 3.4756377463585064e-13], [0.09999991208314896, 3.4776321362547935e-13], [0.13333335518836975, 3.479600234248398e-13], [0.16666635870933533, 3.481541769288776e-13], [0.19999980926513672, 3.483457012426472e-13], [0.2333332598209381, 3.4853456926109416e-13], [0.2666667103767395, 3.4872083519432717e-13], [0.2999997138977051, 3.4890439062212897e-13], [0.33333316445350647, 3.490853439647168e-13], [0.36666661500930786, 3.492757840763139e-13], [0.39999961853027344, 3.494846285197889e-13]], "n": [0.38154734432661813, -0.9243492976344523]}, "2": {"sI_max": 4.733236914390704e-13, "pos_max": [26.528560638427734, -17.958454132080078], "s_path": [[0.0, 4.733236914390704e-13], [0.03333244100213051, 5.825209563846412e-13], [0.06666672974824905, 6.877246168379703e-13], [0.09999965131282806, 7.588262158388093e-13], [0.1333339363336563, 8.108379961381529e-13], [0.16666637361049652, 1.1318604473814498e-12], [0.20000065863132477, 1.1001260666332335e-12], [0.23333309590816498, 1.0673430455437893e-12], [0.2666660249233246, 1.02982574724797e-12], [0.30000030994415283, 9.828165841926917e-13], [0.33333274722099304, 9.418122748697244e-13], [0.3666670322418213, 9.179818363791448e-13], [0.3999994695186615, 8.938129099703152e-13]], "n": [0.2521818902169343, 0.9676798511112104]}}