{"0": {"sI_max": 4.225475311279297, "pos_max": [24.52108383178711, 7.306978225708008], "s_path": [[0.0, 4.225475311279297], [0.033332716673612595, 4.218339920043945], [0.06666701287031174, 4.211096286773682], [0.09999973326921463, 4.203743934631348], [0.13333402574062347, 4.196282863616943], [0.16666674613952637, 4.188713073730469], [0.19999973475933075, 4.181034088134766], [0.2333340346813202, 4.173246383666992], [0.2666667401790619, 4.165350437164307], [0.2999994456768036, 4.157345771789551], [0.33333373069763184, 4.149231910705566], [0.36666643619537354, 4.141009330749512], [0.4000007212162018, 4.132678508758545]], "n": [0.8266854495610421, -0.5626643470880822]}, "1": {"sI_max": 4.248309135437012, "pos_max": [54.75682830810547, 14.718783378601074], "s_path": [[0.0, 4.248309135437012], [0.03333333879709244, 4.240440845489502], [0.06666643917560577, 4.232624053955078], [0.09999977797269821, 4.224857330322266], [0.13333287835121155, 4.217141628265381], [0.16666622459888458, 4.209477424621582], [0.19999931752681732, 4.2018632888793945], [0.23333266377449036, 4.194300651550293], [0.2666657567024231, 4.186788082122803], [0.29999908804893494, 4.179327011108398], [0.3333321809768677, 4.1719160079956055], [0.3666655123233795, 4.164556503295898], [0.39999860525131226, 4.157247543334961]], "n": [0.9673724825497718, 0.2533584022792446]}, "2": {"sI_max": 24.126853942871094, "pos_max": [67.92000579833984, -10.095603942871094], "s_path": [[0.0, 24.126853942871094], [0.03333491459488869, 24.036396026611328], [0.06666985154151917, 23.946069717407227], [0.0999971404671669, 23.85589599609375], [0.13333207368850708, 23.765827178955078], [0.16666698455810547, 23.675891876220703], [0.20000192523002625, 23.586088180541992], [0.23333683609962463, 23.496416091918945], [0.26666414737701416, 23.40689468383789], [0.29999905824661255, 23.317480087280273], [0.3333339989185333, 23.228199005126953], [0.3666689097881317, 23.139049530029297], [0.39999619126319885, 23.050048828125]], "n": [0.9997081018957041, -0.024160111839323012]}}