{"cracks": {"0": 1.0562914875508318}, "holes": {"0": 0.1555374256445534, "1": 0.06743450439076616, "2": 0.38623537838158745}}