{"0": {"sI_max": 1.017999529838562, "pos_max": [17.18503189086914, 15.397163391113281], "s_path": [[0.0, 1.017999529838562], [0.0333334244787693, 1.0132306814193726], [0.0666668489575386, 1.0084587335586548], [0.09999926388263702, 1.0036838054656982], [0.1333335041999817, 0.9989053606987], [0.1666669249534607, 0.9941239356994629], [0.2000003457069397, 0.989339292049408], [0.23333275318145752, 0.9845517873764038], [0.2666661739349365, 0.9797608256340027], [0.2999995946884155, 0.9749667644500732], [0.333333820104599, 0.9701694250106812], [0.366667240858078, 0.9653689861297607], [0.3999996483325958, 0.9605656862258911]], "n": [-0.5313940094652844, 0.8471247881536753]}, "1": {"sI_max": 1.4764964580535889, "pos_max": [44.299903869628906, 15.892696380615234], "s_path": [[0.0, 1.4764964580535889], [0.033332955092191696, 1.4709018468856812], [0.06666535139083862, 1.4653050899505615], [0.10000139474868774, 1.4597054719924927], [0.13333378732204437, 1.4541041851043701], [0.16666674613952637, 1.448500633239746], [0.19999970495700836, 1.4428948163986206], [0.23333266377449036, 1.4372867345809937], [0.26666757464408875, 1.4316757917404175], [0.30000051856040955, 1.4260632991790771], [0.33333346247673035, 1.4204485416412354], [0.36666640639305115, 1.4148313999176025], [0.39999935030937195, 1.4092121124267578]], "n": [-0.8095774070720289, 0.5870131361038955]}, "2": {"sI_max": 0.2606126666069031, "pos_max": [67.9091796875, -11.23900032043457], "s_path": [[0.0, 0.2606126666069031], [0.033333878964185715, 0.2645346224308014], [0.06666775792837143, 0.2681913673877716], [0.10000162571668625, 0.2715829908847809], [0.13333550095558167, 0.2747093439102173], [0.16666938364505768, 0.2775704860687256], [0.2000032663345337, 0.2801664471626282], [0.2333371490240097, 0.28249719738960266], [0.26666340231895447, 0.2845623791217804], [0.2999972701072693, 0.28636279702186584], [0.3333311378955841, 0.2878980040550232], [0.3666650056838989, 0.28916800022125244], [0.39999887347221375, 0.284296452999115]], "n": [0.9999684173495923, 0.007947597331998344]}}