{"0": {"phi_c_k": -6.805159592045059, "abs_cf": 0.5534128465094852, "tip": [12.909956919622875, -0.7294866180670807], "cf": [-0.5147744245969648, 0.20315774772967643], "kappa_c": -0.04342154454576221, "k2": [-0.012446451000869274, 2.4786369800567627, 2.5333478450775146, 2.5345282554626465, 2.5404632091522217], "k1": [38.82402420043945, 42.036399841308594, 42.254913330078125, 42.32715606689453, 42.361083984375], "phi_c": -7.4636137272344225}}