{"0": {"phi_c_k": -0.1004616618504817, "abs_cf": 0.18458233848510258, "tip": [23.361120744850897, -10.824286382915416], "cf": [-0.08645219576651186, 0.16308481697502586], "kappa_c": -0.007299096432339474, "k2": [-0.9224156737327576, -0.03202037140727043, 0.03229128569364548, 0.02123919315636158, 0.016610238701105118], "k1": [22.378246307373047, 24.194353103637695, 24.195016860961914, 24.2264347076416, 24.239704132080078], "phi_c": -1.254622259496145}}