{"cracks": {"0": 0.7331582595449967}, "holes": {"0": 0.041438524683845276, "1": 0.06644629812760156, "2": 0.3754606876030629}}