{"cracks": {}, "holes": {"0": 0.02655570521544551, "1": 0.07814065880927538, "2": 0.3956266212992738}}