{"0": {"sI_max": 1.2297166585922241, "pos_max": [17.18503189086914, 15.397163391113281], "s_path": [[0.0, 1.2297166585922241], [0.0333334244787693, 1.2242333889007568], [0.0666668489575386, 1.218752384185791], [0.09999926388263702, 1.2132736444473267], [0.1333335041999817, 1.207796573638916], [0.1666669249534607, 1.202322006225586], [0.2000003457069397, 1.1968494653701782], [0.23333275318145752, 1.191379189491272], [0.2666661739349365, 1.1859110593795776], [0.2999995946884155, 1.1804447174072266], [0.333333820104599, 1.174980640411377], [0.366667240858078, 1.1695188283920288], [0.3999996483325958, 1.1640591621398926]], "n": [-0.5313940094652844, 0.8471247881536753]}, "1": {"sI_max": 2.376345634460449, "pos_max": [54.75682830810547, 14.718783378601074], "s_path": [[0.0, 2.376345634460449], [0.03333333879709244, 2.3737196922302246], [0.06666643917560577, 2.3711581230163574], [0.09999977797269821, 2.3686602115631104], [0.13333287835121155, 2.3662266731262207], [0.16666622459888458, 2.3638570308685303], [0.19999931752681732, 2.3615517616271973], [0.23333266377449036, 2.3593106269836426], [0.2666657567024231, 2.357133626937866], [0.29999908804893494, 2.355020523071289], [0.3333321809768677, 2.3529717922210693], [0.3666655123233795, 2.350986957550049], [0.39999860525131226, 2.3490664958953857]], "n": [0.9673724825497718, 0.2533584022792446]}, "2": {"sI_max": 0.12464605271816254, "pos_max": [67.90821838378906, -9.832454681396484], "s_path": [[0.0, 0.12464605271816254], [0.03333374857902527, 0.18472528457641602], [0.06666749715805054, 0.2347545027732849], [0.10000123828649521, 0.27473393082618713], [0.13333497941493988, 0.29442474246025085], [0.16666872799396515, 0.2965242564678192], [0.20000247657299042, 0.3015121817588806], [0.23333622515201569, 0.30947378277778625], [0.26666995882987976, 0.3204091191291809], [0.30000370740890503, 0.33549803495407104], [0.33332982659339905, 0.3535577952861786], [0.3666635751724243, 0.3739764392375946], [0.3999973237514496, 0.3967500329017639]], "n": [0.9999723716714634, -0.00743343081953325]}}