{"0": {"phi_c_k": -7.430779742537037, "abs_cf": 0.3376786649020352, "tip": [20.214061999634207, -5.722491139844187], "cf": [-0.18957950289794212, 0.27943960494351927], "kappa_c": -0.04904271331358448, "k2": [0.43340376019477844, 1.8957645893096924, 2.1507132053375244, 2.151468515396118, 2.156019687652588], "k1": [30.414628982543945, 32.77680206298828, 32.8047981262207, 32.852294921875, 32.87343978881836], "phi_c": -8.42982146621533}}