{"cracks": {"1": 1.2235758078749097}, "holes": {"0": 0.021457752783614198, "1": 0.0589725818582475, "2": 0.16763014420659528}}