{"cracks": {"0": 1.1507424131387989}, "holes": {"0": 0.17126766869110177, "1": 0.06755403670977123, "2": 0.36239058225324566}}