{"0": {"kappa": [0, 0, 0], "is_active": 1, "da": [10.0, 3.0, 3.0], "n0": [1, 0], "dphi": [0, -14.073251791277718, -7.4636137272344225], "x0": [0, 0], "close_hole": []}}