{"0": {"phi_c_k": -11.507041048096937, "abs_cf": 0.4399524217385707, "tip": [15.700501598033092, -1.830786031394999], "cf": [-0.3642152489427417, 0.2467901655885214], "kappa_c": -0.07321351570073394, "k2": [1.3977336883544922, 3.2914721965789795, 3.8354740142822266, 3.832818031311035, 3.834796905517578], "k1": [34.272178649902344, 37.153743743896484, 37.20890808105469, 37.26793670654297, 37.294677734375], "phi_c": -12.584476358900528}}