{"0": {"kappa": [0, 0, 0, 0, 0, 0, 0, 0, 0], "is_active": 1, "da": [10.0, 3.0, 3.0, 3.0, 3.0, 3.0, 3.0, 3.0, 3.0], "n0": [1, 0], "dphi": [0, -14.073251791277718, -7.4636137272344225, -12.584476358900528, -13.294790359761983, -8.42982146621533, -4.971105184869458, -1.254622259496145, 8.287167385881546], "x0": [0, 0], "close_hole": []}}