{"cracks": {"0": 0.3652880755443565}, "holes": {"0": 0.020070690531566807, "1": 0.06289993127891977, "2": 0.35733091113002313}}