{"cracks": {"0": 0.8251083322104652}, "holes": {"0": 0.06641942285977148, "1": 0.0667588822410328, "2": 0.37767809002093583}}