{"cracks": {}, "holes": {"0": 5.673466023188534e-15, "1": 5.482123387466061e-15, "2": 1.0863398135969225e-14}}