{"0": {"sI_max": 8.884969711303711, "pos_max": [24.52108383178711, 7.306978225708008], "s_path": [[0.0, 8.884969711303711], [0.033332716673612595, 8.847641944885254], [0.06666701287031174, 8.810402870178223], [0.09999973326921463, 8.773260116577148], [0.13333402574062347, 8.736207962036133], [0.16666674613952637, 8.699251174926758], [0.19999973475933075, 8.662388801574707], [0.2333340346813202, 8.625617027282715], [0.2666667401790619, 8.588940620422363], [0.2999994456768036, 8.55235767364502], [0.33333373069763184, 8.515865325927734], [0.36666643619537354, 8.479469299316406], [0.4000007212162018, 8.443163871765137]], "n": [0.8266854495610421, -0.5626643470880822]}, "1": {"sI_max": 4.172657489776611, "pos_max": [54.75682830810547, 14.718783378601074], "s_path": [[0.0, 4.172657489776611], [0.03333333879709244, 4.168320655822754], [0.06666643917560577, 4.163980484008789], [0.09999977797269821, 4.159636974334717], [0.13333287835121155, 4.155290603637695], [0.16666622459888458, 4.150940895080566], [0.19999931752681732, 4.146588325500488], [0.23333266377449036, 4.1422319412231445], [0.2666657567024231, 4.137872695922852], [0.29999908804893494, 4.133510112762451], [0.3333321809768677, 4.129144668579102], [0.3666655123233795, 4.124775409698486], [0.39999860525131226, 4.120403289794922]], "n": [0.9673724825497718, 0.2533584022792446]}, "2": {"sI_max": 24.535762786865234, "pos_max": [67.92000579833984, -10.095603942871094], "s_path": [[0.0, 24.535762786865234], [0.03333491459488869, 24.44277000427246], [0.06666985154151917, 24.349924087524414], [0.0999971404671669, 24.25724220275879], [0.13333207368850708, 24.164684295654297], [0.16666698455810547, 24.072269439697266], [0.20000192523002625, 23.979997634887695], [0.23333683609962463, 23.887866973876953], [0.26666414737701416, 23.795902252197266], [0.29999905824661255, 23.704063415527344], [0.3333339989185333, 23.612363815307617], [0.3666689097881317, 23.52081298828125], [0.39999619126319885, 23.42942237854004]], "n": [0.9997081018957041, -0.024160111839323012]}}