{"0": {"sI_max": 2.6342849731445312, "pos_max": [24.52108383178711, 7.306978225708008], "s_path": [[0.0, 2.6342849731445312], [0.033332716673612595, 2.6308021545410156], [0.06666701287031174, 2.627254009246826], [0.09999973326921463, 2.623640537261963], [0.13333402574062347, 2.619961738586426], [0.16666674613952637, 2.616217851638794], [0.19999973475933075, 2.612408399581909], [0.2333340346813202, 2.608534097671509], [0.2666667401790619, 2.6045947074890137], [0.2999994456768036, 2.6005897521972656], [0.33333373069763184, 2.596519947052002], [0.36666643619537354, 2.5923845767974854], [0.4000007212162018, 2.588184118270874]], "n": [0.8266854495610421, -0.5626643470880822]}, "1": {"sI_max": 4.230046272277832, "pos_max": [54.75682830810547, 14.718783378601074], "s_path": [[0.0, 4.230046272277832], [0.03333333879709244, 4.221393585205078], [0.06666643917560577, 4.2128167152404785], [0.09999977797269821, 4.204315185546875], [0.13333287835121155, 4.195888042449951], [0.16666622459888458, 4.187536716461182], [0.19999931752681732, 4.17926025390625], [0.23333266377449036, 4.1710591316223145], [0.2666657567024231, 4.162933349609375], [0.29999908804893494, 4.154882431030273], [0.3333321809768677, 4.146906852722168], [0.3666655123233795, 4.139006614685059], [0.39999860525131226, 4.131181716918945]], "n": [0.9673724825497718, 0.2533584022792446]}, "2": {"sI_max": 23.982980728149414, "pos_max": [67.92000579833984, -10.095603942871094], "s_path": [[0.0, 23.982980728149414], [0.03333491459488869, 23.894168853759766], [0.06666985154151917, 23.805463790893555], [0.0999971404671669, 23.71688461303711], [0.13333207368850708, 23.628389358520508], [0.16666698455810547, 23.540002822875977], [0.20000192523002625, 23.451719284057617], [0.23333683609962463, 23.363540649414062], [0.26666414737701416, 23.275489807128906], [0.29999905824661255, 23.187524795532227], [0.3333339989185333, 23.09966278076172], [0.3666689097881317, 23.01190948486328], [0.39999619126319885, 22.92428207397461]], "n": [0.9997081018957041, -0.024160111839323012]}}