{"0": {"sI_max": 1.4527231454849243, "pos_max": [24.52108383178711, 7.306978225708008], "s_path": [[0.0, 1.4527231454849243], [0.033332716673612595, 1.446923017501831], [0.06666701287031174, 1.4411600828170776], [0.09999973326921463, 1.4354350566864014], [0.13333402574062347, 1.4297469854354858], [0.16666674613952637, 1.4240968227386475], [0.19999973475933075, 1.418484091758728], [0.2333340346813202, 1.4129083156585693], [0.2666667401790619, 1.4073703289031982], [0.2999994456768036, 1.4018701314926147], [0.33333373069763184, 1.3964067697525024], [0.36666643619537354, 1.3909813165664673], [0.4000007212162018, 1.3855928182601929]], "n": [0.8266854495610421, -0.5626643470880822]}, "1": {"sI_max": 4.066710472106934, "pos_max": [54.75682830810547, 14.718783378601074], "s_path": [[0.0, 4.066710472106934], [0.03333333879709244, 4.058122158050537], [0.06666643917560577, 4.049647808074951], [0.09999977797269821, 4.041289329528809], [0.13333287835121155, 4.033044815063477], [0.16666622459888458, 4.0249152183532715], [0.19999931752681732, 4.016900539398193], [0.23333266377449036, 4.008999824523926], [0.2666657567024231, 4.001214027404785], [0.29999908804893494, 3.9935433864593506], [0.3333321809768677, 3.9859871864318848], [0.3666655123233795, 3.9785451889038086], [0.39999860525131226, 3.9712185859680176]], "n": [0.9673724825497718, 0.2533584022792446]}, "2": {"sI_max": 23.12679672241211, "pos_max": [67.92000579833984, -10.095603942871094], "s_path": [[0.0, 23.12679672241211], [0.03333491459488869, 23.046337127685547], [0.06666985154151917, 22.965904235839844], [0.0999971404671669, 22.885517120361328], [0.13333207368850708, 22.805130004882812], [0.16666698455810547, 22.724773406982422], [0.20000192523002625, 22.644437789916992], [0.23333683609962463, 22.56412696838379], [0.26666414737701416, 22.483861923217773], [0.29999905824661255, 22.40359878540039], [0.3333339989185333, 22.323362350463867], [0.3666689097881317, 22.243152618408203], [0.39999619126319885, 22.162981033325195]], "n": [0.9997081018957041, -0.024160111839323012]}}