{"0": {"x0": [0, 0], "n0": [1, 0], "da": [10.0, 3.0, 3.0], "kappa": [0, 0, 0], "dphi": [0, -14.073251791277718, -7.4636137272344225], "is_active": 1, "close_hole": []}}