{"0": {"phi_c_k": -14.113905876584306, "abs_cf": 0.656807218292667, "tip": [10.0, 0.0], "cf": [-0.6370935699096663, 0.15971069213145483], "kappa_c": -0.0245624580219986, "k2": [1.8511768579483032, 5.661791801452637, 5.765422821044922, 5.78970193862915, 5.810005187988281], "k1": [41.38727569580078, 45.01674270629883, 45.25588607788086, 45.33550262451172, 45.37348556518555], "phi_c": -14.073251791277718}}