{"cracks": {"1": 1.3197095727353991}, "holes": {"0": 0.01590521447314987, "1": 0.023110803520497644, "2": 0.004230909615981184}}