{"0": {"phi_c_k": 25.904987181103586, "abs_cf": 0.06618394755491015, "tip": [26.538691706702075, -15.89529106726562], "cf": [-0.05786680751082329, 0.03212082661539739], "kappa_c": 0.14399341450221478, "k2": [-3.1886672973632812, -2.8806276321411133, -3.0958666801452637, -3.3428940773010254, -3.346468448638916], "k1": [11.575743675231934, 12.993828773498535, 12.977314949035645, 12.996938705444336, 13.00399398803711], "phi_c": 24.750644785964305}}