{"0": {"sI_max": 6.721821308135986, "pos_max": [24.52108383178711, 7.306978225708008], "s_path": [[0.0, 6.721821308135986], [0.033332716673612595, 6.700728416442871], [0.06666701287031174, 6.679567337036133], [0.09999973326921463, 6.6583404541015625], [0.13333402574062347, 6.6370439529418945], [0.16666674613952637, 6.6156816482543945], [0.19999973475933075, 6.594250679016113], [0.2333340346813202, 6.572752475738525], [0.2666667401790619, 6.551187038421631], [0.2999994456768036, 6.52955436706543], [0.33333373069763184, 6.507853031158447], [0.36666643619537354, 6.486085414886475], [0.4000007212162018, 6.4642486572265625]], "n": [0.8266854495610421, -0.5626643470880822]}, "1": {"sI_max": 4.229222297668457, "pos_max": [54.75682830810547, 14.718783378601074], "s_path": [[0.0, 4.229222297668457], [0.03333333879709244, 4.222373962402344], [0.06666643917560577, 4.215564250946045], [0.09999977797269821, 4.208792686462402], [0.13333287835121155, 4.202059745788574], [0.16666622459888458, 4.195364475250244], [0.19999931752681732, 4.188708305358887], [0.23333266377449036, 4.1820902824401855], [0.2666657567024231, 4.175510406494141], [0.29999908804893494, 4.16896915435791], [0.3333321809768677, 4.162466526031494], [0.3666655123233795, 4.156002044677734], [0.39999860525131226, 4.149575233459473]], "n": [0.9673724825497718, 0.2533584022792446]}, "2": {"sI_max": 24.544635772705078, "pos_max": [67.92000579833984, -10.095603942871094], "s_path": [[0.0, 24.544635772705078], [0.03333491459488869, 24.451316833496094], [0.06666985154151917, 24.358139038085938], [0.0999971404671669, 24.265117645263672], [0.13333207368850708, 24.17221450805664], [0.16666698455810547, 24.079448699951172], [0.20000192523002625, 23.98682403564453], [0.23333683609962463, 23.894336700439453], [0.26666414737701416, 23.802005767822266], [0.29999905824661255, 23.709794998168945], [0.3333339989185333, 23.617721557617188], [0.3666689097881317, 23.52578353881836], [0.39999619126319885, 23.434009552001953]], "n": [0.9997081018957041, -0.024160111839323012]}}