{"cracks": {"0": 0.6100342707273915}, "holes": {"0": 0.028816464052607127, "1": 0.06555195037361666, "2": 0.3676894414667605}}