{"0": {"phi_c_k": 8.907078406761023, "abs_cf": 0.10925702885991359, "tip": [24.766220438722574, -13.474889116310543], "cf": [-0.06455164815966796, 0.08814864193603], "kappa_c": 0.04821278551584147, "k2": [-1.6927822828292847, -1.3005039691925049, -1.4253689050674438, -1.439184308052063, -1.4457279443740845], "k1": [16.75725555419922, 18.245206832885742, 18.231660842895508, 18.25394058227539, 18.262990951538086], "phi_c": 8.287167385881546}}