{"0": {"phi_c_k": -3.8132693431947136, "abs_cf": 0.2666104326353682, "tip": [21.89832152742766, -8.20508451030117], "cf": [-0.12999917740529554, 0.23276884813901688], "kappa_c": -0.028920717646311146, "k2": [-0.36136725544929504, 0.8295422196388245, 0.981800377368927, 0.9760233163833618, 0.9754100441932678], "k1": [27.154916763305664, 29.19864845275879, 29.214202880859375, 29.254411697387695, 29.27181053161621], "phi_c": -4.971105184869458}}