{"name": "plate-bogerl-flipx0-rotz0", "functions": "plate", "B,H": [80.0, 85.0], "crack": {"a0": 10.0, "x0": [0, 0], "n0": [1, 0]}, "hole_list": [{"type": "spline", "data": [[9.485061, 18.304684], [10.574607, 18.099272], [11.7013035, 17.537495], [12.828055, 16.746983], [13.942463, 15.668806], [14.958991, 14.554822999999999], [15.617057, 13.440794], [16.176249, 12.326777], [16.706694, 11.212753], [17.163654, 10.098730000000003], [17.526758, 8.984703000000003], [17.729382, 7.870685999999999], [17.940586, 6.756656999999997], [18.14148, 5.64264], [18.26362, 4.5286100000000005], [18.365616, 3.4145770000000013], [18.3662, 2.3005599999999973], [18.3662, 1.1865299999999976], [18.3662, 0.07251399999999819], [18.3662, -1.0415149999999969], [18.3662, -2.1555370000000025], [18.3662, -3.2695580000000035], [18.365828, -4.383586999999999], [18.25472, -5.497604000000003], [17.890633, -6.611629999999998], [17.388418, -7.725650000000002], [16.798542, -8.839683999999998], [16.090025, -9.953710000000001], [15.460376, -11.067720000000001], [14.752345, -12.181750000000001], [13.951845, -13.295775999999996], [12.996784, -14.409714000000001], [11.9837675, -15.458280000000002], [11.031569, -16.50264], [9.9324665, -17.332912], [8.8057575, -17.814068], [7.704221, -16.893974], [7.534932, -15.780259999999998], [7.6771784, -14.666229999999999], [8.148922, -13.552210000000002], [8.854244, -12.438183000000002], [9.603249, -11.324154], [10.397421, -10.21013], [11.246977, -9.096107000000003], [12.136009, -7.982080000000003], [12.978469, -6.86806], [13.708073, -5.754047], [14.273577, -4.640022000000002], [14.784865, -3.5259969999999967], [15.272591, -2.4119699999999966], [15.435389, -1.2979500000000002], [15.436616, -0.18391400000000147], [15.436616, 0.9301069999999996], [15.436616, 2.0441300000000027], [15.435059, 3.158149999999999], [15.327926, 4.272174999999997], [15.203295, 5.386200000000002], [15.018513, 6.500214], [14.649891, 7.614246000000001], [14.221677, 8.728264000000003], [13.661303, 9.842292999999998], [13.099058, 10.956308], [12.405369, 12.070340999999999], [11.397447, 13.184359], [10.374931, 14.298388], [9.256552, 15.412417999999999], [8.244167, 16.526428], [8.227251, 17.635931], [9.210473, 18.253403]]}], "u_load": 0.2, "E_rel": 0}