{"cracks": {"1": 1.2450960379316993}, "holes": {"0": 0.013602375944182721}}