{"cracks": {"1": 1.0990030373731132}, "holes": {"0": 0.15279766598107233}}