{"0": {"sI_max": 14.569291114807129, "pos_max": [18.30438232421875, -4.881802558898926], "s_path": [[0.0, 14.569291114807129], [0.03333241119980812, 14.546255111694336], [0.06666672229766846, 14.523040771484375], [0.09999913722276688, 14.499652862548828], [0.13333344459533691, 14.476089477539062], [0.16666585206985474, 14.452350616455078], [0.20000016689300537, 14.428434371948242], [0.2333325296640396, 14.404346466064453], [0.26666682958602905, 14.38007926940918], [0.2999992370605469, 14.35563850402832], [0.3333335518836975, 14.331022262573242], [0.36666595935821533, 14.306230545043945], [0.40000027418136597, 14.28126335144043]], "n": [0.9955494086316174, -0.09424104717816215]}}