{"0": {"sI_max": 16.932525634765625, "pos_max": [18.221324920654297, -5.565793991088867], "s_path": [[0.0, 16.932525634765625], [0.03333338350057602, 16.86531639099121], [0.0666668713092804, 16.7980899810791], [0.10000025480985641, 16.73084831237793], [0.13333363831043243, 16.66359519958496], [0.1666671186685562, 16.596324920654297], [0.20000049471855164, 16.52903938293457], [0.23333387076854706, 16.461740493774414], [0.26666736602783203, 16.394426345825195], [0.30000075697898865, 16.327098846435547], [0.33333414793014526, 16.25939178466797], [0.36666762828826904, 16.191059112548828], [0.39999914169311523, 16.12274169921875]], "n": [0.9754345907398406, -0.22028926253496706]}}