{"cracks": {"1": 1.3795200685771185}, "holes": {"0": 0.0006162466918976048}}