{"0": {"sI_max": 0.04690627381205559, "pos_max": [8.305601119995117, 16.980588912963867], "s_path": [[0.0, 0.04690627381205559], [0.03333347663283348, 0.046455685049295425], [0.06666712462902069, 0.04600496590137482], [0.09999965131282806, 0.045554086565971375], [0.13333329558372498, 0.045103058218955994], [0.16666677594184875, 0.044651858508586884], [0.20000042021274567, 0.04420052468776703], [0.23333294689655304, 0.04374903813004494], [0.26666659116744995, 0.04329740256071091], [0.30000007152557373, 0.04284559190273285], [0.33333325386047363, 0.042393654584884644], [0.3666667342185974, 0.04194154590368271], [0.3999999165534973, 0.04148929938673973]], "n": [-0.9958867371260517, -0.09060688062408126]}}