{"1": {"phi_c_k": -0.0513056376634601, "abs_cf": 0.7836820534513651, "tip": [65.11487462473679, -6.392764270884684], "cf": [-0.7836820518979266, -4.934373038167905e-05], "kappa_c": 0.0003977815956750262, "k2": [-0.04454149305820465, 0.05335578694939613, 0.02869332954287529, 0.02275191806256771, 0.016751663759350777], "k1": [48.45939254760742, 50.43659591674805, 50.72099304199219, 50.81657028198242, 50.86320877075195], "phi_c": 0.06837361980047509}}