{"cracks": {"0": 1.1077759883205598}, "holes": {"0": 0.2043447308160652}}