{"cracks": {"1": 1.2478033826793402}, "holes": {"0": 0.0008278786931789669}}