{"cracks": {"1": 1.2502705358348378}, "holes": {"0": 0.0009032288088366946}}