{"cracks": {"1": 1.2455671283521283}, "holes": {"0": 0.0004553615397342544}}