{"1": {"phi_c_k": 0.8890958488669166, "abs_cf": 0.7628769795387497, "tip": [32.11914877353444, -6.779627182683663], "cf": [-0.7626557878046896, -0.018369410392665486], "kappa_c": 0.004841020528762314, "k2": [-0.4894466698169708, -0.3615219295024872, -0.384342223405838, -0.38870811462402344, -0.3933681845664978], "k1": [47.67628860473633, 49.70586013793945, 49.99550247192383, 50.091800689697266, 50.138423919677734], "phi_c": 0.8321101345028121}}