{"0": {"phi_c_k": -2.488542320506263, "abs_cf": 0.6086751495885983, "tip": [10.0, 0.0], "cf": [-0.6080281046554319, 0.028058183758496114], "kappa_c": -0.004611348157392881, "k2": [0.9536449909210205, 0.9464455246925354, 0.9574074149131775, 0.9589845538139343, 0.9607025384902954], "k1": [42.202369689941406, 43.813804626464844, 44.035282135009766, 44.11039733886719, 44.14756393432617], "phi_c": -2.64210787284041}}