{"0": {"sI_max": 0.06327212601900101, "pos_max": [8.305601119995117, 16.980588912963867], "s_path": [[0.0, 0.06327212601900101], [0.03333347663283348, 0.06258327513933182], [0.06666712462902069, 0.06189396604895592], [0.09999965131282806, 0.061204198747873306], [0.13333329558372498, 0.060513950884342194], [0.16666677594184875, 0.059823229908943176], [0.20000042021274567, 0.05913203954696655], [0.23333294689655304, 0.058440398424863815], [0.26666659116744995, 0.05774827301502228], [0.30000007152557373, 0.05705566704273224], [0.33333325386047363, 0.056362610310316086], [0.3666667342185974, 0.05566907674074173], [0.3999999165534973, 0.054975077509880066]], "n": [-0.9958867371260517, -0.09060688062408126]}}