{"cracks": {"1": 1.256852726817167}, "holes": {"0": 0.0009572277286709696}}