{"1": {"phi_c_k": -0.42786466852043964, "abs_cf": 0.7722785877856979, "tip": [50.11491394167429, -6.407609560099794], "cf": [-0.7722703218452978, -0.003573114780138553], "kappa_c": -0.0016225002673048215, "k2": [0.08208649605512619, 0.20929460227489471, 0.19092488288879395, 0.18825487792491913, 0.18455903232097626], "k1": [48.03361511230469, 50.03439712524414, 50.32135772705078, 50.417152404785156, 50.46370315551758], "phi_c": -0.2788872527262426}}