{"0": {"phi_c_k": 1.109775583576219, "abs_cf": 0.2936338405288306, "tip": [12.996810885411026, -0.13829142085459162], "cf": [-0.29348592699050613, 0.00931895714305142], "kappa_c": 0.0047904974306063365, "k2": [-0.253256231546402, -0.2871459424495697, -0.2885170578956604, -0.29150351881980896, -0.2935448884963989], "k1": [28.783601760864258, 29.907197952270508, 30.047405242919922, 30.093050003051758, 30.116439819335938], "phi_c": 0.8234258536260242}}