{"0": {"sI_max": 12.22059154510498, "pos_max": [18.22874641418457, 4.8556013107299805], "s_path": [[0.0, 12.22059154510498], [0.03333337604999542, 12.206215858459473], [0.06666669994592667, 12.19184684753418], [0.10000007599592209, 12.177484512329102], [0.13333339989185333, 12.163129806518555], [0.16666677594184875, 12.148781776428223], [0.2000001072883606, 12.134439468383789], [0.23333348333835602, 12.120105743408203], [0.26666679978370667, 12.105777740478516], [0.3000001609325409, 12.09145736694336], [0.33333349227905273, 12.077142715454102], [0.36666685342788696, 12.062835693359375], [0.4000001847743988, 12.048534393310547]], "n": [0.9943194216340858, 0.10643724799738702]}}