{"cracks": {"1": 1.2569821558092675}, "holes": {"0": 0.0009369316017256334}}