{"1": {"phi_c_k": 2.008519187717843, "abs_cf": 0.7427023034667993, "tip": [29.11928581675462, -6.808301919652292], "cf": [-0.7426683760283659, -0.007098931065968372], "kappa_c": 0.010873295832844214, "k2": [-0.942913830280304, -0.831123411655426, -0.860124945640564, -0.8668819665908813, -0.872958242893219], "k1": [47.02981948852539, 49.04245376586914, 49.328006744384766, 49.422550201416016, 49.46833038330078], "phi_c": 1.8689818818574766}}