{"1": {"phi_c_k": -0.1656744510790972, "abs_cf": 0.7863927705538151, "tip": [68.1148746187901, -6.3925753789858675], "cf": [-0.7863926758864963, 0.0003858644594743055], "kappa_c": -0.000184546831717004, "k2": [0.012700170278549194, 0.10369496792554855, 0.07954827696084976, 0.07354649901390076, 0.06761828809976578], "k1": [48.52450942993164, 50.49113082885742, 50.77422332763672, 50.869441986083984, 50.91585922241211], "phi_c": -0.031721263739686104}}