{"0": {"sI_max": 9.719941139221191, "pos_max": [17.511474609375, 8.907318115234375], "s_path": [[0.0, 9.719941139221191], [0.03333370015025139, 9.70375919342041], [0.06666717678308487, 9.687602043151855], [0.10000087320804596, 9.671470642089844], [0.1333324909210205, 9.655365943908691], [0.1666661947965622, 9.639286994934082], [0.19999989867210388, 9.6232328414917], [0.23333337903022766, 9.607205390930176], [0.26666706800460815, 9.591204643249512], [0.30000054836273193, 9.575228691101074], [0.3333342373371124, 9.559277534484863], [0.36666586995124817, 9.543354034423828], [0.39999955892562866, 9.527456283569336]], "n": [0.9731398383850531, 0.23021480175677808]}}