{"0": {"sI_max": 0.04003160446882248, "pos_max": [8.305601119995117, 16.980588912963867], "s_path": [[0.0, 0.04003160446882248], [0.03333347663283348, 0.03955455124378204], [0.06666712462902069, 0.03907686099410057], [0.09999965131282806, 0.03859858959913254], [0.13333329558372498, 0.03811967372894287], [0.16666677594184875, 0.03764014318585396], [0.20000042021274567, 0.0371599942445755], [0.23333294689655304, 0.03667924553155899], [0.26666659116744995, 0.036197859793901443], [0.30000007152557373, 0.03571586310863495], [0.33333325386047363, 0.03523324802517891], [0.3666667342185974, 0.034750018268823624], [0.3999999165534973, 0.03426617011427879]], "n": [-0.9958867371260517, -0.09060688062408126]}}