{"cracks": {"1": 1.265634988570063}, "holes": {"0": 0.0008812954148151084}}