{"1": {"phi_c_k": -0.29700119036325395, "abs_cf": 0.7753355007372593, "tip": [53.114881831731594, -6.393729407898306], "cf": [-0.7753342197590882, -0.0014093878325383002], "kappa_c": -0.0009363182950124371, "k2": [0.03290441632270813, 0.15454363822937012, 0.1344432830810547, 0.1309274435043335, 0.12671607732772827], "k1": [48.133827209472656, 50.13206100463867, 50.41886901855469, 50.51476287841797, 50.561302185058594], "phi_c": -0.16094125975529328}}