{"1": {"phi_c_k": -0.07682584607685924, "abs_cf": 0.794508634449201, "tip": [71.11487425764491, -6.394047408513311], "cf": [-0.7945082513628989, -0.0007802118959716609], "kappa_c": 0.0004908940820020786, "k2": [-0.010155570693314075, 0.06543424725532532, 0.04100215062499046, 0.03428620845079422, 0.02813546173274517], "k1": [48.801918029785156, 50.762123107910156, 51.044857025146484, 51.140419006347656, 51.18718719482422], "phi_c": 0.08437847726000414}}