{"1": {"phi_c_k": -0.46814214053804354, "abs_cf": 0.7707232975707423, "tip": [47.115049151397706, -6.436091836322879], "cf": [-0.7706885611427765, -0.007317317950992219], "kappa_c": -0.001842972114231933, "k2": [0.0946250930428505, 0.22566717863082886, 0.20828981697559357, 0.20583795011043549, 0.2020275890827179], "k1": [47.99374008178711, 49.99937057495117, 50.28693389892578, 50.382930755615234, 50.429683685302734], "phi_c": -0.31678357171737603}}