{"0": {"sI_max": 2.3235552310943604, "pos_max": [17.107486724853516, 10.215089797973633], "s_path": [[0.0, 2.3235552310943604], [0.03333234414458275, 2.324204444885254], [0.06666681170463562, 2.3248538970947266], [0.09999915957450867, 2.3255038261413574], [0.13333362340927124, 2.326153516769409], [0.1666659712791443, 2.326803207397461], [0.2000000923871994, 2.32745361328125], [0.2333327829837799, 2.32810378074646], [0.2666669189929962, 2.328754186630249], [0.2999995946884155, 2.329404830932617], [0.33333373069763184, 2.3300552368164062], [0.36666640639305115, 2.3307063579559326], [0.40000054240226746, 2.33135724067688]], "n": [0.9334645735520805, 0.35866961109527046]}}