{"1": {"phi_c_k": -0.3298252970870624, "abs_cf": 0.8239068254077627, "tip": [74.11487281114219, -6.391101391835295], "cf": [-0.8239055188780071, 0.0014672817927561255], "kappa_c": -0.0009209632736433688, "k2": [0.11655343323945999, 0.17933374643325806, 0.15658916532993317, 0.14984193444252014, 0.14383523166179657], "k1": [49.70431137084961, 51.675418853759766, 51.961273193359375, 52.058738708496094, 52.10685348510742], "phi_c": -0.15830192599895088}}