{"cracks": {"1": 1.2888376432197217}, "holes": {"0": 0.0007714857384598667}}