{"0": {"sI_max": 0.8554990291595459, "pos_max": [16.573970794677734, 11.479110717773438], "s_path": [[0.0, 0.8554990291595459], [0.03333292901515961, 0.8589204549789429], [0.06666626036167145, 0.8623417615890503], [0.09999918937683105, 0.8657625913619995], [0.1333325207233429, 0.8691833019256592], [0.166667178273201, 0.8726038932800293], [0.20000050961971283, 0.8760240077972412], [0.23333343863487244, 0.8794437646865845], [0.2666667699813843, 0.8828633427619934], [0.2999997138977051, 0.8862825632095337], [0.3333330452442169, 0.8897016048431396], [0.3666659891605377, 0.893120288848877], [0.39999932050704956, 0.8965387344360352]], "n": [0.908152941085614, 0.4186385500614455]}}