{"0": {"sI_max": 0.05357935652136803, "pos_max": [8.305601119995117, 16.980588912963867], "s_path": [[0.0, 0.05357935652136803], [0.03333347663283348, 0.053037334233522415], [0.06666712462902069, 0.05249524116516113], [0.09999965131282806, 0.05195306986570358], [0.13333329558372498, 0.05141081660985947], [0.16666677594184875, 0.05086846649646759], [0.20000042021274567, 0.05032604932785034], [0.23333294689655304, 0.049783557653427124], [0.26666659116744995, 0.04924097657203674], [0.30000007152557373, 0.0486983060836792], [0.33333325386047363, 0.04815557971596718], [0.3666667342185974, 0.047612741589546204], [0.3999999165534973, 0.047069840133190155]], "n": [-0.9958867371260517, -0.09060688062408126]}}