{"cracks": {"1": 1.1842936710527165}, "holes": {"0": 0.10714691140754805}}