{"0": {"sI_max": 0.060647398233413696, "pos_max": [8.305601119995117, 16.980588912963867], "s_path": [[0.0, 0.060647398233413696], [0.03333347663283348, 0.06002885848283768], [0.06666712462902069, 0.05941028520464897], [0.09999965131282806, 0.05879170820116997], [0.13333329558372498, 0.05817309394478798], [0.16666677594184875, 0.0575544498860836], [0.20000042021274567, 0.05693577602505684], [0.23333294689655304, 0.05631709098815918], [0.26666659116744995, 0.05569836497306824], [0.30000007152557373, 0.05507960915565491], [0.33333325386047363, 0.054460834711790085], [0.3666667342185974, 0.053842030465602875], [0.3999999165534973, 0.05322320759296417]], "n": [-0.9958867371260517, -0.09060688062408126]}}