{"0": {"sI_max": 0.05843990296125412, "pos_max": [8.305601119995117, 16.980588912963867], "s_path": [[0.0, 0.05843990296125412], [0.03333347663283348, 0.05785653740167618], [0.06666712462902069, 0.057273030281066895], [0.09999965131282806, 0.05668936297297478], [0.13333329558372498, 0.05610553175210953], [0.16666677594184875, 0.05552153289318085], [0.20000042021274567, 0.05493738502264023], [0.23333294689655304, 0.05435308814048767], [0.26666659116744995, 0.053768619894981384], [0.30000007152557373, 0.05318398401141167], [0.33333325386047363, 0.05259920656681061], [0.3666667342185974, 0.05201425403356552], [0.3999999165534973, 0.05142915993928909]], "n": [-0.9958867371260517, -0.09060688062408126]}}