{"1": {"phi_c_k": -0.4269291495136731, "abs_cf": 0.7695129857307582, "tip": [41.1160356598016, -6.543508717270256], "cf": [-0.7693467780644028, -0.015992819957368454], "kappa_c": -0.0017568147311823902, "k2": [0.06750641018152237, 0.20547184348106384, 0.18919984996318817, 0.18749195337295532, 0.18437936902046204], "k1": [47.92226791381836, 49.9378547668457, 50.22665023803711, 50.32286834716797, 50.369625091552734], "phi_c": -0.30197420844948364}}