{"1": {"phi_c_k": -0.25608957516153996, "abs_cf": 0.7783521253587801, "tip": [56.114876875252094, -6.38827607383377], "cf": [-0.7783521217578055, -7.48709038589368e-05], "kappa_c": -0.0005738624880441229, "k2": [0.020314078778028488, 0.13821418583393097, 0.11700158566236496, 0.11313865333795547, 0.10868480801582336], "k1": [48.24677276611328, 50.242557525634766, 50.52927017211914, 50.62519073486328, 50.67188262939453], "phi_c": -0.09863969575741471}}