{"0": {"sI_max": 0.061920229345560074, "pos_max": [8.305601119995117, 16.980588912963867], "s_path": [[0.0, 0.061920229345560074], [0.03333347663283348, 0.06130874529480934], [0.06666712462902069, 0.06069696694612503], [0.09999965131282806, 0.06008489057421684], [0.13333329558372498, 0.059472501277923584], [0.16666677594184875, 0.058859795331954956], [0.20000042021274567, 0.05824679508805275], [0.23333294689655304, 0.05763349309563637], [0.26666659116744995, 0.05701988562941551], [0.30000007152557373, 0.05640595778822899], [0.33333325386047363, 0.055791743099689484], [0.3666667342185974, 0.05517720803618431], [0.3999999165534973, 0.05456237867474556]], "n": [-0.9958867371260517, -0.09060688062408126]}}