{"0": {"sI_max": 0.027258753776550293, "pos_max": [7.7754974365234375, -16.732845306396484], "s_path": [[0.0, 0.027258753776550293], [0.0333334282040596, 0.02808344177901745], [0.0666668564081192, 0.028859540820121765], [0.1000002846121788, 0.02958705462515354], [0.1333337128162384, 0.03026597574353218], [0.1666671484708786, 0.03089631348848343], [0.20000013709068298, 0.031478047370910645], [0.23333288729190826, 0.0320112369954586], [0.26666632294654846, 0.032495807856321335], [0.29999974370002747, 0.032931793481111526], [0.33333316445350647, 0.03331919014453888], [0.3666665852069855, 0.033657997846603394], [0.4000000059604645, 0.03394821658730507]], "n": [-0.9352384035850118, -0.3540185425366287]}}