{"1": {"phi_c_k": -0.2624640154474638, "abs_cf": 0.7702998022140762, "tip": [38.11705389530091, -6.621664818710666], "cf": [-0.7700383533461661, -0.020067876493790493], "kappa_c": -0.0008413014971055629, "k2": [-0.006278409156948328, 0.13370895385742188, 0.117094986140728, 0.11533913761377335, 0.11212188005447388], "k1": [47.94615173339844, 49.96998596191406, 50.259822845458984, 50.35634994506836, 50.40333938598633], "phi_c": -0.1446090752465592}}