{"1": {"phi_c_k": -0.156386115863859, "abs_cf": 0.783520673346243, "tip": [62.114876541377775, -6.389373129144729], "cf": [-0.7835201727702952, 0.0008856765531675137], "kappa_c": -0.00022283471410586056, "k2": [-0.009330582804977894, 0.0978817492723465, 0.07462121546268463, 0.06928128749132156, 0.0636165514588356], "k1": [48.39892578125, 50.38432312011719, 50.669715881347656, 50.765480041503906, 50.812068939208984], "phi_c": -0.03830246594181037}}