{"1": {"phi_c_k": 3.630812094989423, "abs_cf": 0.6956655436505779, "tip": [26.12008353031662, -6.739123563029053], "cf": [-0.6954805630376484, 0.016041666356386486], "kappa_c": 0.019364798818459424, "k2": [-1.5560156106948853, -1.470538854598999, -1.5077866315841675, -1.517830729484558, -1.5257585048675537], "k1": [45.471458435058594, 47.42762756347656, 47.701820373535156, 47.79179763793945, 47.835086822509766], "phi_c": 3.328563730252945}}