{"0": {"sI_max": 0.03744477033615112, "pos_max": [8.305601119995117, 16.980588912963867], "s_path": [[0.0, 0.03744477033615112], [0.03333347663283348, 0.03713257983326912], [0.06666712462902069, 0.03682040423154831], [0.09999965131282806, 0.036508187651634216], [0.13333329558372498, 0.036195963621139526], [0.16666677594184875, 0.035883691161870956], [0.20000042021274567, 0.03557142615318298], [0.23333294689655304, 0.03525912016630173], [0.26666659116744995, 0.034946806728839874], [0.30000007152557373, 0.03463445231318474], [0.33333325386047363, 0.0343221016228199], [0.3666667342185974, 0.03400970250368118], [0.3999999165534973, 0.033697307109832764]], "n": [-0.9958867371260517, -0.09060688062408126]}}