{"0": {"x0": [0, 0], "n0": [1, 0], "da": [10.0, 3.0, 2.573428571428571], "kappa": [0, 0, 0], "dphi": [0, -2.64210787284041, 0.8234258536260242], "is_active": 0, "close_hole": []}}