{"cracks": {"1": 0.8857919138007068}, "holes": {"0": 0.19229718999246262}}