{"0": {"sI_max": 0.050123073160648346, "pos_max": [8.305601119995117, 16.980588912963867], "s_path": [[0.0, 0.050123073160648346], [0.03333347663283348, 0.04952220991253853], [0.06666712462902069, 0.048920780420303345], [0.09999965131282806, 0.04831882566213608], [0.13333329558372498, 0.047716282308101654], [0.16666677594184875, 0.04711320623755455], [0.20000042021274567, 0.04650955647230148], [0.23333294689655304, 0.04590539261698723], [0.26666659116744995, 0.04530063644051552], [0.30000007152557373, 0.04469534754753113], [0.33333325386047363, 0.04408949613571167], [0.3666667342185974, 0.04348309338092804], [0.3999999165534973, 0.042876143008470535]], "n": [-0.9958867371260517, -0.09060688062408126]}}