{"cracks": {"0": 0.7694177738677539}, "holes": {"0": 0.22906477836334585}}