{"0": {"sI_max": 0.061952218413352966, "pos_max": [8.305601119995117, 16.980588912963867], "s_path": [[0.0, 0.061952218413352966], [0.03333347663283348, 0.06135621666908264], [0.06666712462902069, 0.06075982376933098], [0.09999965131282806, 0.06016302481293678], [0.13333329558372498, 0.05956581234931946], [0.16666677594184875, 0.05896817520260811], [0.20000042021274567, 0.05837014690041542], [0.23333294689655304, 0.057771723717451096], [0.26666659116744995, 0.057172879576683044], [0.30000007152557373, 0.056573618203401566], [0.33333325386047363, 0.05597396939992905], [0.3666667342185974, 0.055373892188072205], [0.3999999165534973, 0.05477342754602432]], "n": [-0.9958867371260517, -0.09060688062408126]}}