{"0": {"sI_max": 13.15731430053711, "pos_max": [7.583489418029785, -15.631214141845703], "s_path": [[0.0, 13.15731430053711], [0.0333331860601902, 13.057042121887207], [0.0666668489575386, 12.956883430480957], [0.10000003129243851, 12.856842994689941], [0.133333221077919, 12.756917953491211], [0.1666668802499771, 12.65710735321045], [0.20000006258487701, 12.557415008544922], [0.23333324491977692, 12.45783805847168], [0.266666442155838, 12.358376502990723], [0.3000001013278961, 12.25903034210205], [0.333333283662796, 12.159801483154297], [0.3666664659976959, 12.060687065124512], [0.4000001847743988, 11.961688041687012]], "n": [-0.9989305722543369, 0.046235395700946154]}}