{"1": {"phi_c_k": 5.260816524339213, "abs_cf": 0.5990726073730429, "tip": [23.129957527515575, -6.495923054450137], "cf": [-0.5971008602906522, 0.04856492092960707], "kappa_c": 0.027636508997130296, "k2": [-2.0471434593200684, -1.9891998767852783, -2.0334246158599854, -2.0460078716278076, -2.0550155639648438], "k1": [42.182647705078125, 44.0142822265625, 44.265750885009766, 44.34701156616211, 44.38566970825195], "phi_c": 4.750365978032679}}