{"1": {"phi_c_k": -0.15405196940701754, "abs_cf": 0.7808231704477232, "tip": [59.11487686137287, -6.387987499158814], "cf": [-0.7808230871611954, 0.00036064399955648696], "kappa_c": -0.00018602274562022942, "k2": [-0.016123315319418907, 0.09573044627904892, 0.07298766076564789, 0.0681457594037056, 0.06308334320783615], "k1": [48.31727981567383, 50.30808639526367, 50.594154357910156, 50.69001007080078, 50.73650360107422], "phi_c": -0.0319749546524246}}