{"0": {"sI_max": 0.06290209293365479, "pos_max": [8.305601119995117, 16.980588912963867], "s_path": [[0.0, 0.06290209293365479], [0.03333347663283348, 0.0621301606297493], [0.06666712462902069, 0.06135786324739456], [0.09999965131282806, 0.06058526784181595], [0.13333329558372498, 0.05981229245662689], [0.16666677594184875, 0.05903898924589157], [0.20000042021274567, 0.0582653246819973], [0.23333294689655304, 0.05749135464429855], [0.26666659116744995, 0.05671700835227966], [0.30000007152557373, 0.05594233050942421], [0.33333325386047363, 0.055167317390441895], [0.3666667342185974, 0.054391950368881226], [0.3999999165534973, 0.05361625552177429]], "n": [-0.9958867371260517, -0.09060688062408126]}}