{"0": {"sI_max": 0.04078095778822899, "pos_max": [7.599240779876709, -15.409906387329102], "s_path": [[0.0, 0.04078095778822899], [0.03333309665322304, 0.040517471730709076], [0.06666667014360428, 0.04024696350097656], [0.09999985992908478, 0.039969444274902344], [0.13333342969417572, 0.03968492150306702], [0.16666652262210846, 0.03939339146018028], [0.2000000923871994, 0.03909485042095184], [0.2333332747220993, 0.0387892946600914], [0.26666685938835144, 0.03847672790288925], [0.2999999523162842, 0.03815716132521629], [0.3333335220813751, 0.03783057630062103], [0.366666704416275, 0.037496984004974365], [0.39999979734420776, 0.03715638816356659]], "n": [-0.9957282712086482, 0.0923320633140894]}}