{"cracks": {"1": 1.2591541984488641}, "holes": {"0": 0.0009676158533706501}}