{"1": {"phi_c_k": -0.45896270017662627, "abs_cf": 0.7699992849151714, "tip": [44.11538768763178, -6.481159594173206], "cf": [-0.7699123940291202, -0.011567380439160502], "kappa_c": -0.001920462141359691, "k2": [0.08581726998090744, 0.22056171298027039, 0.2037256956100464, 0.20164242386817932, 0.1983540952205658], "k1": [47.948768615722656, 49.95896911621094, 50.247093200683594, 50.34320831298828, 50.38990783691406], "phi_c": -0.3301031262437004}}