{"0": {"sI_max": 6.812914848327637, "pos_max": [17.107486724853516, 10.215089797973633], "s_path": [[0.0, 6.812914848327637], [0.03333234414458275, 6.803082466125488], [0.06666681170463562, 6.793254375457764], [0.09999915957450867, 6.783430576324463], [0.13333362340927124, 6.7736101150512695], [0.1666659712791443, 6.763794898986816], [0.2000000923871994, 6.753983020782471], [0.2333327829837799, 6.744174957275391], [0.2666669189929962, 6.734372138977051], [0.2999995946884155, 6.724573135375977], [0.33333373069763184, 6.714776992797852], [0.36666640639305115, 6.704985618591309], [0.40000054240226746, 6.695199012756348]], "n": [0.9334645735520805, 0.35866961109527046]}}