{"cracks": {"1": 1.2462037533190324}, "holes": {"0": 0.0006347476661902558}}