{"cracks": {"1": 1.252700410016539}, "holes": {"0": 0.0009760903648908215}}