{"cracks": {"1": 1.240184835615004}, "holes": {"0": 0.03666976612017726}}