{"cracks": {"1": 1.2236762955718123}, "holes": {"0": 0.06823488872006164}}