{"cracks": {"1": 1.2459606386782154}, "holes": {"0": 0.0005806932436276787}}