{"1": {"phi_c_k": 0.20564378986531165, "abs_cf": 0.768931015261915, "tip": [35.11827894101887, -6.707389806729134], "cf": [-0.7686170233793632, -0.021972200690118626], "kappa_c": 0.001499144457464497, "k2": [-0.2038901150226593, -0.06830773502588272, -0.08741980046033859, -0.09032263606786728, -0.09425988793373108], "k1": [47.912540435791016, 49.942893981933594, 50.23350524902344, 50.33039855957031, 50.37759780883789], "phi_c": 0.25768395087943574}}