{"1": {"phi_c_k": 0.0021796033551435283, "abs_cf": 0.943925507325081, "tip": [77.11486805382117, -6.396444041322498], "cf": [-0.9439255034522489, -8.550631480375159e-05], "kappa_c": 0.0006238233251606636, "k2": [0.004178592469543219, 0.03405650705099106, 0.008307693526148796, -0.001058783964253962, -0.008780719712376595], "k1": [53.18190383911133, 55.250694274902344, 55.55702590942383, 55.665035247802734, 55.72079086303711], "phi_c": 0.10722733108056973}}