{"0": {"kappa": [0, 0, 0], "is_active": 0, "da": [10.0, 3.0, 2.573428571428571], "n0": [1, 0], "dphi": [0, -2.64210787284041, 0.8234258536260242], "x0": [0, 0], "close_hole": []}, "1": {"kappa": [0, 0], "is_active": 1, "da": [2.0, 3.0], "n0": [0.9754345907398406, -0.22028926253496706], "dphi": [0, 3.325767221535852], "x0": [18.219374051472816, -5.565353412563797], "close_hole": []}}