{"0": {"sI_max": 0.0572604238986969, "pos_max": [8.305601119995117, 16.980588912963867], "s_path": [[0.0, 0.0572604238986969], [0.03333347663283348, 0.056572552770376205], [0.06666712462902069, 0.05588395893573761], [0.09999965131282806, 0.05519470199942589], [0.13333329558372498, 0.05450471118092537], [0.16666677594184875, 0.05381402745842934], [0.20000042021274567, 0.0531226322054863], [0.23333294689655304, 0.05243056267499924], [0.26666659116744995, 0.051737766712903976], [0.30000007152557373, 0.051044270396232605], [0.33333325386047363, 0.05035007745027542], [0.3666667342185974, 0.049655187875032425], [0.3999999165534973, 0.04895958676934242]], "n": [-0.9958867371260517, -0.09060688062408126]}}