{"1": {"phi_c_k": 3.75832898957456, "abs_cf": 0.3891751480191405, "tip": [20.170243232952497, -6.005931937633731], "cf": [-0.3839490828936505, 0.06356412180502957], "kappa_c": 0.02902279408535214, "k2": [-1.2396841049194336, -1.128868579864502, -1.166939616203308, -1.1763064861297607, -1.1822260618209839], "k1": [34.05011749267578, 35.52695083618164, 35.717063903808594, 35.775569915771484, 35.80196762084961], "phi_c": 3.325767221535852}}