{"cracks": {"1": 1.2546873168241728}, "holes": {"0": 0.0009582225977183615}}