{"0": {"sI_max": 4.332662582397461, "pos_max": [17.107486724853516, 10.215089797973633], "s_path": [[0.0, 4.332662582397461], [0.03333234414458275, 4.329401016235352], [0.06666681170463562, 4.326138496398926], [0.09999915957450867, 4.322876453399658], [0.13333362340927124, 4.319613933563232], [0.1666659712791443, 4.316352367401123], [0.2000000923871994, 4.313089847564697], [0.2333327829837799, 4.30982780456543], [0.2666669189929962, 4.306565284729004], [0.2999995946884155, 4.303303241729736], [0.33333373069763184, 4.3000407218933105], [0.36666640639305115, 4.296778678894043], [0.40000054240226746, 4.293516159057617]], "n": [0.9334645735520805, 0.35866961109527046]}}