{"0": {"sI_max": 9.755731378985333e-13, "pos_max": [8.172749519348145, 17.111072540283203], "s_path": [[0.0, 9.755731378985333e-13], [0.03333370387554169, 9.722558045113794e-13], [0.06666645407676697, 9.68719679125818e-13], [0.10000015795230865, 9.649644364811971e-13], [0.13333290815353394, 9.609906186786032e-13], [0.16666661202907562, 9.567977920371673e-13], [0.1999998390674591, 9.523860649771065e-13], [0.2333335429430008, 9.477553290782037e-13], [0.2666667699813843, 9.429058011808933e-13], [0.30000001192092896, 9.378374812851753e-13], [0.33333325386047363, 9.325502609708325e-13], [0.3666664958000183, 9.270441402378649e-13], [0.4000002145767212, 9.213190106660551e-13]], "n": [-0.9999735817131519, -0.00726882905084606]}}