{"cracks": {"1": 1.2465462751418597}, "holes": {"0": 0.0007255289561110162}}