{"0": {"kappa": [0, 0, 0, 0, 0], "is_active": 1, "da": [10.0, 3.0, 3.0, 3.0, 3.0], "n0": [1, 0], "dphi": [0, -10.374361849244405, 0.10899150694639737, 2.1370161767977933, 6.407030571758004], "x0": [0, 0], "close_hole": []}}