{"cracks": {}, "holes": {"0": 0.23048843160594645, "1": 0.310210465518637, "2": 0.037451929755653965, "3": 0.00037194539557720255}}