{"2": {"phi_c_k": -5.41356011698318, "abs_cf": 0.7034781967326816, "tip": [72.61175792570809, 19.60372450249172], "cf": [-0.7033766897041005, 0.011950132181993922], "kappa_c": -0.03029926846921653, "k2": [-2.4163570404052734, 2.279909133911133, 2.249321222305298, 2.2773807048797607, 2.301880359649658], "k1": [45.25883102416992, 47.84464645385742, 47.87821578979492, 47.95526123046875, 47.99310302734375], "phi_c": -5.208060616859753}}