{"0": {"phi_c_k": -11.36561398221309, "abs_cf": 0.630817217944287, "tip": [10.0, 0.0], "cf": [-0.6205047122266194, 0.1135969390412015], "kappa_c": -0.018106677206260247, "k2": [4.377954006195068, 4.469306468963623, 4.538917541503906, 4.562288761138916, 4.578218460083008], "k1": [42.79816818237305, 44.60775375366211, 44.858070373535156, 44.939453125, 44.97831344604492], "phi_c": -10.374361849244405}}