{"0": {"sI_max": 7.925654888153076, "pos_max": [67.73193359375, -19.874441146850586], "s_path": [[0.0, 7.925654888153076], [0.03333595395088196, 7.900221824645996], [0.06666427850723267, 7.8748064041137695], [0.10000023245811462, 7.849398612976074], [0.133336141705513, 7.824001789093018], [0.1666644662618637, 7.7986249923706055], [0.20000042021274567, 7.773254871368408], [0.23333637416362762, 7.747897624969482], [0.2666647136211395, 7.722558498382568], [0.3000006675720215, 7.697226047515869], [0.33333662152290344, 7.6719069480896], [0.36666494607925415, 7.6466064453125], [0.40000084042549133, 7.621311187744141]], "n": [0.999677415996098, -0.025398109129699913]}, "1": {"sI_max": 0.02716919779777527, "pos_max": [59.821407318115234, 4.665163993835449], "s_path": [[0.0, 0.02716919779777527], [0.03333238884806633, 0.027060020714998245], [0.06666729599237442, 0.026948129758238792], [0.09999968856573105, 0.026833603158593178], [0.1333342343568802, 0.026716366410255432], [0.16666662693023682, 0.02659648470580578], [0.19999901950359344, 0.02647393010556698], [0.23333393037319183, 0.026348665356636047], [0.26666632294654846, 0.026220757514238358], [0.30000123381614685, 0.026090143248438835], [0.3333336114883423, 0.025956884026527405], [0.36666563153266907, 0.02582095004618168], [0.40000054240226746, 0.02568230964243412]], "n": [0.6587671693082414, -0.7523468725538817]}, "2": {"sI_max": 1.4894723892211914, "pos_max": [32.754981994628906, -16.159685134887695], "s_path": [[0.0, 1.4894723892211914], [0.03333365172147751, 1.4807908535003662], [0.06666585803031921, 1.472090482711792], [0.09999950975179672, 1.4633705615997314], [0.13333316147327423, 1.4546314477920532], [0.1666671335697174, 1.4458727836608887], [0.19999989867210388, 1.4370954036712646], [0.2333335429430008, 1.4282987117767334], [0.26666662096977234, 1.419482707977295], [0.30000028014183044, 1.4106475114822388], [0.33333393931388855, 1.4017932415008545], [0.36666613817214966, 1.392919659614563], [0.39999979734420776, 1.3840267658233643]], "n": [0.3780735700478559, 0.9257755535934555]}, "3": {"sI_max": 0.035398438572883606, "pos_max": [41.71266174316406, 1.6513924598693848], "s_path": [[0.0, 0.035398438572883606], [0.03333417698740959, 0.03482542186975479], [0.06666835397481918, 0.034240953624248505], [0.09999880194664001, 0.03364510089159012], [0.1333329826593399, 0.033037733286619186], [0.1666671633720398, 0.03241892158985138], [0.20000135898590088, 0.0317886583507061], [0.2333318144083023, 0.03114701621234417], [0.2666659951210022, 0.030493851751089096], [0.3000001609325409, 0.029829241335392], [0.3333343267440796, 0.029153181239962578], [0.3666684925556183, 0.027583179995417595], [0.3999989330768585, 0.026716141030192375]], "n": [0.9775283281173673, -0.2108040979868862]}}