{"0": {"sI_max": 16.17340850830078, "pos_max": [67.73193359375, -19.874441146850586], "s_path": [[0.0, 16.17340850830078], [0.03333595395088196, 16.120126724243164], [0.06666427850723267, 16.066837310791016], [0.10000023245811462, 16.01350975036621], [0.133336141705513, 15.960163116455078], [0.1666644662618637, 15.906805038452148], [0.20000042021274567, 15.853410720825195], [0.23333637416362762, 15.799993515014648], [0.2666647136211395, 15.746567726135254], [0.3000006675720215, 15.693105697631836], [0.33333662152290344, 15.63962173461914], [0.36666494607925415, 15.586126327514648], [0.40000084042549133, 15.532599449157715]], "n": [0.999677415996098, -0.025398109129699913]}, "1": {"sI_max": 14.744401931762695, "pos_max": [67.74012756347656, 15.43704605102539], "s_path": [[0.0, 14.744401931762695], [0.03333503007888794, 14.711148262023926], [0.06667006760835648, 14.677858352661133], [0.09999746829271317, 14.644539833068848], [0.1333324909210205, 14.611177444458008], [0.16666752099990845, 14.577776908874512], [0.20000256597995758, 14.544341087341309], [0.23332996666431427, 14.51087760925293], [0.266664981842041, 14.477367401123047], [0.30000001192092896, 14.443821907043457], [0.3333350419998169, 14.410239219665527], [0.36667007207870483, 14.376619338989258], [0.3999974727630615, 14.342971801757812]], "n": [0.9999337752867574, -0.011508476909331732]}, "2": {"sI_max": 12.103269577026367, "pos_max": [35.33110809326172, -19.094661712646484], "s_path": [[0.0, 12.103269577026367], [0.03333468735218048, 12.072273254394531], [0.06666594743728638, 12.041290283203125], [0.10000063478946686, 12.010316848754883], [0.1333315670490265, 11.97935676574707], [0.16666658222675323, 11.948404312133789], [0.20000126957893372, 11.917463302612305], [0.23333220183849335, 11.886537551879883], [0.2666672170162201, 11.855619430541992], [0.29999813437461853, 11.824714660644531], [0.3333328366279602, 11.793819427490234], [0.36666786670684814, 11.762935638427734], [0.3999987840652466, 11.732065200805664]], "n": [0.9850628481180064, 0.17219519522228682]}, "3": {"sI_max": 18.699312210083008, "pos_max": [41.66553497314453, 1.4285047054290771], "s_path": [[0.0, 18.699312210083008], [0.03333313763141632, 18.640766143798828], [0.06666624546051025, 18.582256317138672], [0.09999938309192657, 18.523784637451172], [0.1333324909210205, 18.465347290039062], [0.16666562855243683, 18.406944274902344], [0.19999873638153076, 18.34857940673828], [0.23333187401294708, 18.290252685546875], [0.2666650116443634, 18.23196029663086], [0.3000018298625946, 18.173696517944336], [0.3333349823951721, 18.115474700927734], [0.36666810512542725, 18.057292938232422], [0.40000125765800476, 17.999143600463867]], "n": [0.9721819621861025, -0.23422688231708036]}}