{"1": {"phi_c_k": 1.2557392447475941, "abs_cf": 0.6608522816881689, "tip": [43.844040980627064, 2.130199774537528], "cf": [-0.6562617687139038, 0.07775750212653065], "kappa_c": 0.008211389304408961, "k2": [-0.42059391736984253, -0.5389138460159302, -0.5163971185684204, -0.5117620825767517, -0.5068313479423523], "k1": [44.53017044067383, 46.34779739379883, 46.602935791015625, 46.68738555908203, 46.72801208496094], "phi_c": 0.9409559021629965}}