{"0": {"sI_max": 16.470565795898438, "pos_max": [67.73193359375, -19.874441146850586], "s_path": [[0.0, 16.470565795898438], [0.03333595395088196, 16.414567947387695], [0.06666427850723267, 16.358619689941406], [0.10000023245811462, 16.302692413330078], [0.133336141705513, 16.246803283691406], [0.1666644662618637, 16.190961837768555], [0.20000042021274567, 16.135141372680664], [0.23333637416362762, 16.07935905456543], [0.2666647136211395, 16.023624420166016], [0.3000006675720215, 15.967911720275879], [0.33333662152290344, 15.912235260009766], [0.36666494607925415, 15.856606483459473], [0.40000084042549133, 15.801000595092773]], "n": [0.999677415996098, -0.025398109129699913]}, "1": {"sI_max": 14.638578414916992, "pos_max": [67.74012756347656, 15.43704605102539], "s_path": [[0.0, 14.638578414916992], [0.03333503007888794, 14.603743553161621], [0.06667006760835648, 14.568929672241211], [0.09999746829271317, 14.534144401550293], [0.1333324909210205, 14.499372482299805], [0.16666752099990845, 14.464624404907227], [0.20000256597995758, 14.429895401000977], [0.23332996666431427, 14.395196914672852], [0.266664981842041, 14.360512733459473], [0.30000001192092896, 14.325848579406738], [0.3333350419998169, 14.291208267211914], [0.36667007207870483, 14.256587982177734], [0.3999974727630615, 14.221997261047363]], "n": [0.9999337752867574, -0.011508476909331732]}, "2": {"sI_max": 18.17848014831543, "pos_max": [12.258844375610352, -16.785964965820312], "s_path": [[0.0, 18.17848014831543], [0.03333335742354393, 18.084638595581055], [0.06666639447212219, 17.990798950195312], [0.09999975562095642, 17.896955490112305], [0.13333311676979065, 17.80310821533203], [0.1666661500930786, 17.70926284790039], [0.20000045001506805, 17.615407943725586], [0.23333381116390228, 17.52155303955078], [0.26666685938835144, 17.427698135375977], [0.30000022053718567, 17.333839416503906], [0.3333335816860199, 17.239978790283203], [0.36666661500930786, 17.1461181640625], [0.3999999761581421, 17.0522518157959]], "n": [-0.985653416138962, 0.1687819399509152]}, "3": {"sI_max": 17.986919403076172, "pos_max": [41.89128875732422, 2.785240650177002], "s_path": [[0.0, 17.986919403076172], [0.03333299234509468, 17.939367294311523], [0.06666598469018936, 17.891902923583984], [0.09999897330999374, 17.844520568847656], [0.13333198428153992, 17.797225952148438], [0.1666649729013443, 17.750017166137695], [0.2000017613172531, 17.70288848876953], [0.2333347499370575, 17.65584945678711], [0.26666775345802307, 17.60890007019043], [0.30000075697898865, 17.56203269958496], [0.3333337604999542, 17.5152530670166], [0.3666667640209198, 17.46855926513672], [0.3999997675418854, 17.42194938659668]], "n": [0.9956461870355643, -0.09321303686471102]}}