{"0": {"phi_c_k": 0.20525204054150661, "abs_cf": 0.6585796652431711, "tip": [12.950956447806192, -0.5402370249724266], "cf": [-0.648037732172213, 0.11736384942946643], "kappa_c": 0.0006340868843083017, "k2": [0.061300091445446014, -0.09960394352674484, -0.08428539335727692, -0.0834323912858963, -0.08036200702190399], "k1": [44.36844253540039, 46.23250961303711, 46.49376678466797, 46.579689025878906, 46.62104415893555], "phi_c": 0.10899150694639737}}