{"0": {"phi_c_k": 6.334972654801586, "abs_cf": 0.5424650255952009, "tip": [18.87279665206808, -1.499033041084846], "cf": [-0.5422202383073795, 0.01629469741635603], "kappa_c": 0.037274592917704, "k2": [-2.1992862224578857, -2.3040924072265625, -2.3308346271514893, -2.3394763469696045, -2.343930959701538], "k1": [40.061038970947266, 41.71415710449219, 41.942405700683594, 42.01608657836914, 42.051002502441406], "phi_c": 6.407030571758004}}