{"0": {"sI_max": 12.74113941192627, "pos_max": [67.73193359375, -19.874441146850586], "s_path": [[0.0, 12.74113941192627], [0.03333595395088196, 12.698657989501953], [0.06666427850723267, 12.656153678894043], [0.10000023245811462, 12.613603591918945], [0.133336141705513, 12.57102108001709], [0.1666644662618637, 12.528412818908691], [0.20000042021274567, 12.485761642456055], [0.23333637416362762, 12.443077087402344], [0.2666647136211395, 12.40036678314209], [0.3000006675720215, 12.357612609863281], [0.33333662152290344, 12.314825057983398], [0.36666494607925415, 12.272012710571289], [0.40000084042549133, 12.229156494140625]], "n": [0.999677415996098, -0.025398109129699913]}, "1": {"sI_max": 11.963237762451172, "pos_max": [67.55963134765625, 14.002323150634766], "s_path": [[0.0, 11.963237762451172], [0.033330440521240234, 11.945672988891602], [0.06666851788759232, 11.928171157836914], [0.09999895840883255, 11.910738945007324], [0.13333703577518463, 11.893369674682617], [0.16666747629642487, 11.876069068908691], [0.1999979168176651, 11.858835220336914], [0.23333598673343658, 11.841663360595703], [0.2666664123535156, 11.824562072753906], [0.29999685287475586, 11.807527542114258], [0.33333492279052734, 11.79055404663086], [0.3666653633117676, 11.773652076721191], [0.40000343322753906, 11.756810188293457]], "n": [0.9712322929093483, -0.23813406562281192]}, "2": {"sI_max": 1.810207486152649, "pos_max": [32.754981994628906, -16.159685134887695], "s_path": [[0.0, 1.810207486152649], [0.03333365172147751, 1.8044462203979492], [0.06666585803031921, 1.7985906600952148], [0.09999950975179672, 1.7926400899887085], [0.13333316147327423, 1.7865946292877197], [0.1666671335697174, 1.7804546356201172], [0.19999989867210388, 1.7742197513580322], [0.2333335429430008, 1.7678899765014648], [0.26666662096977234, 1.7614659070968628], [0.30000028014183044, 1.7549464702606201], [0.33333393931388855, 1.7483326196670532], [0.36666613817214966, 1.741624355316162], [0.39999979734420776, 1.73482084274292]], "n": [0.3780735700478559, 0.9257755535934555]}, "3": {"sI_max": 0.055283669382333755, "pos_max": [41.71266174316406, 1.6513924598693848], "s_path": [[0.0, 0.055283669382333755], [0.03333417698740959, 0.05480226129293442], [0.06666835397481918, 0.054274119436740875], [0.09999880194664001, 0.053699299693107605], [0.1333329826593399, 0.05307769402861595], [0.1666671633720398, 0.05240935459733009], [0.20000135898590088, 0.05169428512454033], [0.2333318144083023, 0.05093256011605263], [0.2666659951210022, 0.05012402683496475], [0.3000001609325409, 0.049268756061792374], [0.3333343267440796, 0.04836675897240639], [0.3666684925556183, 0.04598292335867882], [0.3999989330768585, 0.04507698118686676]], "n": [0.9775283281173673, -0.2108040979868862]}}