{"cracks": {}, "holes": {"0": 0.2886215026483345, "1": 0.23313950775392475, "2": 0.1387710043943227, "3": 0.3220461117819017}}