{"0": {"sI_max": 10.582996368408203, "pos_max": [67.73193359375, -19.874441146850586], "s_path": [[0.0, 10.582996368408203], [0.03333595395088196, 10.547918319702148], [0.06666427850723267, 10.512832641601562], [0.10000023245811462, 10.47772216796875], [0.133336141705513, 10.442595481872559], [0.1666644662618637, 10.407458305358887], [0.20000042021274567, 10.372297286987305], [0.23333637416362762, 10.337118148803711], [0.2666647136211395, 10.301932334899902], [0.3000006675720215, 10.266718864440918], [0.33333662152290344, 10.231490135192871], [0.36666494607925415, 10.196250915527344], [0.40000084042549133, 10.160988807678223]], "n": [0.999677415996098, -0.025398109129699913]}, "1": {"sI_max": 3.2073111534118652, "pos_max": [67.19429779052734, 12.672572135925293], "s_path": [[0.0, 3.2073111534118652], [0.033330801874399185, 3.2194671630859375], [0.06666889786720276, 3.231605291366577], [0.09999969601631165, 3.2437198162078857], [0.13333077728748322, 3.255812644958496], [0.1666688770055771, 3.2678885459899902], [0.19999967515468597, 3.279939889907837], [0.23333047330379486, 3.2919702529907227], [0.26666855812072754, 3.303982734680176], [0.2999993562698364, 3.3159711360931396], [0.3333301544189453, 3.3279387950897217], [0.3666685223579407, 3.339888572692871], [0.39999932050704956, 3.3518142700195312]], "n": [0.9565753434321813, -0.29148518373599047]}, "2": {"sI_max": 1.704146146774292, "pos_max": [32.754981994628906, -16.159685134887695], "s_path": [[0.0, 1.704146146774292], [0.03333365172147751, 1.696441650390625], [0.06666585803031921, 1.6886858940124512], [0.09999950975179672, 1.6808781623840332], [0.13333316147327423, 1.6730186939239502], [0.1666671335697174, 1.6651074886322021], [0.19999989867210388, 1.6571450233459473], [0.2333335429430008, 1.6491305828094482], [0.26666662096977234, 1.6410646438598633], [0.30000028014183044, 1.6329469680786133], [0.33333393931388855, 1.6247775554656982], [0.36666613817214966, 1.6165568828582764], [0.39999979734420776, 1.6082842350006104]], "n": [0.3780735700478559, 0.9257755535934555]}, "3": {"sI_max": 0.04222491756081581, "pos_max": [41.71266174316406, 1.6513924598693848], "s_path": [[0.0, 0.04222491756081581], [0.03333417698740959, 0.04196472465991974], [0.06666835397481918, 0.04163432866334915], [0.09999880194664001, 0.041233766824007034], [0.1333329826593399, 0.040762968361377716], [0.1666671633720398, 0.04022195562720299], [0.20000135898590088, 0.03961074352264404], [0.2333318144083023, 0.038929395377635956], [0.2666659951210022, 0.03817778080701828], [0.3000001609325409, 0.03735595569014549], [0.3333343267440796, 0.03516432270407677], [0.3666684925556183, 0.03389056771993637], [0.3999989330768585, 0.032622769474983215]], "n": [0.9775283281173673, -0.2108040979868862]}}