{"0": {"sI_max": 16.244747161865234, "pos_max": [67.71586608886719, -17.149776458740234], "s_path": [[0.0, 16.244747161865234], [0.03333059698343277, 16.19509506225586], [0.06666871905326843, 16.14542579650879], [0.0999993160367012, 16.095766067504883], [0.13332991302013397, 16.046100616455078], [0.16666802763938904, 15.996421813964844], [0.1999986171722412, 15.946749687194824], [0.23333683609962463, 15.897063255310059], [0.2666674256324768, 15.847384452819824], [0.2999979257583618, 15.797700881958008], [0.33333614468574524, 15.748003005981445], [0.3666667342185974, 15.698312759399414], [0.3999972343444824, 15.6486177444458]], "n": [0.9986945430900743, 0.051080422884973276]}, "1": {"sI_max": 14.725536346435547, "pos_max": [48.91651916503906, 7.895450592041016], "s_path": [[0.0, 14.725536346435547], [0.033334337174892426, 14.708845138549805], [0.06666482985019684, 14.692167282104492], [0.09999916702508926, 14.675498962402344], [0.13333344459533691, 14.65884017944336], [0.16666777431964874, 14.642193794250488], [0.19999833405017853, 14.625560760498047], [0.23333260416984558, 14.60893440246582], [0.2666669487953186, 14.592321395874023], [0.30000123381614685, 14.57571792602539], [0.33333179354667664, 14.559128761291504], [0.3666660785675049, 14.542547225952148], [0.4000004231929779, 14.525978088378906]], "n": [-0.9907999275793627, 0.1353347830704635]}, "2": {"sI_max": 7.486083030700684, "pos_max": [35.170379638671875, -24.496707916259766], "s_path": [[0.0, 7.486083030700684], [0.033333584666252136, 7.4747700691223145], [0.06666716933250427, 7.463400840759277], [0.10000075399875641, 7.451976776123047], [0.13333433866500854, 7.440496444702148], [0.16666792333126068, 7.42896032333374], [0.20000150799751282, 7.417368412017822], [0.23333150148391724, 7.405722141265869], [0.26666510105133057, 7.39401912689209], [0.2999987006187439, 7.382260322570801], [0.3333323001861572, 7.370445251464844], [0.36666589975357056, 7.358574867248535], [0.3999994993209839, 7.346649169921875]], "n": [0.9397802580485128, -0.3417792658753169]}, "3": {"sI_max": 11.895050048828125, "pos_max": [41.83152770996094, 7.459784030914307], "s_path": [[0.0, 11.895050048828125], [0.03333507105708122, 11.889547348022461], [0.0666663646697998, 11.884057998657227], [0.1000015065073967, 11.878582000732422], [0.13333280384540558, 11.873119354248047], [0.1666678786277771, 11.867668151855469], [0.19999916851520538, 11.862231254577637], [0.23333430290222168, 11.856805801391602], [0.26666560769081116, 11.851395606994629], [0.3000006675720215, 11.845995903015137], [0.33333197236061096, 11.840611457824707], [0.36666712164878845, 11.835238456726074], [0.39999842643737793, 11.829877853393555]], "n": [0.9895174053014323, 0.14441365796046085]}}