{"2": {"phi_c_k": -9.183411117735721, "abs_cf": 0.48970084400804825, "tip": [69.61994817920574, 19.382196985615156], "cf": [-0.4883639193245699, -0.0361607373284869], "kappa_c": -0.07221074802327074, "k2": [-0.22002951800823212, 3.255498170852661, 3.221660852432251, 3.2535669803619385, 3.2781810760498047], "k1": [35.528316497802734, 39.899078369140625, 39.927371978759766, 39.988792419433594, 40.01725769042969], "phi_c": -8.27474219443213}}