{"1": {"phi_c_k": 5.141196955551473, "abs_cf": 1.0260410311177213, "tip": [46.82320192278555, 1.7772124083084373], "cf": [-1.025337294131532, 0.03799514179661401], "kappa_c": 0.0269654555845466, "k2": [-2.371274471282959, -2.5805232524871826, -2.595014810562134, -2.6039843559265137, -2.60691499710083], "k1": [55.05836868286133, 57.306556701660156, 57.646541595458984, 57.76715087890625, 57.8301887512207], "phi_c": 4.635020392925989}}