{"2": {"phi_c_k": 1.3207539122703686, "abs_cf": 0.7688385890556543, "tip": [75.61132504649854, 19.5527628711114], "cf": [-0.7688023445894601, 0.007465318133768051], "kappa_c": 0.0024260036582584884, "k2": [1.7082083225250244, -0.6602493524551392, -0.5973005294799805, -0.5784223079681396, -0.5603477954864502], "k1": [37.659820556640625, 49.863033294677734, 50.08916473388672, 50.169654846191406, 50.210575103759766], "phi_c": 0.41699931210452845}}