{"0": {"phi_c_k": 10.682497242221679, "abs_cf": 0.5190949067574027, "tip": [21.871442902372127, -1.5891477764918553], "cf": [-0.5127344824016973, -0.08101155953158923], "kappa_c": 0.06224880411143933, "k2": [-1.8898396492004395, -3.795830011367798, -3.8568215370178223, -3.8736836910247803, -3.885343313217163], "k1": [38.26630783081055, 40.42375946044922, 40.63850784301758, 40.7083854675293, 40.74211883544922], "phi_c": 10.69978126596624}}