{"cracks": {"1": 1.1542804993351927}, "holes": {"0": 0.25464857923253426, "1": 0.23173388702167413, "2": 0.11771668675536694, "3": 0.1874444761135592}}