{"cracks": {"2": 1.2450212048456974}, "holes": {"0": 0.12420255404314713, "1": 0.0004250236128203021, "2": 0.023217126166641785, "3": 0.0005399444399331628}}