{"cracks": {"0": 1.0457913210039078}, "holes": {"0": 0.2534080807667186, "1": 0.2315045119785205, "2": 0.18991873027508974, "3": 0.2930823487924251}}