{"cracks": {"1": 1.4382736565495586}, "holes": {"0": 0.25304017385894784, "1": 0.3571923376839755, "2": 0.08128271496545227, "3": 0.035814085554782736}}