{"cracks": {"0": 1.1522940523805347}, "holes": {"0": 0.25767804121183874, "1": 0.23192385505734256, "2": 0.2550864460980491, "3": 0.2813440648835708}}