{"cracks": {"0": 1.1091613262305413}, "holes": {"0": 0.2535784851301337, "1": 0.23183539026155614, "2": 0.21527609241809362, "3": 0.29155555895841534}}