{"0": {"sI_max": 2.857696718150393e-13, "pos_max": [60.394493103027344, -27.965370178222656], "s_path": [[0.0, 2.857696718150393e-13], [0.033331699669361115, 2.8561072777655294e-13], [0.06666707247495651, 2.8546018630490333e-13], [0.09999877214431763, 2.853180474000905e-13], [0.13333414494991302, 2.85184365272223e-13], [0.16666583716869354, 2.8505916702635525e-13], [0.19999960064888, 2.8494234424226994e-13], [0.23333290219306946, 2.8483400534018433e-13], [0.2666666805744171, 2.847340690049355e-13], [0.29999998211860657, 2.846425623415777e-13], [0.3333337604999542, 2.8455956666527393e-13], [0.3666670620441437, 2.84484892240644e-13], [0.40000084042549133, 2.844187559081224e-13]], "n": [0.542732304366825, -0.8399057362565612]}, "1": {"sI_max": 3.2116849327593067e-13, "pos_max": [53.02900314331055, 19.797122955322266], "s_path": [[0.0, 3.2116849327593067e-13], [0.03333267569541931, 3.1817601396470774e-13], [0.06666690111160278, 3.151774360162646e-13], [0.0999995768070221, 3.1217262390532963e-13], [0.1333322525024414, 3.091616589470658e-13], [0.16666775941848755, 3.061443785111473e-13], [0.1999991536140442, 3.0312124338349733e-13], [0.23333466053009033, 3.0009163014786677e-13], [0.26666733622550964, 2.970559724851246e-13], [0.2999987304210663, 2.9401435171043377e-13], [0.3333342373371124, 2.9096622572270803e-13], [0.36666691303253174, 2.8791205530787067e-13], [0.39999958872795105, 2.8485173204570446e-13]], "n": [-0.7409320220014761, 0.6715800315471002]}, "2": {"sI_max": 3.5307022062947e-13, "pos_max": [20.267780303955078, -14.294156074523926], "s_path": [[0.0, 3.5307022062947e-13], [0.03333340585231781, 3.497742189200598e-13], [0.06666681170463562, 3.464478053397113e-13], [0.10000000149011612, 3.4309106120358757e-13], [0.13333339989185333, 3.3970395940663423e-13], [0.16666680574417114, 3.36286472843797e-13], [0.20000021159648895, 3.3283865572518445e-13], [0.23333361744880676, 3.2936048094574233e-13], [0.26666614413261414, 3.2585205692568786e-13], [0.30000022053718567, 3.2231311261447793e-13], [0.3333336114883423, 3.18743864852547e-13], [0.3666670024394989, 3.151442594297865e-13], [0.3999995291233063, 3.11514431871468e-13]], "n": [0.3538038862547483, 0.9353196298972011]}, "3": {"sI_max": 3.5174760239925495e-13, "pos_max": [23.069625854492188, 21.14242935180664], "s_path": [[0.0, 3.5174760239925495e-13], [0.03333374857902527, 3.5009511565806117e-13], [0.0666675865650177, 3.4841866804885546e-13], [0.09999942779541016, 3.467186661474525e-13], [0.13333317637443542, 3.4499481179825486e-13], [0.1666669249534607, 3.4324710500126254e-13], [0.20000076293945312, 3.4147559996658416e-13], [0.23333260416984558, 3.396804322194913e-13], [0.26666635274887085, 3.3786141202460374e-13], [0.3000001907348633, 3.360185393819215e-13], [0.33333393931388855, 3.3415192271166183e-13], [0.366665780544281, 3.32261670434042e-13], [0.39999961853027344, 3.303474572884102e-13]], "n": [0.04722378191278353, 0.9988843348565708]}}