{"0": {"sI_max": 14.773629188537598, "pos_max": [67.6399917602539, -20.67219352722168], "s_path": [[0.0, 14.773629188537598], [0.03333048149943352, 14.693754196166992], [0.0666678175330162, 14.614097595214844], [0.09999829530715942, 14.53467845916748], [0.1333356350660324, 14.45547866821289], [0.16666612029075623, 14.376518249511719], [0.19999660551548004, 14.297785758972168], [0.23333394527435303, 14.219270706176758], [0.26666441559791565, 14.140995025634766], [0.30000224709510803, 14.062932968139648], [0.33333221077919006, 13.969914436340332], [0.36667004227638245, 13.864370346069336], [0.4000000059604645, 13.758705139160156]], "n": [0.9646027914025964, -0.26370713835298265]}, "1": {"sI_max": 19.859539031982422, "pos_max": [67.66938018798828, 18.94942855834961], "s_path": [[0.0, 19.859539031982422], [0.03333060070872307, 19.763822555541992], [0.06666906177997589, 19.668685913085938], [0.09999966621398926, 19.574176788330078], [0.13333027064800262, 19.480268478393555], [0.16666872799396515, 19.386940002441406], [0.19999933242797852, 19.294239044189453], [0.23333033919334412, 19.202133178710938], [0.2666683793067932, 19.110624313354492], [0.2999989688396454, 19.019733428955078], [0.333329975605011, 18.92943572998047], [0.3666680157184601, 18.83973503112793], [0.39999860525131226, 18.750652313232422]], "n": [0.976260255864593, 0.2166008144472208]}, "2": {"sI_max": 2.406998872756958, "pos_max": [32.12482452392578, -15.923346519470215], "s_path": [[0.0, 2.406998872756958], [0.033333707600831985, 2.3908631801605225], [0.06666678190231323, 2.3746838569641113], [0.09999954700469971, 2.358461856842041], [0.1333332508802414, 2.342195987701416], [0.16666695475578308, 2.3258862495422363], [0.20000003278255463, 2.30953311920166], [0.2333337366580963, 2.2931368350982666], [0.2666665017604828, 2.2766976356506348], [0.29999956488609314, 2.26021409034729], [0.333333283662796, 2.243687391281128], [0.3666670024394989, 2.2271170616149902], [0.4000007212162018, 2.210503578186035]], "n": [0.1661350008208155, 0.9861030176925064]}, "3": {"sI_max": 0.024350140243768692, "pos_max": [41.090938568115234, 9.696697235107422], "s_path": [[0.0, 0.024350140243768692], [0.03333456069231033, 0.023968230932950974], [0.06666579842567444, 0.023586787283420563], [0.10000035911798477, 0.023205727338790894], [0.1333349198102951, 0.02282509207725525], [0.1666661649942398, 0.022444922477006912], [0.20000025629997253, 0.022065140306949615], [0.23333480954170227, 0.021685779094696045], [0.266666054725647, 0.021306883543729782], [0.3000006079673767, 0.02092837169766426], [0.3333318531513214, 0.020550325512886047], [0.36666640639305115, 0.020172661170363426], [0.4000009596347809, 0.01979542337357998]], "n": [0.8703969205725577, 0.4923506886943582]}}