{"0": {"sI_max": 16.44997787475586, "pos_max": [67.73193359375, -19.874441146850586], "s_path": [[0.0, 16.44997787475586], [0.03333595395088196, 16.393760681152344], [0.06666427850723267, 16.33759307861328], [0.10000023245811462, 16.281457901000977], [0.133336141705513, 16.225364685058594], [0.1666644662618637, 16.169326782226562], [0.20000042021274567, 16.11331558227539], [0.23333637416362762, 16.057348251342773], [0.2666647136211395, 16.001434326171875], [0.3000006675720215, 15.945549011230469], [0.33333662152290344, 15.889705657958984], [0.36666494607925415, 15.833918571472168], [0.40000084042549133, 15.778160095214844]], "n": [0.999677415996098, -0.025398109129699913]}, "1": {"sI_max": 14.77729606628418, "pos_max": [67.74012756347656, 15.43704605102539], "s_path": [[0.0, 14.77729606628418], [0.03333503007888794, 14.74087905883789], [0.06667006760835648, 14.704487800598145], [0.09999746829271317, 14.668128967285156], [0.1333324909210205, 14.631787300109863], [0.16666752099990845, 14.59547233581543], [0.20000256597995758, 14.559181213378906], [0.23332996666431427, 14.522923469543457], [0.266664981842041, 14.48668384552002], [0.30000001192092896, 14.450469017028809], [0.3333350419998169, 14.41427993774414], [0.36667007207870483, 14.378114700317383], [0.3999974727630615, 14.341983795166016]], "n": [0.9999337752867574, -0.011508476909331732]}, "2": {"sI_max": 16.332927703857422, "pos_max": [12.258844375610352, -16.785964965820312], "s_path": [[0.0, 16.332927703857422], [0.03333335742354393, 16.253273010253906], [0.06666639447212219, 16.17361831665039], [0.09999975562095642, 16.09396743774414], [0.13333311676979065, 16.014312744140625], [0.1666661500930786, 15.934661865234375], [0.20000045001506805, 15.855010986328125], [0.23333381116390228, 15.775361061096191], [0.26666685938835144, 15.695713996887207], [0.30000022053718567, 15.616065979003906], [0.3333335816860199, 15.536419868469238], [0.36666661500930786, 15.45677375793457], [0.3999999761581421, 15.377130508422852]], "n": [-0.985653416138962, 0.1687819399509152]}, "3": {"sI_max": 17.92815399169922, "pos_max": [41.89128875732422, 2.785240650177002], "s_path": [[0.0, 17.92815399169922], [0.03333299234509468, 17.883028030395508], [0.06666598469018936, 17.837860107421875], [0.09999897330999374, 17.79264259338379], [0.13333198428153992, 17.74738311767578], [0.1666649729013443, 17.702075958251953], [0.2000017613172531, 17.65671730041504], [0.2333347499370575, 17.611318588256836], [0.26666775345802307, 17.565874099731445], [0.30000075697898865, 17.5203857421875], [0.3333337604999542, 17.474849700927734], [0.3666667640209198, 17.429269790649414], [0.3999997675418854, 17.383642196655273]], "n": [0.9956461870355643, -0.09321303686471102]}}