{"0": {"sI_max": 18.495141983032227, "pos_max": [67.69589233398438, -16.702503204345703], "s_path": [[0.0, 18.495141983032227], [0.03332981839776039, 18.397327423095703], [0.06666720658540726, 18.299983978271484], [0.09999702870845795, 18.20315933227539], [0.13333441317081451, 18.10680389404297], [0.1666642278432846, 18.01096534729004], [0.20000161230564117, 17.915599822998047], [0.23333142697811127, 17.82251739501953], [0.26666882634162903, 17.734909057617188], [0.2999986410140991, 17.64760971069336], [0.3333360254764557, 17.56058120727539], [0.3666658401489258, 17.473859786987305], [0.40000322461128235, 17.387409210205078]], "n": [0.9925380548623894, 0.12193526827782138]}, "1": {"sI_max": 14.870675086975098, "pos_max": [67.62896728515625, 19.089014053344727], "s_path": [[0.0, 14.870675086975098], [0.03333226963877678, 14.826594352722168], [0.06666453927755356, 14.781700134277344], [0.09999680519104004, 14.73599624633789], [0.13333575427532196, 14.689477920532227], [0.16666802763938904, 14.642149925231934], [0.20000030100345612, 14.594010353088379], [0.2333325743675232, 14.545058250427246], [0.2666648328304291, 14.495295524597168], [0.29999709129333496, 14.444721221923828], [0.33333662152290344, 14.393326759338379], [0.36666831374168396, 14.341132164001465], [0.40000057220458984, 14.288124084472656]], "n": [0.9519556058058904, 0.30623606021293426]}, "2": {"sI_max": 8.874095916748047, "pos_max": [35.36969757080078, -23.884532928466797], "s_path": [[0.0, 8.874095916748047], [0.03333178162574768, 8.836282730102539], [0.06666731834411621, 8.798616409301758], [0.09999909996986389, 8.761106491088867], [0.13333463668823242, 8.723743438720703], [0.1666664183139801, 8.686537742614746], [0.19999819993972778, 8.649484634399414], [0.2333337366580963, 8.612578392028809], [0.266665518283844, 8.57582950592041], [0.3000010550022125, 8.542587280273438], [0.3333328366279602, 8.509872436523438], [0.36666837334632874, 8.477176666259766], [0.4000001549720764, 8.444506645202637]], "n": [0.9849257983362409, -0.17297737358313145]}, "3": {"sI_max": 20.557666778564453, "pos_max": [41.86404800415039, 2.397840976715088], "s_path": [[0.0, 20.557666778564453], [0.03333188593387604, 20.488176345825195], [0.06666755676269531, 20.418712615966797], [0.09999947994947433, 20.349292755126953], [0.133335143327713, 20.27989959716797], [0.16666702926158905, 20.210548400878906], [0.1999989151954651, 20.141231536865234], [0.23333458602428436, 20.071943283081055], [0.2666665017604828, 20.002695083618164], [0.29999840259552, 19.933483123779297], [0.3333340585231781, 19.864013671875], [0.36666595935821533, 19.794111251831055], [0.4000016152858734, 19.724260330200195]], "n": [0.99098747571405, -0.1339545556444244]}}