{"0": {"kappa": [0, 0, 0, 0, 0, 0], "is_active": 0, "da": [10.0, 3.0, 3.0, 3.0, 3.0, 4.180571428571429], "n0": [1, 0], "dphi": [0, -10.374361849244405, 0.10899150694639737, 2.1370161767977933, 6.407030571758004, 10.69978126596624], "x0": [0, 0], "close_hole": []}, "1": {"kappa": [0, 0], "is_active": 1, "da": [2.0, 3.0], "n0": [0.99098747571405, -0.1339545556444244], "dphi": [0, 0.9409559021629965], "x0": [41.862066029198964, 2.398108885826377], "close_hole": []}}