{"0": {"sI_max": 16.441926956176758, "pos_max": [67.73193359375, -19.874441146850586], "s_path": [[0.0, 16.441926956176758], [0.03333595395088196, 16.38593101501465], [0.06666427850723267, 16.329986572265625], [0.10000023245811462, 16.274072647094727], [0.133336141705513, 16.218196868896484], [0.1666644662618637, 16.162372589111328], [0.20000042021274567, 16.106576919555664], [0.23333637416362762, 16.050819396972656], [0.2666647136211395, 15.995115280151367], [0.3000006675720215, 15.939438819885254], [0.33333662152290344, 15.883800506591797], [0.36666494607925415, 15.828215599060059], [0.40000084042549133, 15.772659301757812]], "n": [0.999677415996098, -0.025398109129699913]}, "1": {"sI_max": 14.751543998718262, "pos_max": [67.74012756347656, 15.43704605102539], "s_path": [[0.0, 14.751543998718262], [0.03333503007888794, 14.715185165405273], [0.06667006760835648, 14.678847312927246], [0.09999746829271317, 14.642536163330078], [0.1333324909210205, 14.606237411499023], [0.16666752099990845, 14.569958686828613], [0.20000256597995758, 14.533700942993164], [0.23332996666431427, 14.49747085571289], [0.266664981842041, 14.461251258850098], [0.30000001192092896, 14.425052642822266], [0.3333350419998169, 14.388874053955078], [0.36667007207870483, 14.352716445922852], [0.3999974727630615, 14.316585540771484]], "n": [0.9999337752867574, -0.011508476909331732]}, "2": {"sI_max": 11.521539688110352, "pos_max": [35.33110809326172, -19.094661712646484], "s_path": [[0.0, 11.521539688110352], [0.03333468735218048, 11.485745429992676], [0.06666594743728638, 11.4500150680542], [0.10000063478946686, 11.414342880249023], [0.1333315670490265, 11.378734588623047], [0.16666658222675323, 11.343183517456055], [0.20000126957893372, 11.307693481445312], [0.23333220183849335, 11.272268295288086], [0.2666672170162201, 11.236900329589844], [0.29999813437461853, 11.201597213745117], [0.3333328366279602, 11.166351318359375], [0.36666786670684814, 11.131165504455566], [0.3999987840652466, 11.096046447753906]], "n": [0.9850628481180064, 0.17219519522228682]}, "3": {"sI_max": 19.126209259033203, "pos_max": [41.89128875732422, 2.785240650177002], "s_path": [[0.0, 19.126209259033203], [0.03333299234509468, 19.071334838867188], [0.06666598469018936, 19.01656723022461], [0.09999897330999374, 18.961902618408203], [0.13333198428153992, 18.907344818115234], [0.1666649729013443, 18.852890014648438], [0.2000017613172531, 18.79853630065918], [0.2333347499370575, 18.744293212890625], [0.26666775345802307, 18.690155029296875], [0.30000075697898865, 18.63612174987793], [0.3333337604999542, 18.582191467285156], [0.3666667640209198, 18.528369903564453], [0.3999997675418854, 18.474651336669922]], "n": [0.9956461870355643, -0.09321303686471102]}}