{"0": {"sI_max": 16.157642364501953, "pos_max": [67.73193359375, -19.874441146850586], "s_path": [[0.0, 16.157642364501953], [0.03333595395088196, 16.10060691833496], [0.06666427850723267, 16.04356575012207], [0.10000023245811462, 15.986492156982422], [0.133336141705513, 15.929399490356445], [0.1666644662618637, 15.872299194335938], [0.20000042021274567, 15.815165519714355], [0.23333637416362762, 15.758011817932129], [0.2666647136211395, 15.700849533081055], [0.3000006675720215, 15.643655776977539], [0.33333662152290344, 15.586441993713379], [0.36666494607925415, 15.529221534729004], [0.40000084042549133, 15.471969604492188]], "n": [0.999677415996098, -0.025398109129699913]}, "1": {"sI_max": 22.80010986328125, "pos_max": [48.70594787597656, 5.088884353637695], "s_path": [[0.0, 22.80010986328125], [0.03333409130573273, 22.723695755004883], [0.06666818261146545, 22.64708709716797], [0.09999846667051315, 22.570287704467773], [0.13333255052566528, 22.4932861328125], [0.166666641831398, 22.416086196899414], [0.20000073313713074, 22.33868980407715], [0.23333482444286346, 22.26109504699707], [0.26666510105133057, 22.18331527709961], [0.2999991774559021, 22.105327606201172], [0.33333325386047363, 22.027143478393555], [0.36666733026504517, 21.948762893676758], [0.4000014066696167, 21.87018585205078]], "n": [-0.9981309673512889, 0.061111144764111364]}, "2": {"sI_max": 5.163095951080322, "pos_max": [35.170379638671875, -24.496707916259766], "s_path": [[0.0, 5.163095951080322], [0.033333584666252136, 5.158289909362793], [0.06666716933250427, 5.153395175933838], [0.10000075399875641, 5.148412704467773], [0.13333433866500854, 5.143341064453125], [0.16666792333126068, 5.138181209564209], [0.20000150799751282, 5.132933139801025], [0.23333150148391724, 5.127596855163574], [0.26666510105133057, 5.122171878814697], [0.2999987006187439, 5.116657733917236], [0.3333323001861572, 5.111055850982666], [0.36666589975357056, 5.105364799499512], [0.3999994993209839, 5.09958553314209]], "n": [0.9397802580485128, -0.3417792658753169]}, "3": {"sI_max": 2.2451012134552, "pos_max": [40.067562103271484, 11.300285339355469], "s_path": [[0.0, 2.2451012134552], [0.03333209827542305, 2.257766008377075], [0.0666673332452774, 2.270432472229004], [0.09999942779541016, 2.2830982208251953], [0.13333413004875183, 2.2957656383514404], [0.16666622459888458, 2.3084323406219482], [0.20000146329402924, 2.3211004734039307], [0.233333557844162, 2.333768367767334], [0.26666566729545593, 2.3464365005493164], [0.3000009059906006, 2.3591060638427734], [0.33333244919776917, 2.371774911880493], [0.3666676878929138, 2.3844451904296875], [0.39999979734420776, 2.3971152305603027]], "n": [0.8235650467789359, 0.567221838193849]}}