{"0": {"phi_c_k": 2.1815080942952805, "abs_cf": 0.6101984684123247, "tip": [15.902935227471069, -1.0748595875418228], "cf": [-0.6040682975619802, 0.08627666389770638], "kappa_c": 0.01243265615116758, "k2": [-0.7129961848258972, -0.8454532623291016, -0.8482012152671814, -0.8514792323112488, -0.851367712020874], "k1": [42.59746170043945, 44.36280822753906, 44.60905838012695, 44.68918228149414, 44.727333068847656], "phi_c": 2.1370161767977933}}