{"cracks": {}, "holes": {"0": 4.502494620815973e-15, "1": 4.9705767162209715e-15, "2": 5.463720876241421e-15, "3": 5.495180552516903e-15}}