{"cracks": {"2": 0.9936297543481192}, "holes": {"0": 0.1996142475212659, "1": 0.18813759095514423, "2": 0.028367595812849377, "3": 0.0008559296924766497}}