{"0": {"sI_max": 16.184959411621094, "pos_max": [67.73193359375, -19.874441146850586], "s_path": [[0.0, 16.184959411621094], [0.03333595395088196, 16.13130760192871], [0.06666427850723267, 16.077646255493164], [0.10000023245811462, 16.023948669433594], [0.133336141705513, 15.970232009887695], [0.1666644662618637, 15.916501998901367], [0.20000042021274567, 15.862737655639648], [0.23333637416362762, 15.808951377868652], [0.2666647136211395, 15.755154609680176], [0.3000006675720215, 15.701323509216309], [0.33333662152290344, 15.647469520568848], [0.36666494607925415, 15.593605995178223], [0.40000084042549133, 15.539709091186523]], "n": [0.999677415996098, -0.025398109129699913]}, "1": {"sI_max": 14.771373748779297, "pos_max": [67.74012756347656, 15.43704605102539], "s_path": [[0.0, 14.771373748779297], [0.03333503007888794, 14.735121726989746], [0.06667006760835648, 14.698877334594727], [0.09999746829271317, 14.66264533996582], [0.1333324909210205, 14.626413345336914], [0.16666752099990845, 14.590185165405273], [0.20000256597995758, 14.553966522216797], [0.23332996666431427, 14.51776123046875], [0.266664981842041, 14.481555938720703], [0.30000001192092896, 14.445356369018555], [0.3333350419998169, 14.409162521362305], [0.36667007207870483, 14.372976303100586], [0.3999974727630615, 14.33680534362793]], "n": [0.9999337752867574, -0.011508476909331732]}, "2": {"sI_max": 13.754051208496094, "pos_max": [35.33110809326172, -19.094661712646484], "s_path": [[0.0, 13.754051208496094], [0.03333468735218048, 13.701568603515625], [0.06666594743728638, 13.649250030517578], [0.10000063478946686, 13.597082138061523], [0.1333315670490265, 13.545077323913574], [0.16666658222675323, 13.493223190307617], [0.20000126957893372, 13.441526412963867], [0.23333220183849335, 13.389991760253906], [0.2666672170162201, 13.338608741760254], [0.29999813437461853, 13.28738784790039], [0.3333328366279602, 13.236318588256836], [0.36666786670684814, 13.185405731201172], [0.3999987840652466, 13.134655952453613]], "n": [0.9850628481180064, 0.17219519522228682]}, "3": {"sI_max": 18.620576858520508, "pos_max": [41.66553497314453, 1.4285047054290771], "s_path": [[0.0, 18.620576858520508], [0.03333313763141632, 18.55311393737793], [0.06666624546051025, 18.48558807373047], [0.09999938309192657, 18.418001174926758], [0.1333324909210205, 18.350353240966797], [0.16666562855243683, 18.282642364501953], [0.19999873638153076, 18.214872360229492], [0.23333187401294708, 18.14703941345215], [0.2666650116443634, 18.079143524169922], [0.3000018298625946, 18.011178970336914], [0.3333349823951721, 17.943161010742188], [0.36666810512542725, 17.875080108642578], [0.40000125765800476, 17.80693817138672]], "n": [0.9721819621861025, -0.23422688231708036]}}