{"cracks": {"2": 1.1909251932818072}, "holes": {"0": 0.16580960532636918, "1": 0.050974407311931015, "2": 0.02663366330302144, "3": 0.0006566030060814536}}