{"0": {"kappa": [0, 0, 0], "is_active": 1, "da": [10.0, 3.0, 3.0], "n0": [1, 0], "dphi": [0, -10.374361849244405, 0.10899150694639737], "x0": [0, 0], "close_hole": []}}