{"cracks": {"0": 1.1277450541437724}, "holes": {"0": 0.258009738273237, "1": 0.2297860660517389, "2": 0.28374540389579533, "3": 0.2821959871124724}}