{"cracks": {"0": 1.0230162814006885}, "holes": {"0": 0.25755811483242025, "1": 0.23151944162280572, "2": 0.18059156329342976, "3": 0.29993352978211446}}