{"cracks": {"1": 0.9991009661058856}, "holes": {"0": 0.20392738221727338, "1": 0.003339022949551157, "2": 0.2296569985016828}}