{"cracks": {"1": 0.8331698890439077}, "holes": {"0": 0.2158274036351615, "1": 0.0006923951533175576, "2": 0.18919101572716668}}