{"0": {"sI_max": 12.392322540283203, "pos_max": [71.20733642578125, -27.089731216430664], "s_path": [[0.0, 12.392322540283203], [0.033330246806144714, 12.359930992126465], [0.06666812300682068, 12.327512741088867], [0.0999983698129654, 12.295083045959473], [0.13333618640899658, 12.262627601623535], [0.1666664332151413, 12.230158805847168], [0.199996680021286, 12.197673797607422], [0.23333455622196198, 12.1651611328125], [0.2666648030281067, 12.132637977600098], [0.30000266432762146, 12.10008716583252], [0.33333292603492737, 12.067525863647461], [0.3666631281375885, 12.034945487976074], [0.40000098943710327, 12.002339363098145]], "n": [0.9996198277618843, -0.027571723654876812]}, "1": {"sI_max": 3.6978752613067627, "pos_max": [41.673973083496094, -28.530467987060547], "s_path": [[0.0, 3.6978752613067627], [0.033334262669086456, 3.7052078247070312], [0.06666821986436844, 3.7125070095062256], [0.09999871253967285, 3.7197744846343994], [0.13333266973495483, 3.7270097732543945], [0.1666669249534607, 3.73421311378479], [0.20000118017196655, 3.741384744644165], [0.23333513736724854, 3.748523712158203], [0.26666563749313354, 3.7556300163269043], [0.2999995946884155, 3.762704610824585], [0.3333338499069214, 3.769747257232666], [0.36666810512542725, 3.7767579555511475], [0.3999983072280884, 3.783735513687134]], "n": [0.9873717802025723, -0.15842022490705956]}, "2": {"sI_max": 14.865907669067383, "pos_max": [69.62153625488281, 1.9173614978790283], "s_path": [[0.0, 14.865907669067383], [0.03333445265889168, 14.82760238647461], [0.06666891276836395, 14.789268493652344], [0.10000336170196533, 14.750904083251953], [0.13333019614219666, 14.712518692016602], [0.16666464507579803, 14.674095153808594], [0.1999991089105606, 14.635641098022461], [0.233333557844162, 14.59715747833252], [0.26666802167892456, 14.55864429473877], [0.30000248551368713, 14.520101547241211], [0.3333369493484497, 14.481529235839844], [0.36666378378868103, 14.442935943603516], [0.3999982476234436, 14.404302597045898]], "n": [0.9978910877695425, -0.06491053034846601]}}