{"cracks": {"3": 0.41226084637908533}, "holes": {"0": 0.04315338414841835, "1": 0.0012674198573531105, "2": 0.059151847803201804}}