{"3": {"phi_c_k": -5.242589130934005, "abs_cf": 0.08944508441875715, "tip": [54.948813593960466, -27.666657934348184], "cf": [0.07670118592411024, -0.04601468466167802], "kappa_c": -0.04082125084254449, "k2": [0.29415321350097656, 0.7751857042312622, 0.7698098421096802, 0.7708036303520203, 0.7706719040870667], "k1": [8.214692115783691, 16.677732467651367, 16.750574111938477, 16.765750885009766, 16.77126121520996], "phi_c": -4.67777077544531}}