{"0": {"sI_max": 6.897366523742676, "pos_max": [56.738365173339844, -28.659759521484375], "s_path": [[0.0, 6.897366523742676], [0.03333241492509842, 6.863719940185547], [0.0666683092713356, 6.829981327056885], [0.10000072419643402, 6.796157360076904], [0.13333314657211304, 6.762244701385498], [0.16666556894779205, 6.728243350982666], [0.20000146329402924, 6.694148540496826], [0.23333388566970825, 6.659968376159668], [0.2666662931442261, 6.6257004737854], [0.2999987006187439, 6.591342449188232], [0.3333345949649811, 6.5568928718566895], [0.3666670024394989, 6.52235746383667], [0.3999994099140167, 6.487733364105225]], "n": [-0.9128100209500307, 0.40838445814355423]}, "1": {"sI_max": -0.03716713562607765, "pos_max": [41.77888107299805, -27.149234771728516], "s_path": [[0.0, -0.03716713562607765], [0.03333362191915512, -0.0345071516931057], [0.06666722893714905, -0.0318460613489151], [0.10000085085630417, -0.029183607548475266], [0.1333344578742981, -0.026520049199461937], [0.1666680872440338, -0.023855119943618774], [0.20000170171260834, -0.021189093589782715], [0.23333151638507843, -0.018521999940276146], [0.26666513085365295, -0.015853505581617355], [0.29999876022338867, -0.013183631002902985], [0.333332359790802, -0.010512668639421463], [0.3666659891605377, -0.007840324193239212], [0.39999961853027344, -0.005166752263903618]], "n": [0.9999762122206968, 0.006897462776118669]}, "2": {"sI_max": 10.565813064575195, "pos_max": [69.60633850097656, 1.7389018535614014], "s_path": [[0.0, 10.565813064575195], [0.03333600237965584, 10.542352676391602], [0.06666440516710281, 10.518898010253906], [0.10000041872262955, 10.495436668395996], [0.13333642482757568, 10.471975326538086], [0.16666482388973236, 10.448518753051758], [0.2000008225440979, 10.425058364868164], [0.23333683609962463, 10.401596069335938], [0.2666652500629425, 10.378137588500977], [0.30000126361846924, 10.35467529296875], [0.3333296775817871, 10.331216812133789], [0.36666569113731384, 10.307754516601562], [0.4000017046928406, 10.28429126739502]], "n": [0.9962421914509854, -0.08661117695158273]}}