{"cracks": {"0": 1.0548453347406754}, "holes": {"0": 0.20339065309689083, "1": 0.29865413954839043, "2": 0.21364714480553987}}