{"3": {"phi_c_k": -8.5803366880668, "abs_cf": 0.08429966670677108, "tip": [52.37624564047685, -26.12331930504185], "cf": [0.0638598896049416, -0.055030430731708435], "kappa_c": -0.05696898121223842, "k2": [0.6601966619491577, 1.18800950050354, 1.196926474571228, 1.2050273418426514, 1.2095386981964111], "k1": [8.307696342468262, 15.80755615234375, 15.867005348205566, 15.882418632507324, 15.887812614440918], "phi_c": -9.792246559864026}}