{"0": {"sI_max": 12.968408584594727, "pos_max": [71.20733642578125, -27.089731216430664], "s_path": [[0.0, 12.968408584594727], [0.033330246806144714, 12.931941986083984], [0.06666812300682068, 12.895485877990723], [0.0999983698129654, 12.85905647277832], [0.13333618640899658, 12.822638511657715], [0.1666664332151413, 12.78624439239502], [0.199996680021286, 12.749870300292969], [0.23333455622196198, 12.713504791259766], [0.2666648030281067, 12.677166938781738], [0.30000266432762146, 12.640838623046875], [0.33333292603492737, 12.604537963867188], [0.3666631281375885, 12.568254470825195], [0.40000098943710327, 12.531980514526367]], "n": [0.9996198277618843, -0.027571723654876812]}, "1": {"sI_max": 19.110870361328125, "pos_max": [9.392973899841309, -21.045515060424805], "s_path": [[0.0, 19.110870361328125], [0.033333670347929, 19.02338981628418], [0.06666675209999084, 18.93592071533203], [0.10000042617321014, 18.84845733642578], [0.1333335041999817, 18.76100730895996], [0.16666626930236816, 18.673564910888672], [0.19999994337558746, 18.58612823486328], [0.233333021402359, 18.498701095581055], [0.2666666805744171, 18.41128158569336], [0.29999977350234985, 18.32387351989746], [0.33333343267440796, 18.236469268798828], [0.36666709184646606, 18.14907455444336], [0.4000001847743988, 18.061689376831055]], "n": [-0.9512584286285054, 0.30839487992381887]}, "2": {"sI_max": 13.611464500427246, "pos_max": [69.62153625488281, 1.9173614978790283], "s_path": [[0.0, 13.611464500427246], [0.03333445265889168, 13.578582763671875], [0.06666891276836395, 13.545696258544922], [0.10000336170196533, 13.512804985046387], [0.13333019614219666, 13.479915618896484], [0.16666464507579803, 13.447013854980469], [0.1999991089105606, 13.414106369018555], [0.233333557844162, 13.381195068359375], [0.26666802167892456, 13.348278045654297], [0.30000248551368713, 13.315356254577637], [0.3333369493484497, 13.282428741455078], [0.36666378378868103, 13.249504089355469], [0.3999982476234436, 13.216567039489746]], "n": [0.9978910877695425, -0.06491053034846601]}}