{"0": {"sI_max": 13.243646621704102, "pos_max": [71.20733642578125, -27.089731216430664], "s_path": [[0.0, 13.243646621704102], [0.033330246806144714, 13.210814476013184], [0.06666812300682068, 13.177894592285156], [0.0999983698129654, 13.144904136657715], [0.13333618640899658, 13.11182689666748], [0.1666664332151413, 13.0786771774292], [0.199996680021286, 13.045448303222656], [0.23333455622196198, 13.01213264465332], [0.2666648030281067, 12.978745460510254], [0.30000266432762146, 12.945271492004395], [0.33333292603492737, 12.911725997924805], [0.3666631281375885, 12.878101348876953], [0.40000098943710327, 12.844389915466309]], "n": [0.9996198277618843, -0.027571723654876812]}, "1": {"sI_max": -0.01597919687628746, "pos_max": [41.77888107299805, -27.149234771728516], "s_path": [[0.0, -0.01597919687628746], [0.03333362191915512, -0.013516277074813843], [0.06666722893714905, -0.011050226166844368], [0.10000085085630417, -0.008580803871154785], [0.1333344578742981, -0.006108243018388748], [0.1666680872440338, -0.0036323145031929016], [0.20000170171260834, -0.0011532492935657501], [0.23333151638507843, 0.0013289041817188263], [0.26666513085365295, 0.0038144774734973907], [0.29999876022338867, 0.0063034240156412125], [0.333332359790802, 0.008795499801635742], [0.3666659891605377, 0.01129094883799553], [0.39999961853027344, 0.013789651915431023]], "n": [0.9999762122206968, 0.006897462776118669]}, "2": {"sI_max": 12.411787986755371, "pos_max": [69.62153625488281, 1.9173614978790283], "s_path": [[0.0, 12.411787986755371], [0.03333445265889168, 12.384138107299805], [0.06666891276836395, 12.356475830078125], [0.10000336170196533, 12.328798294067383], [0.13333019614219666, 12.30111312866211], [0.16666464507579803, 12.273408889770508], [0.1999991089105606, 12.245691299438477], [0.233333557844162, 12.217958450317383], [0.26666802167892456, 12.19021224975586], [0.30000248551368713, 12.162452697753906], [0.3333369493484497, 12.134679794311523], [0.36666378378868103, 12.106898307800293], [0.3999982476234436, 12.079097747802734]], "n": [0.9978910877695425, -0.06491053034846601]}}