{"1": {"phi_c_k": -6.269300788936469, "abs_cf": 0.4491048721709023, "tip": [43.34977292275633, -21.467323134046538], "cf": [-0.43214805235228937, -0.12224257464470156], "kappa_c": -0.04107773529005122, "k2": [2.59419584274292, 1.5195717811584473, 2.127140522003174, 2.1121418476104736, 2.095761299133301], "k1": [35.045230865478516, 38.29816818237305, 38.27321243286133, 38.3362922668457, 38.36526107788086], "phi_c": -4.707161728151071}}