{"0": {"x0": [0, 0], "n0": [1, 0], "da": [10.0, 3.0, 3.0, 3.0, 3.0, 3.0, 3.0, 5.144857142857142], "kappa": [0, 0, 0, 0, 0, 0, 0, 0], "dphi": [0, -22.544786609362703, -6.889465561400211, -7.396298438041089, -7.832748463874445, -7.175962870901046, -6.66403411600222, -6.248941958022016], "is_active": 0, "close_hole": [1]}, "1": {"x0": [41.47645156878274, -22.167799475364756], "n0": [0.9366606769867946, 0.35023817065910967], "da": [2.0, 3.0, 3.0, 3.0, 3.0, 3.0, 3.0, 4.502], "kappa": [0, 0, 0, 0, 0, 0, 0, 0], "dphi": [0, -4.707161728151071, -4.545246444749907, -0.520669653531284, 0.40319589032881886, 4.252175584855557, 15.39765261878032, 28.314009668950103], "is_active": 0, "close_hole": []}, "2": {"x0": [71.22081055942452, -27.26485157491151], "n0": [0.9991392330551996, -0.04148244170570666], "da": [2.0, 3.0, 3.790186224943583], "kappa": [0, 0, 0], "dphi": [0, 1.6422830076822919, 4.19452851045443], "is_active": 0, "close_hole": []}, "3": {"x0": [56.742054318605504, -28.552258128270093], "n0": [-0.8966203623225206, 0.4428000969609557], "da": [2.0, 3.0, 3.0, 3.0], "kappa": [0, 0, 0, 0], "dphi": [0, -4.67777077544531, -9.792246559864026, -8.112749908302504], "is_active": 1, "close_hole": []}}