{"0": {"sI_max": 13.087333679199219, "pos_max": [71.20733642578125, -27.089731216430664], "s_path": [[0.0, 13.087333679199219], [0.033330246806144714, 13.04999828338623], [0.06666812300682068, 13.01264762878418], [0.0999983698129654, 12.975302696228027], [0.13333618640899658, 12.937942504882812], [0.1666664332151413, 12.900585174560547], [0.199996680021286, 12.8632230758667], [0.23333455622196198, 12.825847625732422], [0.2666648030281067, 12.788474082946777], [0.30000266432762146, 12.751086235046387], [0.33333292603492737, 12.713702201843262], [0.3666631281375885, 12.676313400268555], [0.40000098943710327, 12.638910293579102]], "n": [0.9996198277618843, -0.027571723654876812]}, "1": {"sI_max": 21.73691177368164, "pos_max": [9.392973899841309, -21.045515060424805], "s_path": [[0.0, 21.73691177368164], [0.033333670347929, 21.646263122558594], [0.06666675209999084, 21.555639266967773], [0.10000042617321014, 21.46503448486328], [0.1333335041999817, 21.374454498291016], [0.16666626930236816, 21.283897399902344], [0.19999994337558746, 21.193359375], [0.233333021402359, 21.102846145629883], [0.2666666805744171, 21.012351989746094], [0.29999977350234985, 20.92188262939453], [0.33333343267440796, 20.831430435180664], [0.36666709184646606, 20.741003036499023], [0.4000001847743988, 20.650598526000977]], "n": [-0.9512584286285054, 0.30839487992381887]}, "2": {"sI_max": 13.154094696044922, "pos_max": [42.914794921875, 10.541519165039062], "s_path": [[0.0, 13.154094696044922], [0.03333374857902527, 13.114738464355469], [0.06666762381792068, 13.075371742248535], [0.10000137239694595, 13.035990715026855], [0.13333512842655182, 12.996596336364746], [0.1666652262210846, 12.957194328308105], [0.19999897480010986, 12.917776107788086], [0.23333272337913513, 12.878344535827637], [0.26666659116744995, 12.838899612426758], [0.3000003397464752, 12.799442291259766], [0.3333340883255005, 12.759971618652344], [0.36666783690452576, 12.720488548278809], [0.4000017046928406, 12.680994033813477]], "n": [-0.991387911920184, -0.1309580394574436]}}