{"0": {"sI_max": 12.955060958862305, "pos_max": [71.20733642578125, -27.089731216430664], "s_path": [[0.0, 12.955060958862305], [0.033330246806144714, 12.917027473449707], [0.06666812300682068, 12.879006385803223], [0.0999983698129654, 12.841012001037598], [0.13333618640899658, 12.803030967712402], [0.1666664332151413, 12.765076637268066], [0.199996680021286, 12.727142333984375], [0.23333455622196198, 12.689218521118164], [0.2666648030281067, 12.651322364807129], [0.30000266432762146, 12.613438606262207], [0.33333292603492737, 12.575582504272461], [0.3666631281375885, 12.53774642944336], [0.40000098943710327, 12.499919891357422]], "n": [0.9996198277618843, -0.027571723654876812]}, "1": {"sI_max": 18.351306915283203, "pos_max": [41.56306457519531, -22.567777633666992], "s_path": [[0.0, 18.351306915283203], [0.03333236649632454, 18.290498733520508], [0.06666473299264908, 18.229637145996094], [0.10000079870223999, 18.168720245361328], [0.13333316147327423, 18.107757568359375], [0.16666598618030548, 18.046741485595703], [0.19999834895133972, 17.985679626464844], [0.23333442211151123, 17.924560546875], [0.26666679978370667, 17.86339569091797], [0.2999991774559021, 17.802183151245117], [0.33333155512809753, 17.740917205810547], [0.36666762828826904, 17.679595947265625], [0.4000000059604645, 17.618228912353516]], "n": [0.9709449789056818, 0.2393028372958525]}, "2": {"sI_max": 14.071895599365234, "pos_max": [69.62153625488281, 1.9173614978790283], "s_path": [[0.0, 14.071895599365234], [0.03333445265889168, 14.03685188293457], [0.06666891276836395, 14.001768112182617], [0.10000336170196533, 13.966643333435059], [0.13333019614219666, 13.931486129760742], [0.16666464507579803, 13.896281242370605], [0.1999991089105606, 13.861034393310547], [0.233333557844162, 13.8257474899292], [0.26666802167892456, 13.790420532226562], [0.30000248551368713, 13.75505256652832], [0.3333369493484497, 13.719642639160156], [0.36666378378868103, 13.684202194213867], [0.3999982476234436, 13.648712158203125]], "n": [0.9978910877695425, -0.06491053034846601]}}