{"0": {"phi_c_k": -4.711646523196206, "abs_cf": 0.36300642848502596, "tip": [23.339443901307547, -11.448511186180067], "cf": [-0.15483437010448142, 0.32832908027739904], "kappa_c": -0.03635487064450182, "k2": [-1.5026895999908447, 1.5891493558883667, 1.2715221643447876, 1.4052460193634033, 1.4299088716506958], "k1": [28.53028106689453, 33.94949722290039, 33.88552474975586, 34.04198455810547, 34.06581497192383], "phi_c": -6.248941958022016}}