{"cracks": {"3": 0.4246561332294987}, "holes": {"0": 0.10408985431438873, "1": 0.000840356236675057, "2": 0.07238827551031154}}