{"cracks": {"1": 0.9720206895423533}, "holes": {"0": 0.20428768943835135, "1": 0.0013197271984740197, "2": 0.21884005050404592}}