{"0": {"sI_max": 0.5930129289627075, "pos_max": [56.828922271728516, -31.946712493896484], "s_path": [[0.0, 0.5930129289627075], [0.03333309292793274, 0.592222273349762], [0.0666673481464386, 0.5914384126663208], [0.10000160336494446, 0.5906612873077393], [0.1333346962928772, 0.5898911356925964], [0.16666476428508759, 0.589127779006958], [0.19999785721302032, 0.5883712768554688], [0.2333332747220993, 0.5876214504241943], [0.26666635274887085, 0.5868785381317139], [0.2999994456768036, 0.5861424803733826], [0.33333253860473633, 0.5854132175445557], [0.3666679561138153, 0.5846906900405884], [0.40000104904174805, 0.583975076675415]], "n": [-0.7924916160357918, -0.6098828071957587]}, "1": {"sI_max": 0.05110888183116913, "pos_max": [41.774658203125, -25.754419326782227], "s_path": [[0.0, 0.05110888183116913], [0.033332835882902145, 0.054193515330553055], [0.06666567176580429, 0.05732819065451622], [0.09999851137399673, 0.06051281839609146], [0.1333351582288742, 0.0637478306889534], [0.16666799783706665, 0.06703246384859085], [0.2000008374452591, 0.07036715000867844], [0.23333367705345154, 0.0737517774105072], [0.2666665017604828, 0.07718641310930252], [0.29999932646751404, 0.08067110180854797], [0.3333321511745453, 0.0842057317495346], [0.36666497588157654, 0.0877903550863266], [0.4000016152858734, 0.09142539650201797]], "n": [0.999999645239466, -0.0008423306606657574]}, "2": {"sI_max": 3.149904251098633, "pos_max": [69.60633850097656, 1.7389018535614014], "s_path": [[0.0, 3.149904251098633], [0.03333600237965584, 3.1373143196105957], [0.06666440516710281, 3.1246893405914307], [0.10000041872262955, 3.1120243072509766], [0.13333642482757568, 3.0993218421936035], [0.16666482388973236, 3.0865840911865234], [0.2000008225440979, 3.0738065242767334], [0.23333683609962463, 3.0609912872314453], [0.2666652500629425, 3.0481414794921875], [0.30000126361846924, 3.0352511405944824], [0.3333296775817871, 3.0223262310028076], [0.36666569113731384, 3.0093605518341064], [0.4000017046928406, 2.9963576793670654]], "n": [0.9962421914509854, -0.08661117695158273]}}