{"0": {"sI_max": 12.556112289428711, "pos_max": [71.20733642578125, -27.089731216430664], "s_path": [[0.0, 12.556112289428711], [0.033330246806144714, 12.514179229736328], [0.06666812300682068, 12.47227668762207], [0.0999983698129654, 12.430423736572266], [0.13333618640899658, 12.38860034942627], [0.1666664332151413, 12.346824645996094], [0.199996680021286, 12.305089950561523], [0.23333455622196198, 12.263383865356445], [0.2666648030281067, 12.221729278564453], [0.30000266432762146, 12.180103302001953], [0.33333292603492737, 12.13852596282959], [0.3666631281375885, 12.096989631652832], [0.40000098943710327, 12.055481910705566]], "n": [0.9996198277618843, -0.027571723654876812]}, "1": {"sI_max": 9.341529846191406, "pos_max": [41.673973083496094, -28.530467987060547], "s_path": [[0.0, 9.341529846191406], [0.033334262669086456, 9.328601837158203], [0.06666821986436844, 9.315704345703125], [0.09999871253967285, 9.302837371826172], [0.13333266973495483, 9.289999008178711], [0.1666669249534607, 9.277190208435059], [0.20000118017196655, 9.264410972595215], [0.23333513736724854, 9.251663208007812], [0.26666563749313354, 9.238944053649902], [0.2999995946884155, 9.226256370544434], [0.3333338499069214, 9.213595390319824], [0.36666810512542725, 9.20096492767334], [0.3999983072280884, 9.188366889953613]], "n": [0.9873717802025723, -0.15842022490705956]}, "2": {"sI_max": 15.310373306274414, "pos_max": [69.62153625488281, 1.9173614978790283], "s_path": [[0.0, 15.310373306274414], [0.03333445265889168, 15.270584106445312], [0.06666891276836395, 15.230779647827148], [0.10000336170196533, 15.190956115722656], [0.13333019614219666, 15.151126861572266], [0.16666464507579803, 15.111270904541016], [0.1999991089105606, 15.07139778137207], [0.233333557844162, 15.031509399414062], [0.26666802167892456, 14.99160385131836], [0.30000248551368713, 14.951681137084961], [0.3333369493484497, 14.911741256713867], [0.36666378378868103, 14.871793746948242], [0.3999982476234436, 14.831820487976074]], "n": [0.9978910877695425, -0.06491053034846601]}}