{"0": {"phi_c_k": -7.198502255631454, "abs_cf": 0.551898545391187, "tip": [15.383500910253073, -2.6244899302224356], "cf": [-0.44174613712726796, 0.3308358425836673], "kappa_c": -0.043029920067976936, "k2": [-2.0732858180999756, 2.725296974182129, 2.2138760089874268, 2.6847856044769287, 2.7101922035217285], "k1": [32.77219772338867, 42.21444320678711, 42.146263122558594, 42.3445930480957, 42.37868881225586], "phi_c": -7.396298438041089}}