{"0": {"sI_max": 9.400689125061035, "pos_max": [56.74026107788086, -28.551372528076172], "s_path": [[0.0, 9.400689125061035], [0.03333364054560661, 9.329204559326172], [0.06666812300682068, 9.25777816772461], [0.0999983474612236, 9.186421394348145], [0.13333283364772797, 9.11511516571045], [0.16666647791862488, 9.04387092590332], [0.20000095665454865, 8.972684860229492], [0.23333460092544556, 8.901559829711914], [0.26666566729545593, 8.830501556396484], [0.29999929666519165, 8.762869834899902], [0.3333337903022766, 8.695878982543945], [0.36666741967201233, 8.628890037536621], [0.3999984860420227, 8.561906814575195]], "n": [-0.8966203623225206, 0.4428000969609557]}, "1": {"sI_max": 0.07775510847568512, "pos_max": [30.203237533569336, -31.251937866210938], "s_path": [[0.0, 0.07775510847568512], [0.03333427757024765, 0.07725672423839569], [0.0666663721203804, 0.07675691694021225], [0.10000064969062805, 0.07625562697649002], [0.1333327442407608, 0.07575292885303497], [0.16666701436042786, 0.07524874806404114], [0.1999991089105606, 0.07474315166473389], [0.23333337903022766, 0.07423607259988785], [0.26666736602783203, 0.073727548122406], [0.29999977350234985, 0.07321760058403015], [0.3333337604999542, 0.0727061927318573], [0.36666616797447205, 0.07219334691762924], [0.4000001549720764, 0.07167903333902359]], "n": [-0.1548120154431208, -0.9879439457147551]}, "2": {"sI_max": 5.703674793243408, "pos_max": [69.63928985595703, 1.8911447525024414], "s_path": [[0.0, 5.703674793243408], [0.03333508223295212, 5.676957130432129], [0.06667017191648483, 5.650214195251465], [0.0999976396560669, 5.6234517097473145], [0.1333327293395996, 5.596657752990723], [0.16666780412197113, 5.5698394775390625], [0.20000289380550385, 5.542995452880859], [0.2333303540945053, 5.516132354736328], [0.26666542887687683, 5.489238739013672], [0.30000051856040955, 5.4623188972473145], [0.33333560824394226, 5.4344072341918945], [0.3666630685329437, 5.406414985656738], [0.39999815821647644, 5.378404140472412]], "n": [0.9978721674630495, -0.06520074694814208]}}