{"1": {"phi_c_k": -6.05290106255096, "abs_cf": 0.5110483944499835, "tip": [46.23650214212565, -20.65074832789625], "cf": [-0.5012296560161644, -0.0996960049341169], "kappa_c": -0.0264431719251508, "k2": [3.6479387283325195, 1.4941473007202148, 2.1826608180999756, 2.1731297969818115, 2.158472776412964], "k1": [35.778263092041016, 40.811065673828125, 40.80308151245117, 40.872928619384766, 40.90546798706055], "phi_c": -4.545246444749907}}