{"0": {"sI_max": 2.7637345790863037, "pos_max": [60.233154296875, -24.758304595947266], "s_path": [[0.0, 2.7637345790863037], [0.033334553241729736, 2.749918222427368], [0.06666678935289383, 2.73612117767334], [0.09999983012676239, 2.7223434448242188], [0.1333320587873459, 2.708584785461426], [0.16666661202907562, 2.6948444843292236], [0.20000116527080536, 2.6811234951019287], [0.23333188891410828, 2.6674230098724365], [0.266666442155838, 2.6537396907806396], [0.30000099539756775, 2.64007568359375], [0.33333322405815125, 2.626432180404663], [0.366667777299881, 2.6128063201904297], [0.3999984860420227, 2.599201202392578]], "n": [-0.6080955871721851, 0.7938638150600614]}, "1": {"sI_max": 0.07004348933696747, "pos_max": [41.774658203125, -25.754419326782227], "s_path": [[0.0, 0.07004348933696747], [0.033332835882902145, 0.07513891160488129], [0.06666567176580429, 0.08028022199869156], [0.09999851137399673, 0.085467129945755], [0.1333351582288742, 0.09070040285587311], [0.16666799783706665, 0.09597881883382797], [0.2000008374452591, 0.10130313038825989], [0.23333367705345154, 0.10667304694652557], [0.2666665017604828, 0.11208869516849518], [0.29999932646751404, 0.11755024641752243], [0.3333321511745453, 0.12305740267038345], [0.36666497588157654, 0.128610298037529], [0.4000016152858734, 0.13420958817005157]], "n": [0.999999645239466, -0.0008423306606657574]}, "2": {"sI_max": 3.77939772605896, "pos_max": [69.60633850097656, 1.7389018535614014], "s_path": [[0.0, 3.77939772605896], [0.03333600237965584, 3.7649552822113037], [0.06666440516710281, 3.750436544418335], [0.10000041872262955, 3.7358357906341553], [0.13333642482757568, 3.721156120300293], [0.16666482388973236, 3.7064011096954346], [0.2000008225440979, 3.691563367843628], [0.23333683609962463, 3.6766469478607178], [0.2666652500629425, 3.6616549491882324], [0.30000126361846924, 3.646580696105957], [0.3333296775817871, 3.6314308643341064], [0.36666569113731384, 3.6161985397338867], [0.4000017046928406, 3.6008877754211426]], "n": [0.9962421914509854, -0.08661117695158273]}}