{"0": {"sI_max": 13.402814865112305, "pos_max": [71.21925354003906, -25.745380401611328], "s_path": [[0.0, 13.402814865112305], [0.03333441913127899, 13.363567352294922], [0.06666886061429977, 13.324275016784668], [0.10000327974557877, 13.28493881225586], [0.1333300769329071, 13.245569229125977], [0.1666645109653473, 13.206145286560059], [0.19999893009662628, 13.166677474975586], [0.23333334922790527, 13.127165794372559], [0.26666778326034546, 13.087610244750977], [0.30000221729278564, 13.048011779785156], [0.33333665132522583, 13.008367538452148], [0.36666345596313477, 12.96868896484375], [0.39999788999557495, 12.928958892822266]], "n": [0.9999519290910879, 0.009805075574000462]}, "1": {"sI_max": 0.06440917402505875, "pos_max": [31.348495483398438, -18.235759735107422], "s_path": [[0.0, 0.06440917402505875], [0.03333231061697006, 0.06639343500137329], [0.0666668489575386, 0.068377785384655], [0.09999915957450867, 0.07036196440458298], [0.13333334028720856, 0.07234621793031693], [0.16666600108146667, 0.07433032989501953], [0.20000018179416656, 0.07631449401378632], [0.23333249986171722, 0.07829848676919937], [0.26666703820228577, 0.08028258383274078], [0.2999993562698364, 0.08226649463176727], [0.3333335518836975, 0.08425048738718033], [0.36666619777679443, 0.08623433858156204], [0.4000003933906555, 0.08821822702884674]], "n": [0.1828951739363308, 0.9831324200486927]}, "2": {"sI_max": 13.467573165893555, "pos_max": [69.62153625488281, 1.9173614978790283], "s_path": [[0.0, 13.467573165893555], [0.03333445265889168, 13.434682846069336], [0.06666891276836395, 13.40180778503418], [0.10000336170196533, 13.368945121765137], [0.13333019614219666, 13.336104393005371], [0.16666464507579803, 13.303269386291504], [0.1999991089105606, 13.270447731018066], [0.233333557844162, 13.237638473510742], [0.26666802167892456, 13.204845428466797], [0.30000248551368713, 13.172065734863281], [0.3333369493484497, 13.139297485351562], [0.36666378378868103, 13.106552124023438], [0.3999982476234436, 13.073811531066895]], "n": [0.9978910877695425, -0.06491053034846601]}}