{"0": {"sI_max": 1.1537331853772592e-11, "pos_max": [68.21380615234375, -32.14822006225586], "s_path": [[0.0, 1.1537331853772592e-11], [0.033334020525217056, 1.1500920875373577e-11], [0.06666804105043411, 1.1464507294889348e-11], [0.09999902546405792, 1.1428090244958167e-11], [0.13333304226398468, 1.1391670592941772e-11], [0.16666705906391144, 1.1355246604116687e-11], [0.2000010758638382, 1.1318821747929864e-11], [0.2333320677280426, 1.1282391687572613e-11], [0.26666608452796936, 1.1245959892491886e-11], [0.3000001013278961, 1.1209525495325945e-11], [0.3333341181278229, 1.1173758966698255e-11], [0.36666813492774963, 1.1138505048857716e-11], [0.39999911189079285, 1.1103149649693833e-11]], "n": [0.606764844385623, -0.7948813896536331]}, "1": {"sI_max": 3.858829488584403e-12, "pos_max": [25.399250030517578, -30.738174438476562], "s_path": [[0.0, 3.858829488584403e-12], [0.03333347290754318, 3.8323272506801676e-12], [0.06666678935289383, 3.805792053029888e-12], [0.10000026226043701, 3.7792282324422555e-12], [0.1333337426185608, 3.752632753151186e-12], [0.16666722297668457, 3.726006916199287e-12], [0.20000053942203522, 3.6993476858204755e-12], [0.233334019780159, 3.672658965142572e-12], [0.2666674852371216, 3.6459394531229705e-12], [0.30000096559524536, 3.6191889329212357e-12], [0.3333323895931244, 3.5924071876969332e-12], [0.36666586995124817, 3.5655942174500632e-12], [0.39999935030937195, 3.5387504558614946e-12]], "n": [-0.08301195635537797, -0.9965485513019687]}, "2": {"sI_max": 2.27117586890091e-12, "pos_max": [68.791015625, 27.5103759765625], "s_path": [[0.0, 2.27117586890091e-12], [0.03333206847310066, 2.2602748665778716e-12], [0.06666365265846252, 2.249401619830449e-12], [0.10000310093164444, 2.2385537434138625e-12], [0.1333351731300354, 2.2277362246581056e-12], [0.16666676104068756, 2.2169464614779644e-12], [0.19999882578849792, 2.2061842370330043e-12], [0.2333308905363083, 2.1954502018445288e-12], [0.2666698396205902, 2.184741320146455e-12], [0.30000191926956177, 2.1740630129496452e-12], [0.33333349227905273, 2.163529772003514e-12], [0.3666655719280243, 2.153061583187732e-12], [0.39999765157699585, 2.1426066216384543e-12]], "n": [0.9672991452665795, 0.2536382533580946]}}