{"0": {"sI_max": 13.16830825805664, "pos_max": [71.20733642578125, -27.089731216430664], "s_path": [[0.0, 13.16830825805664], [0.033330246806144714, 13.13029670715332], [0.06666812300682068, 13.092262268066406], [0.0999983698129654, 13.054222106933594], [0.13333618640899658, 13.016158103942871], [0.1666664332151413, 12.97808837890625], [0.199996680021286, 12.940003395080566], [0.23333455622196198, 12.901897430419922], [0.2666648030281067, 12.863781929016113], [0.30000266432762146, 12.825644493103027], [0.33333292603492737, 12.787500381469727], [0.3666631281375885, 12.749342918395996], [0.40000098943710327, 12.711160659790039]], "n": [0.9996198277618843, -0.027571723654876812]}, "1": {"sI_max": 19.722347259521484, "pos_max": [9.392973899841309, -21.045515060424805], "s_path": [[0.0, 19.722347259521484], [0.033333670347929, 19.652259826660156], [0.06666675209999084, 19.581836700439453], [0.10000042617321014, 19.511075973510742], [0.1333335041999817, 19.43998146057129], [0.16666626930236816, 19.368555068969727], [0.19999994337558746, 19.29678726196289], [0.233333021402359, 19.224687576293945], [0.2666666805744171, 19.152250289916992], [0.29999977350234985, 19.079477310180664], [0.33333343267440796, 19.00636863708496], [0.36666709184646606, 18.932926177978516], [0.4000001847743988, 18.859146118164062]], "n": [-0.9512584286285054, 0.30839487992381887]}, "2": {"sI_max": 13.329587936401367, "pos_max": [69.62153625488281, 1.9173614978790283], "s_path": [[0.0, 13.329587936401367], [0.03333445265889168, 13.298446655273438], [0.06666891276836395, 13.267269134521484], [0.10000336170196533, 13.236056327819824], [0.13333019614219666, 13.204816818237305], [0.16666464507579803, 13.173532485961914], [0.1999991089105606, 13.142213821411133], [0.233333557844162, 13.110858917236328], [0.26666802167892456, 13.079468727111816], [0.30000248551368713, 13.048044204711914], [0.3333369493484497, 13.016583442687988], [0.36666378378868103, 12.98509407043457], [0.3999982476234436, 12.95356273651123]], "n": [0.9978910877695425, -0.06491053034846601]}}