{"0": {"sI_max": 12.918169021606445, "pos_max": [71.20733642578125, -27.089731216430664], "s_path": [[0.0, 12.918169021606445], [0.033330246806144714, 12.880227088928223], [0.06666812300682068, 12.842269897460938], [0.0999983698129654, 12.804315567016602], [0.13333618640899658, 12.76634693145752], [0.1666664332151413, 12.728381156921387], [0.199996680021286, 12.690408706665039], [0.23333455622196198, 12.652421951293945], [0.2666648030281067, 12.6144380569458], [0.30000266432762146, 12.576438903808594], [0.33333292603492737, 12.538442611694336], [0.3666631281375885, 12.500441551208496], [0.40000098943710327, 12.46242618560791]], "n": [0.9996198277618843, -0.027571723654876812]}, "1": {"sI_max": 18.347909927368164, "pos_max": [41.56306457519531, -22.567777633666992], "s_path": [[0.0, 18.347909927368164], [0.03333236649632454, 18.29454803466797], [0.06666473299264908, 18.240612030029297], [0.10000079870223999, 18.186092376708984], [0.13333316147327423, 18.130998611450195], [0.16666598618030548, 18.075328826904297], [0.19999834895133972, 18.01908302307129], [0.23333442211151123, 17.96225357055664], [0.26666679978370667, 17.904850006103516], [0.2999991774559021, 17.846872329711914], [0.33333155512809753, 17.78831672668457], [0.36666762828826904, 17.729175567626953], [0.4000000059604645, 17.66946792602539]], "n": [0.9709449789056818, 0.2393028372958525]}, "2": {"sI_max": 14.599266052246094, "pos_max": [69.62153625488281, 1.9173614978790283], "s_path": [[0.0, 14.599266052246094], [0.03333445265889168, 14.561870574951172], [0.06666891276836395, 14.524452209472656], [0.10000336170196533, 14.487009048461914], [0.13333019614219666, 14.449548721313477], [0.16666464507579803, 14.41205883026123], [0.1999991089105606, 14.374544143676758], [0.233333557844162, 14.337003707885742], [0.26666802167892456, 14.299440383911133], [0.30000248551368713, 14.26185417175293], [0.3333369493484497, 14.2242431640625], [0.36666378378868103, 14.186616897583008], [0.3999982476234436, 14.148956298828125]], "n": [0.9978910877695425, -0.06491053034846601]}}