{"2": {"phi_c_k": 5.196508199060573, "abs_cf": 0.4313276447547822, "tip": [76.21884207314334, -27.386308709022824], "cf": [-0.43054170050206864, -0.026026549108451036], "kappa_c": 0.024402777692067733, "k2": [1.4652085304260254, -2.0151498317718506, -1.6574808359146118, -1.7108900547027588, -1.7515077590942383], "k1": [30.520206451416016, 37.494110107421875, 37.48649978637695, 37.54679870605469, 37.57474899291992], "phi_c": 4.19452851045443}}