{"cracks": {"0": 0.9429245422049505}, "holes": {"0": 0.20255094199885718, "1": 0.28769449030042377, "2": 0.22908391583757629}}