{"cracks": {"1": 0.9390377585569633}, "holes": {"0": 0.21015325103134783, "1": 0.0010789605483837428, "2": 0.21137761693404836}}