{"0": {"sI_max": 13.292404174804688, "pos_max": [71.22280883789062, -27.264934539794922], "s_path": [[0.0, 13.292404174804688], [0.0333310030400753, 13.241586685180664], [0.06666962802410126, 13.190835952758789], [0.10000063478946686, 13.140177726745605], [0.13333164155483246, 13.089598655700684], [0.16667026281356812, 13.039088249206543], [0.20000126957893372, 12.988668441772461], [0.23333227634429932, 12.938329696655273], [0.2666632831096649, 12.888070106506348], [0.30000191926956177, 12.837878227233887], [0.33333292603492737, 12.787663459777832], [0.36666393280029297, 12.736193656921387], [0.40000247955322266, 12.684608459472656]], "n": [0.9991392330551996, -0.04148244170570666]}, "1": {"sI_max": 0.04360261186957359, "pos_max": [30.203237533569336, -31.251937866210938], "s_path": [[0.0, 0.04360261186957359], [0.03333427757024765, 0.043322570621967316], [0.0666663721203804, 0.04304122179746628], [0.10000064969062805, 0.0427585244178772], [0.1333327442407608, 0.042474523186683655], [0.16666701436042786, 0.04218917340040207], [0.1999991089105606, 0.04190251603722572], [0.23333337903022766, 0.041614510118961334], [0.26666736602783203, 0.04132518172264099], [0.29999977350234985, 0.04103454202413559], [0.3333337604999542, 0.04074255749583244], [0.36666616797447205, 0.04044926539063454], [0.4000001549720764, 0.040154628455638885]], "n": [-0.1548120154431208, -0.9879439457147551]}, "2": {"sI_max": 13.113901138305664, "pos_max": [69.63928985595703, 1.8911447525024414], "s_path": [[0.0, 13.113901138305664], [0.03333508223295212, 13.074559211730957], [0.06667017191648483, 13.035167694091797], [0.0999976396560669, 12.995736122131348], [0.1333327293395996, 12.956246376037598], [0.16666780412197113, 12.916706085205078], [0.20000289380550385, 12.877118110656738], [0.2333303540945053, 12.83749008178711], [0.26666542887687683, 12.797801971435547], [0.30000051856040955, 12.758064270019531], [0.33333560824394226, 12.717326164245605], [0.3666630685329437, 12.676358222961426], [0.39999815821647644, 12.635359764099121]], "n": [0.9978721674630495, -0.06520074694814208]}}