{"0": {"sI_max": 13.212985038757324, "pos_max": [71.20733642578125, -27.089731216430664], "s_path": [[0.0, 13.212985038757324], [0.033330246806144714, 13.173745155334473], [0.06666812300682068, 13.134485244750977], [0.0999983698129654, 13.095222473144531], [0.13333618640899658, 13.055938720703125], [0.1666664332151413, 13.01665210723877], [0.199996680021286, 12.9773530960083], [0.23333455622196198, 12.938034057617188], [0.2666648030281067, 12.898711204528809], [0.30000266432762146, 12.859368324279785], [0.33333292603492737, 12.820023536682129], [0.3666631281375885, 12.78066635131836], [0.40000098943710327, 12.741287231445312]], "n": [0.9996198277618843, -0.027571723654876812]}, "1": {"sI_max": 18.228361129760742, "pos_max": [41.56306457519531, -22.567777633666992], "s_path": [[0.0, 18.228361129760742], [0.03333236649632454, 18.172412872314453], [0.06666473299264908, 18.116104125976562], [0.10000079870223999, 18.05942153930664], [0.13333316147327423, 18.00238037109375], [0.16666598618030548, 17.944976806640625], [0.19999834895133972, 17.887208938598633], [0.23333442211151123, 17.829069137573242], [0.26666679978370667, 17.770572662353516], [0.2999991774559021, 17.711711883544922], [0.33333155512809753, 17.652484893798828], [0.36666762828826904, 17.592891693115234], [0.4000000059604645, 17.532936096191406]], "n": [0.9709449789056818, 0.2393028372958525]}, "2": {"sI_max": 13.751838684082031, "pos_max": [69.62153625488281, 1.9173614978790283], "s_path": [[0.0, 13.751838684082031], [0.03333445265889168, 13.718778610229492], [0.06666891276836395, 13.685698509216309], [0.10000336170196533, 13.652599334716797], [0.13333019614219666, 13.619488716125488], [0.16666464507579803, 13.58635139465332], [0.1999991089105606, 13.553194046020508], [0.233333557844162, 13.520018577575684], [0.26666802167892456, 13.486823081970215], [0.30000248551368713, 13.453609466552734], [0.3333369493484497, 13.42037582397461], [0.36666378378868103, 13.387128829956055], [0.3999982476234436, 13.353857040405273]], "n": [0.9978910877695425, -0.06491053034846601]}}