{"1": {"phi_c_k": 3.1748884613056334, "abs_cf": 0.4373687883498601, "tip": [55.069976272852486, -18.927812449501094], "cf": [-0.4216972979252205, -0.11602950463219486], "kappa_c": 0.024738154776214997, "k2": [1.7938333749771118, -1.2399847507476807, -1.024873971939087, -1.0480250120162964, -1.072224497795105], "k1": [32.8204460144043, 37.669647216796875, 37.69823455810547, 37.75870132446289, 37.78635787963867], "phi_c": 4.252175584855557}}