{"cracks": {}, "holes": {"0": 1.8082001452696955e-13, "1": 6.002228650521309e-14, "2": 3.547706338217189e-14}}