{"cracks": {"1": 0.6470349951665105}, "holes": {"0": 0.2078458212075129, "1": -0.00017373845593983168, "2": 0.19489089309832253}}