{"cracks": {"0": 1.0401959081431573}, "holes": {"0": 0.2064940200594791, "1": 0.3088458487528894, "2": 0.2092559259021202}}