{"2": {"phi_c_k": 1.3736382498458852, "abs_cf": 0.24261178836336747, "tip": [73.21908902553491, -27.347816458322924], "cf": [-0.24259181717624756, 0.003112891260144579], "kappa_c": 0.01433162286680566, "k2": [0.6299723982810974, -0.7725921869277954, -0.3154039680957794, -0.3386251628398895, -0.3576722741127014], "k1": [21.907033920288086, 28.210912704467773, 28.198843002319336, 28.239294052124023, 28.25626564025879], "phi_c": 1.6422830076822919}}