{"0": {"phi_c_k": -6.642970565908367, "abs_cf": 0.4995800750687462, "tip": [19.918486134605992, -6.531659104570049], "cf": [-0.30867541190372094, 0.39281005777826294], "kappa_c": -0.041748059699362676, "k2": [-1.3651916980743408, 2.4570279121398926, 1.9983294010162354, 2.350588798522949, 2.377774238586426], "k1": [32.78007125854492, 40.1074104309082, 40.044429779052734, 40.22949981689453, 40.26004409790039], "phi_c": -7.175962870901046}}