{"cracks": {"3": 0.34847767075072567}, "holes": {"0": 0.009328506872328121, "1": 0.0009049486699265454, "2": 0.04928245595632662}}