{"cracks": {"2": 0.9325299925501642}, "holes": {"0": 0.10772082266446263, "1": -0.000501705064995658, "2": 0.16590791079281414}}