{"0": {"sI_max": 13.770358085632324, "pos_max": [71.21925354003906, -25.745380401611328], "s_path": [[0.0, 13.770358085632324], [0.03333441913127899, 13.727219581604004], [0.06666886061429977, 13.684070587158203], [0.10000327974557877, 13.640913009643555], [0.1333300769329071, 13.597756385803223], [0.1666645109653473, 13.554580688476562], [0.19999893009662628, 13.511396408081055], [0.23333334922790527, 13.468202590942383], [0.26666778326034546, 13.424999237060547], [0.30000221729278564, 13.381787300109863], [0.33333665132522583, 13.338565826416016], [0.36666345596313477, 13.295345306396484], [0.39999788999557495, 13.252105712890625]], "n": [0.9999519290910879, 0.009805075574000462]}, "1": {"sI_max": 0.04126620292663574, "pos_max": [31.348495483398438, -18.235759735107422], "s_path": [[0.0, 0.04126620292663574], [0.03333231061697006, 0.04257286712527275], [0.0666668489575386, 0.04387921839952469], [0.09999915957450867, 0.04518509656190872], [0.13333334028720856, 0.04649065434932709], [0.16666600108146667, 0.04779575392603874], [0.20000018179416656, 0.04910052940249443], [0.23333249986171722, 0.05040483549237251], [0.26666703820228577, 0.05170883610844612], [0.2999993562698364, 0.05301235616207123], [0.3333335518836975, 0.054315563291311264], [0.36666619777679443, 0.05561831220984459], [0.4000003933906555, 0.05692072585225105]], "n": [0.1828951739363308, 0.9831324200486927]}, "2": {"sI_max": 12.289846420288086, "pos_max": [55.19713592529297, -15.654610633850098], "s_path": [[0.0, 12.289846420288086], [0.03333350270986557, 12.137386322021484], [0.06666700541973114, 11.996553421020508], [0.10000050812959671, 11.867348670959473], [0.13333401083946228, 11.749770164489746], [0.16666750609874725, 11.643817901611328], [0.20000100135803223, 11.549491882324219], [0.23333260416984558, 11.466792106628418], [0.26666611433029175, 11.395723342895508], [0.2999996244907379, 11.336277961730957], [0.3333331346511841, 11.288461685180664], [0.36666664481163025, 11.259516716003418], [0.39999932050704956, 11.240639686584473]], "n": [-0.4981523373397037, -0.8670895275592885]}}