{"cracks": {"3": 0.24876947365965407}, "holes": {"0": 0.002465423955871074, "1": 0.0003505024933023097, "2": 0.04273161679555488}}