{"0": {"sI_max": 5.280963897705078, "pos_max": [56.96754455566406, -28.180286407470703], "s_path": [[0.0, 5.280963897705078], [0.03333387151360512, 5.249985694885254], [0.06666774302721024, 5.219042778015137], [0.10000064224004745, 5.188135147094727], [0.13333451747894287, 5.157261371612549], [0.16666510701179504, 5.126424789428711], [0.19999897480010986, 5.095620155334473], [0.23333284258842468, 5.064850330352783], [0.2666667103767395, 5.034115314483643], [0.2999995946884155, 5.003416061401367], [0.33333346247673035, 4.972750663757324], [0.36666733026504517, 4.942119598388672], [0.40000119805336, 4.91152286529541]], "n": [-0.859667060406521, 0.5108547202992364]}, "1": {"sI_max": -0.04071731120347977, "pos_max": [41.77888107299805, -27.149234771728516], "s_path": [[0.0, -0.04071731120347977], [0.03333362191915512, -0.03789767622947693], [0.06666722893714905, -0.035073503851890564], [0.10000085085630417, -0.032244421541690826], [0.1333344578742981, -0.029410792514681816], [0.1666680872440338, -0.026572249829769135], [0.20000170171260834, -0.023729179054498672], [0.23333151638507843, -0.02088150382041931], [0.26666513085365295, -0.018028980121016502], [0.29999876022338867, -0.015171525999903679], [0.333332359790802, -0.012309547513723373], [0.3666659891605377, -0.009442640468478203], [0.39999961853027344, -0.006571012549102306]], "n": [0.9999762122206968, 0.006897462776118669]}, "2": {"sI_max": 11.906499862670898, "pos_max": [69.60633850097656, 1.7389018535614014], "s_path": [[0.0, 11.906499862670898], [0.03333600237965584, 11.87967586517334], [0.06666440516710281, 11.852860450744629], [0.10000041872262955, 11.826043128967285], [0.13333642482757568, 11.799230575561523], [0.16666482388973236, 11.77242660522461], [0.2000008225440979, 11.745620727539062], [0.23333683609962463, 11.718818664550781], [0.2666652500629425, 11.692026138305664], [0.30000126361846924, 11.665230751037598], [0.3333296775817871, 11.638444900512695], [0.36666569113731384, 11.611658096313477], [0.4000017046928406, 11.584874153137207]], "n": [0.9962421914509854, -0.08661117695158273]}}