{"1": {"phi_c_k": 11.96083448469207, "abs_cf": 0.34430934374868094, "tip": [57.962482385482744, -18.131942869484007], "cf": [-0.29580381435107483, -0.17620734266199634], "kappa_c": 0.08957991175868128, "k2": [0.32016053795814514, -2.886423110961914, -3.505654811859131, -3.4896795749664307, -3.49023699760437], "k1": [28.282865524291992, 32.47478485107422, 32.53181076049805, 32.58045196533203, 32.60068130493164], "phi_c": 15.39765261878032}}