{"cracks": {"0": 0.9937002797555723}, "holes": {"0": 0.2052384247183164, "1": 0.33997391427814094, "2": 0.20622729860519137}}