{"0": {"sI_max": 12.570027351379395, "pos_max": [71.20733642578125, -27.089731216430664], "s_path": [[0.0, 12.570027351379395], [0.033330246806144714, 12.533885955810547], [0.06666812300682068, 12.497733116149902], [0.0999983698129654, 12.461586952209473], [0.13333618640899658, 12.425429344177246], [0.1666664332151413, 12.389276504516602], [0.199996680021286, 12.353120803833008], [0.23333455622196198, 12.31695556640625], [0.2666648030281067, 12.280793190002441], [0.30000266432762146, 12.244623184204102], [0.33333292603492737, 12.208455085754395], [0.3666631281375885, 12.172286987304688], [0.40000098943710327, 12.136106491088867]], "n": [0.9996198277618843, -0.027571723654876812]}, "1": {"sI_max": 18.144161224365234, "pos_max": [41.56306457519531, -22.567777633666992], "s_path": [[0.0, 18.144161224365234], [0.03333236649632454, 18.089649200439453], [0.06666473299264908, 18.03464698791504], [0.10000079870223999, 17.979141235351562], [0.13333316147327423, 17.92314910888672], [0.16666598618030548, 17.866661071777344], [0.19999834895133972, 17.809680938720703], [0.23333442211151123, 17.752201080322266], [0.26666679978370667, 17.694232940673828], [0.2999991774559021, 17.63576889038086], [0.33333155512809753, 17.576812744140625], [0.36666762828826904, 17.51735496520996], [0.4000000059604645, 17.45741081237793]], "n": [0.9709449789056818, 0.2393028372958525]}, "2": {"sI_max": 14.834033966064453, "pos_max": [69.62153625488281, 1.9173614978790283], "s_path": [[0.0, 14.834033966064453], [0.03333445265889168, 14.795957565307617], [0.06666891276836395, 14.757858276367188], [0.10000336170196533, 14.719738006591797], [0.13333019614219666, 14.681601524353027], [0.16666464507579803, 14.6434326171875], [0.1999991089105606, 14.605241775512695], [0.233333557844162, 14.567028045654297], [0.26666802167892456, 14.528789520263672], [0.30000248551368713, 14.490528106689453], [0.3333369493484497, 14.45224380493164], [0.36666378378868103, 14.413948059082031], [0.3999982476234436, 14.375617027282715]], "n": [0.9978910877695425, -0.06491053034846601]}}