{"3": {"phi_c_k": -7.225823075960009, "abs_cf": 0.060232596757878176, "tip": [50.103642719267, -24.164933244402008], "cf": [0.03962278694152488, -0.045365190037998104], "kappa_c": -0.04719806576358224, "k2": [0.30671846866607666, 0.811234712600708, 0.8293587565422058, 0.8418433666229248, 0.8489671349525452], "k1": [7.055257797241211, 13.221248626708984, 13.212900161743164, 13.226462364196777, 13.231256484985352], "phi_c": -8.112749908302504}}