{"cracks": {"0": 1.042023672222364}, "holes": {"0": 0.20715972315430525, "1": 0.28573015430679616, "2": 0.2158553356111435}}