{"0": {"sI_max": 0.15665984153747559, "pos_max": [56.828922271728516, -31.946712493896484], "s_path": [[0.0, 0.15665984153747559], [0.03333309292793274, 0.15648606419563293], [0.0666673481464386, 0.15631040930747986], [0.10000160336494446, 0.15613287687301636], [0.1333346962928772, 0.15595349669456482], [0.16666476428508759, 0.15577223896980286], [0.19999785721302032, 0.15558910369873047], [0.2333332747220993, 0.15540406107902527], [0.26666635274887085, 0.15521718561649323], [0.2999994456768036, 0.15502843260765076], [0.33333253860473633, 0.15483780205249786], [0.3666679561138153, 0.15464526414871216], [0.40000104904174805, 0.1544508934020996]], "n": [-0.7924916160357918, -0.6098828071957587]}, "1": {"sI_max": 0.019946126267313957, "pos_max": [41.774658203125, -25.754419326782227], "s_path": [[0.0, 0.019946126267313957], [0.033332835882902145, 0.021070923656225204], [0.06666567176580429, 0.02220548875629902], [0.09999851137399673, 0.02334982343018055], [0.1333351582288742, 0.024504059925675392], [0.16666799783706665, 0.025667935609817505], [0.2000008374452591, 0.026841575279831886], [0.23333367705345154, 0.028024988248944283], [0.2666665017604828, 0.029218170791864395], [0.29999932646751404, 0.030421119183301926], [0.3333321511745453, 0.03163383901119232], [0.36666497588157654, 0.032856326550245285], [0.4000016152858734, 0.03408872336149216]], "n": [0.999999645239466, -0.0008423306606657574]}, "2": {"sI_max": 2.73431658744812, "pos_max": [69.60633850097656, 1.7389018535614014], "s_path": [[0.0, 2.73431658744812], [0.03333600237965584, 2.7218387126922607], [0.06666440516710281, 2.7093634605407715], [0.10000041872262955, 2.696885108947754], [0.13333642482757568, 2.6844067573547363], [0.16666482388973236, 2.671931028366089], [0.2000008225440979, 2.659452438354492], [0.23333683609962463, 2.6469736099243164], [0.2666652500629425, 2.6344974040985107], [0.30000126361846924, 2.622018337249756], [0.3333296775817871, 2.609541654586792], [0.36666569113731384, 2.597062349319458], [0.4000017046928406, 2.584582567214966]], "n": [0.9962421914509854, -0.08661117695158273]}}