{"0": {"phi_c_k": -6.794374751095299, "abs_cf": 0.5366757335496128, "tip": [12.770740350038764, -1.1502164633959422], "cf": [-0.4674017300808373, 0.26373559808727975], "kappa_c": -0.04008128591639775, "k2": [0.025618521496653557, 2.5447499752044678, 2.4754788875579834, 2.49979829788208, 2.5246267318725586], "k1": [34.551788330078125, 41.696807861328125, 41.740821838378906, 41.81452560424805, 41.84848403930664], "phi_c": -6.889465561400211}}