{"1": {"phi_c_k": -1.7717498665783495, "abs_cf": 0.4951085592749621, "tip": [49.17886334388002, -20.06550431177084], "cf": [-0.4864537290130784, -0.09216970758659926], "kappa_c": -0.003029133256446342, "k2": [2.607661485671997, 0.11710699647665024, 0.6463595032691956, 0.6247616410255432, 0.6027106046676636], "k1": [35.23204803466797, 40.312042236328125, 40.31753921508789, 40.38520050048828, 40.416812896728516], "phi_c": -0.520669653531284}}