{"cracks": {}, "holes": {"0": 0.14600571925999276, "1": 0.0012105639905188822, "2": 0.08911411544112412}}