{"1": {"phi_c_k": -0.838703115291841, "abs_cf": 0.46863281356560244, "tip": [52.126421328287165, -19.507022504943023], "cf": [-0.4598154785188626, -0.09047894597574668], "kappa_c": 0.0023456986055826173, "k2": [2.4212586879730225, -0.18388880789279938, 0.31407448649406433, 0.28729018568992615, 0.26156023144721985], "k1": [34.20191955566406, 39.17261505126953, 39.18330383300781, 39.247398376464844, 39.276947021484375], "phi_c": 0.40319589032881886}}