{"cracks": {}, "holes": {"0": 0.20897448139804897, "1": 0.3131807715568325, "2": 0.2594094940358878}}