{"1": {"phi_c_k": 17.409548382704386, "abs_cf": 0.20765252534518266, "tip": [60.53984910284074, -16.59663156416015], "cf": [-0.10665107652602046, -0.1781716003129361], "kappa_c": 0.16472423105489634, "k2": [-0.8482438921928406, -2.928271532058716, -2.371138572692871, -3.7980728149414062, -3.7670798301696777], "k1": [20.674190521240234, 23.572229385375977, 23.44952964782715, 23.6436710357666, 23.651416778564453], "phi_c": 28.314009668950103}}