{"0": {"sI_max": 13.369083404541016, "pos_max": [71.22280883789062, -27.264934539794922], "s_path": [[0.0, 13.369083404541016], [0.0333310030400753, 13.309379577636719], [0.06666962802410126, 13.249824523925781], [0.10000063478946686, 13.190444946289062], [0.13333164155483246, 13.131229400634766], [0.16667026281356812, 13.072160720825195], [0.20000126957893372, 13.013267517089844], [0.23333227634429932, 12.954537391662598], [0.2666632831096649, 12.89596939086914], [0.30000191926956177, 12.83755111694336], [0.33333292603492737, 12.779306411743164], [0.36666393280029297, 12.721660614013672], [0.40000247955322266, 12.66395378112793]], "n": [0.9991392330551996, -0.04148244170570666]}, "1": {"sI_max": 20.072967529296875, "pos_max": [41.47832489013672, -22.167098999023438], "s_path": [[0.0, 20.072967529296875], [0.03333462402224541, 19.965316772460938], [0.06666567176580429, 19.857213973999023], [0.1000002920627594, 19.748638153076172], [0.13333424925804138, 19.639602661132812], [0.16666530072689056, 19.530113220214844], [0.19999992847442627, 19.420150756835938], [0.23333455622196198, 19.309730529785156], [0.26666560769081116, 19.198856353759766], [0.30000022053718567, 19.087509155273438], [0.3333348333835602, 18.97570037841797], [0.36666521430015564, 18.863445281982422], [0.39999982714653015, 18.75071144104004]], "n": [0.9366606769867946, 0.35023817065910967]}, "2": {"sI_max": 16.566720962524414, "pos_max": [69.60884094238281, 1.5465506315231323], "s_path": [[0.0, 16.566720962524414], [0.03333032876253128, 16.50707244873047], [0.06666824221611023, 16.447410583496094], [0.09999857097864151, 16.387765884399414], [0.13333648443222046, 16.328107833862305], [0.16666682064533234, 16.268465042114258], [0.1999971568584442, 16.208820343017578], [0.23333506286144257, 16.1491641998291], [0.26666539907455444, 16.089527130126953], [0.300003319978714, 16.02987289428711], [0.3333336412906647, 15.970233917236328], [0.36666396260261536, 15.910884857177734], [0.4000018835067749, 15.85152816772461]], "n": [0.9938956043012946, -0.11032464706748213]}}