{"0": {"sI_max": 6.678063869476318, "pos_max": [60.233154296875, -24.758304595947266], "s_path": [[0.0, 6.678063869476318], [0.033334553241729736, 6.638996124267578], [0.06666678935289383, 6.599856376647949], [0.09999983012676239, 6.560643196105957], [0.1333320587873459, 6.52135705947876], [0.16666661202907562, 6.481994152069092], [0.20000116527080536, 6.4425578117370605], [0.23333188891410828, 6.40305233001709], [0.266666442155838, 6.363469123840332], [0.30000099539756775, 6.323812484741211], [0.33333322405815125, 6.284083843231201], [0.366667777299881, 6.244279861450195], [0.3999984860420227, 6.204406261444092]], "n": [-0.6080955871721851, 0.7938638150600614]}, "1": {"sI_max": 0.04299019277095795, "pos_max": [41.774658203125, -25.754419326782227], "s_path": [[0.0, 0.04299019277095795], [0.033332835882902145, 0.04808485880494118], [0.06666567176580429, 0.0532049834728241], [0.09999851137399673, 0.05835029482841492], [0.1333351582288742, 0.06352151930332184], [0.16666799783706665, 0.06871747970581055], [0.2000008374452591, 0.07393892109394073], [0.23333367705345154, 0.07918552309274673], [0.2666665017604828, 0.08445745706558228], [0.29999932646751404, 0.0897548571228981], [0.3333321511745453, 0.09507744014263153], [0.36666497588157654, 0.10042532533407211], [0.4000016152858734, 0.10579916834831238]], "n": [0.999999645239466, -0.0008423306606657574]}, "2": {"sI_max": 4.622610569000244, "pos_max": [69.60633850097656, 1.7389018535614014], "s_path": [[0.0, 4.622610569000244], [0.03333600237965584, 4.6061530113220215], [0.06666440516710281, 4.589653968811035], [0.10000041872262955, 4.5731072425842285], [0.13333642482757568, 4.556516170501709], [0.16666482388973236, 4.539884090423584], [0.2000008225440979, 4.523204326629639], [0.23333683609962463, 4.5064802169799805], [0.2666652500629425, 4.489715099334717], [0.30000126361846924, 4.472902297973633], [0.3333296775817871, 4.456048965454102], [0.36666569113731384, 4.439146995544434], [0.4000017046928406, 4.422201156616211]], "n": [0.9962421914509854, -0.08661117695158273]}}