{"0": {"sI_max": 13.030654907226562, "pos_max": [71.21925354003906, -25.745380401611328], "s_path": [[0.0, 13.030654907226562], [0.03333441913127899, 12.991547584533691], [0.06666886061429977, 12.952396392822266], [0.10000327974557877, 12.913202285766602], [0.1333300769329071, 12.873973846435547], [0.1666645109653473, 12.834692001342773], [0.19999893009662628, 12.795368194580078], [0.23333334922790527, 12.756000518798828], [0.26666778326034546, 12.716588973999023], [0.30000221729278564, 12.677133560180664], [0.33333665132522583, 12.637635231018066], [0.36666345596313477, 12.598102569580078], [0.39999788999557495, 12.558517456054688]], "n": [0.9999519290910879, 0.009805075574000462]}, "1": {"sI_max": 0.0787649154663086, "pos_max": [31.348495483398438, -18.235759735107422], "s_path": [[0.0, 0.0787649154663086], [0.03333231061697006, 0.08120118081569672], [0.0666668489575386, 0.08363598585128784], [0.09999915957450867, 0.0860690325498581], [0.13333334028720856, 0.08850060403347015], [0.16666600108146667, 0.09093044698238373], [0.20000018179416656, 0.09335881471633911], [0.23333249986171722, 0.09578540921211243], [0.26666703820228577, 0.09821057319641113], [0.2999993562698364, 0.10063396394252777], [0.3333335518836975, 0.10305588692426682], [0.36666619777679443, 0.10547608882188797], [0.4000003933906555, 0.10789479315280914]], "n": [0.1828951739363308, 0.9831324200486927]}, "2": {"sI_max": 13.943632125854492, "pos_max": [69.62153625488281, 1.9173614978790283], "s_path": [[0.0, 13.943632125854492], [0.03333445265889168, 13.909299850463867], [0.06666891276836395, 13.874947547912598], [0.10000336170196533, 13.84057331085205], [0.13333019614219666, 13.806184768676758], [0.16666464507579803, 13.771766662597656], [0.1999991089105606, 13.737327575683594], [0.233333557844162, 13.702865600585938], [0.26666802167892456, 13.66838264465332], [0.30000248551368713, 13.633878707885742], [0.3333369493484497, 13.59935188293457], [0.36666378378868103, 13.564811706542969], [0.3999982476234436, 13.530242919921875]], "n": [0.9978910877695425, -0.06491053034846601]}}