{"0": {"kappa": [0, 0, 0, 0, 0], "is_active": 1, "da": [10.0, 3.0, 3.0, 3.0, 3.0], "n0": [1, 0], "dphi": [0, -22.544786609362703, -6.889465561400211, -7.396298438041089, -7.832748463874445], "x0": [0, 0], "close_hole": []}}