{"cracks": {"1": 0.951553136357767}, "holes": {"0": 0.1967142117795948, "1": 0.1469325119672336, "2": 0.24022419377186363}}