{"0": {"x0": [0, 0], "n0": [1, 0], "da": [10.0, 3.0, 3.0, 3.0, 3.0, 3.0, 3.0, 5.144857142857142], "kappa": [0, 0, 0, 0, 0, 0, 0, 0], "dphi": [0, -22.544786609362703, -6.889465561400211, -7.396298438041089, -7.832748463874445, -7.175962870901046, -6.66403411600222, -6.248941958022016], "is_active": 0, "close_hole": [1]}, "1": {"x0": [41.47645156878274, -22.167799475364756], "n0": [0.9366606769867946, 0.35023817065910967], "da": [2.0, 3.0], "kappa": [0, 0], "dphi": [0, -4.707161728151071], "is_active": 1, "close_hole": []}}