{"0": {"phi_c_k": -23.21942784921824, "abs_cf": 0.48977036200920604, "tip": [10.0, 0.0], "cf": [-0.4523421680906665, 0.18778064455545973], "kappa_c": -0.03934807554929078, "k2": [4.146507740020752, 7.146426200866699, 8.415063858032227, 8.453371047973633, 8.481555938720703], "k1": [32.257564544677734, 37.526588439941406, 37.6112060546875, 37.672752380371094, 37.701053619384766], "phi_c": -22.544786609362703}}