{"cracks": {"0": 1.003602457790814}, "holes": {"0": 0.20313037288655433, "1": 0.28751993878968685, "2": 0.220840206679394}}