{"0": {"phi_c_k": -7.452036517527011, "abs_cf": 0.5385634134020032, "tip": [17.784736467854465, -4.4228413410737], "cf": [-0.3830531679570299, 0.37857736431712397], "kappa_c": -0.045569083391712395, "k2": [-1.486952543258667, 2.8015964031219482, 2.30975604057312, 2.748028516769409, 2.7765064239501953], "k1": [33.353675842285156, 41.708702087402344, 41.64508056640625, 41.839515686035156, 41.87265396118164], "phi_c": -7.832748463874445}}