{"cracks": {}, "holes": {"0": 0.20804601383460908, "1": 0.0006788199372451125, "2": 0.20559319987855434}}