{"cracks": {"2": 0.6993830639123558}, "holes": {"0": 0.08231234347311446, "1": -0.0005525736261731361, "2": 0.1869475687012955}}