{"3": {"phi_c_k": -51.82197281302574, "abs_cf": 0.030695580508351056, "tip": [48.13015382416923, -21.905432949884265], "cf": [0.020202507002977654, -0.02311011409619823], "kappa_c": 0.0001448525253901651, "k2": [1.1024658679962158, 1.5613996982574463, -0.8303919434547424, 6.1482319831848145, 6.487687110900879], "k1": [3.7007453441619873, 7.704403877258301, 9.206628799438477, 6.681851387023926, 6.267144203186035], "phi_c": 0.024898315070004173}}