{"cracks": {"1": 1.0150564048068869}, "holes": {"0": 0.19443298413615165, "1": 0.058558523974708475, "2": 0.23326062240265916}}