{"cracks": {"0": 0.8554927231513847}, "holes": {"0": 0.19711701381162122, "1": 0.2844456074245004, "2": 0.23276524781524574}}