{"0": {"phi_c_k": -5.785333459249988, "abs_cf": 0.440996919377038, "tip": [21.77209535948097, -8.890500523881313], "cf": [-0.23039862617853757, 0.3760249406024556], "kappa_c": -0.03876977892982283, "k2": [-1.4070041179656982, 2.0552687644958496, 1.6457654237747192, 1.9155012369155884, 1.939936637878418], "k1": [31.220067977905273, 37.60586166381836, 37.546512603759766, 37.714996337890625, 37.7421760559082], "phi_c": -6.66403411600222}}