{"0": {"sI_max": 12.999126434326172, "pos_max": [71.20733642578125, -27.089731216430664], "s_path": [[0.0, 12.999126434326172], [0.033330246806144714, 12.964347839355469], [0.06666812300682068, 12.929492950439453], [0.0999983698129654, 12.894577980041504], [0.13333618640899658, 12.859588623046875], [0.1666664332151413, 12.824539184570312], [0.199996680021286, 12.789420127868652], [0.23333455622196198, 12.75422477722168], [0.2666648030281067, 12.71897029876709], [0.30000266432762146, 12.683639526367188], [0.33333292603492737, 12.648248672485352], [0.3666631281375885, 12.61279010772705], [0.40000098943710327, 12.577255249023438]], "n": [0.9996198277618843, -0.027571723654876812]}, "1": {"sI_max": 0.19111719727516174, "pos_max": [41.129676818847656, -29.753570556640625], "s_path": [[0.0, 0.19111719727516174], [0.03333393111824989, 0.20132485032081604], [0.06666786223649979, 0.21154826879501343], [0.0999988242983818, 0.2217862457036972], [0.133332759141922, 0.23204122483730316], [0.1666666865348816, 0.24231195449829102], [0.2000006139278412, 0.2525984048843384], [0.23333454132080078, 0.262900710105896], [0.2666654884815216, 0.27321749925613403], [0.2999994158744812, 0.28355127573013306], [0.3333333432674408, 0.29390084743499756], [0.3666672706604004, 0.30426618456840515], [0.40000119805336, 0.31464725732803345]], "n": [0.7786326747661805, -0.6274800058858158]}, "2": {"sI_max": 14.63634204864502, "pos_max": [69.62153625488281, 1.9173614978790283], "s_path": [[0.0, 14.63634204864502], [0.03333445265889168, 14.598583221435547], [0.06666891276836395, 14.560791015625], [0.10000336170196533, 14.522970199584961], [0.13333019614219666, 14.485124588012695], [0.16666464507579803, 14.44723892211914], [0.1999991089105606, 14.409322738647461], [0.233333557844162, 14.371374130249023], [0.26666802167892456, 14.333395957946777], [0.30000248551368713, 14.295385360717773], [0.3333369493484497, 14.257345199584961], [0.36666378378868103, 14.219278335571289], [0.3999982476234436, 14.181175231933594]], "n": [0.9978910877695425, -0.06491053034846601]}}