{"cracks": {"0": 0.9414751018081503}, "holes": {"0": 0.2477382092024552, "1": 0.2741632883607039, "2": 0.23894645246737178}}