{"cracks": {"1": 1.0789422637478}, "holes": {"0": 0.18626620391294751, "1": 0.25630362984683713, "2": 0.25088011505856944}}