{"0": {"sI_max": 2.5844338604960604e-13, "pos_max": [12.761985778808594, -16.62538719177246], "s_path": [[0.0, 2.5844338604960604e-13], [0.03333403170108795, 2.5759217892398767e-13], [0.06666630506515503, 2.567409717983693e-13], [0.10000033676624298, 2.5588976467275093e-13], [0.13333261013031006, 2.550386388622955e-13], [0.166666641831398, 2.5418743173667713e-13], [0.2000008076429367, 2.533362788211674e-13], [0.23333294689655304, 2.5248512590565764e-13], [0.26666709780693054, 2.516339729901479e-13], [0.2999992370605469, 2.5078284717969246e-13], [0.333333283662796, 2.499316671591284e-13], [0.3666674494743347, 2.4908054134867297e-13], [0.39999958872795105, 2.4822941553821753e-13]], "n": [0.13402285525646748, 0.9909782410673325]}, "1": {"sI_max": 2.9459063227016413e-13, "pos_max": [64.03846740722656, -30.519880294799805], "s_path": [[0.0, 2.9459063227016413e-13], [0.03333420678973198, 2.934567736381788e-13], [0.06666841357946396, 2.923239449982573e-13], [0.09999828785657883, 2.911921192453454e-13], [0.1333324909210205, 2.9006140479966025e-13], [0.16666670143604279, 2.889317474510933e-13], [0.20000091195106506, 2.878031200945902e-13], [0.23333512246608734, 2.866755769402596e-13], [0.2666693329811096, 2.8554906377799283e-13], [0.2999992072582245, 2.8442360771284425e-13], [0.3333318531513214, 2.8329926295492247e-13], [0.3666660487651825, 2.8217592108401024e-13], [0.4000002443790436, 2.810536363102162e-13]], "n": [0.5680431789234874, -0.8229987526591391]}, "2": {"sI_max": 2.318429736386518e-12, "pos_max": [37.77050018310547, 4.351114749908447], "s_path": [[0.0, 2.318429736386518e-12], [0.0333346426486969, 2.2938656182858175e-12], [0.06666603684425354, 2.26927851509906e-12], [0.10000067949295044, 2.2446614879323423e-12], [0.13333207368850708, 2.2200212588391333e-12], [0.16666646301746368, 2.195351322606398e-12], [0.20000110566616058, 2.1706551486810888e-12], [0.23333249986171722, 2.1465242777685134e-12], [0.2666671574115753, 2.122773311297177e-12], [0.29999855160713196, 2.098969869440692e-12], [0.33333319425582886, 2.0751078806668932e-12], [0.36666783690452576, 2.0511905975822975e-12], [0.3999992311000824, 2.0272208391125535e-12]], "n": [0.8511664788805264, -0.5248958232164991]}}