{"cracks": {}, "holes": {"0": 4.049350349787913e-15, "1": 4.610533853027359e-15, "2": 3.5787486838048544e-14}}