{"0": {"phi_c_k": -9.604668550249635, "abs_cf": 0.3835474242640959, "tip": [10.0, 0.0], "cf": [-0.3786784253885287, 0.060920249547148586], "kappa_c": -0.01595092258504207, "k2": [1.3488420248031616, 2.93540620803833, 2.9861807823181152, 2.997751235961914, 3.007113218307495], "k1": [32.97190856933594, 34.937469482421875, 35.12134552001953, 35.178131103515625, 35.20396041870117], "phi_c": -9.139205434628156}}