{"cracks": {"2": 0.5931327076909836}, "holes": {"0": 0.03265613953060879, "1": 0.00546176157753655, "2": 0.16326073350809378}}