{"cracks": {"0": 0.8793640300277497}, "holes": {"0": 0.2587699290405288, "1": 0.2676541551113673, "2": 0.22328566196484967}}