{"2": {"phi_c_k": -3.248713499112989, "abs_cf": 0.38686839727977584, "tip": [33.97735160969519, -6.402555103173111], "cf": [0.3745216477197175, -0.0969571668476874], "kappa_c": -0.02309601370531444, "k2": [0.8845844268798828, 0.9823055863380432, 1.0023233890533447, 0.9972836375236511, 0.9969828724861145], "k1": [25.101709365844727, 34.911903381347656, 35.06273651123047, 35.11110305786133, 35.132991790771484], "phi_c": -3.969912326672471}}