{"2": {"phi_c_k": -6.571441198541864, "abs_cf": 0.2605993100464376, "tip": [31.07309540510629, -5.6506934815253], "cf": [0.24133708003739685, -0.09832809464086267], "kappa_c": -0.044524783201663996, "k2": [-0.08602339774370193, 1.4067720174789429, 1.6532368659973145, 1.6459938287734985, 1.643652081489563], "k1": [21.984128952026367, 28.419198989868164, 28.445541381835938, 28.48206901550293, 28.497676849365234], "phi_c": -7.653246483570996}}