{"0": {"phi_c_k": 4.73386449306874, "abs_cf": 0.3679834517654473, "tip": [15.93857857554547, -0.8499716276670131], "cf": [-0.3676682555925481, 0.015227429288818595], "kappa_c": 0.0278071493374924, "k2": [-1.143357515335083, -1.4214280843734741, -1.4313504695892334, -1.440216302871704, -1.443327784538269], "k1": [33.07794189453125, 34.48542022705078, 34.667938232421875, 34.72408676147461, 34.74961853027344], "phi_c": 4.779696891984953}}