{"0": {"sI_max": 15.794317245483398, "pos_max": [34.626197814941406, -24.328594207763672], "s_path": [[0.0, 15.794317245483398], [0.03333311155438423, 15.746858596801758], [0.06666622310876846, 15.699495315551758], [0.099999338388443, 15.652229309082031], [0.13333216309547424, 15.605062484741211], [0.16666527092456818, 15.557989120483398], [0.1999983787536621, 15.511012077331543], [0.23333148658275604, 15.464130401611328], [0.2666683793067932, 15.417341232299805], [0.30000150203704834, 15.37065315246582], [0.3333343267440796, 15.324064254760742], [0.3666674494743347, 15.277568817138672], [0.40000057220458984, 15.231169700622559]], "n": [0.9891209711778146, -0.14710439958157867]}, "1": {"sI_max": 17.012638092041016, "pos_max": [68.13118743896484, -14.978609085083008], "s_path": [[0.0, 17.012638092041016], [0.03333079814910889, 16.965145111083984], [0.0666690245270729, 16.91765594482422], [0.0999998226761818, 16.870189666748047], [0.13333049416542053, 16.822736740112305], [0.1666688472032547, 16.775287628173828], [0.1999996453523636, 16.727863311767578], [0.23333030939102173, 16.68045425415039], [0.2666686773300171, 16.633045196533203], [0.2999993562698364, 16.585662841796875], [0.3333301544189453, 16.538293838500977], [0.36666837334632874, 16.490928649902344], [0.3999991714954376, 16.443586349487305]], "n": [0.9909078841049019, 0.13454205743464118]}, "2": {"sI_max": 14.546472549438477, "pos_max": [39.2819938659668, 7.548139572143555], "s_path": [[0.0, 14.546472549438477], [0.033334217965602875, 14.505465507507324], [0.06666843593120575, 14.464458465576172], [0.09999904781579971, 14.423453330993652], [0.1333332657814026, 14.382442474365234], [0.16666747629642487, 14.341431617736816], [0.20000168681144714, 14.300418853759766], [0.2333323061466217, 14.259408950805664], [0.26666635274887085, 14.218393325805664], [0.3000005781650543, 14.177377700805664], [0.3333348035812378, 14.136360168457031], [0.36666542291641235, 14.095346450805664], [0.3999996483325958, 14.054326057434082]], "n": [0.9447964960790648, -0.32765771926924253]}}