{"0": {"phi_c_k": 2.1273871815868404, "abs_cf": 0.39027231124494377, "tip": [12.961916061215305, -0.476501045449868], "cf": [-0.3872363197546065, 0.048585075767960006], "kappa_c": 0.011565071383529245, "k2": [-1.503483533859253, -0.6646766662597656, -0.659314751625061, -0.6659945845603943, -0.6673041582107544], "k1": [33.62703323364258, 35.596107482910156, 35.785987854003906, 35.84489822387695, 35.87164306640625], "phi_c": 1.9878893401312485}}