{"1": {"phi_c_k": -4.63081493608029, "abs_cf": 0.9074170792788778, "tip": [72.97642207203718, -13.592556088109022], "cf": [-0.9055590716925508, -0.058038982092512015], "kappa_c": -0.023930606886901847, "k2": [2.004721164703369, 2.1942968368530273, 2.2033097743988037, 2.2124550342559814, 2.2164711952209473], "k1": [52.10300064086914, 54.134151458740234, 54.434574127197266, 54.53945541381836, 54.592315673828125], "phi_c": -4.113368327418533}}