{"2": {"phi_c_k": -9.907406262286099, "abs_cf": 0.17449597883068757, "tip": [28.29484077356803, -4.518747722075578], "cf": [0.14489776403134336, -0.097229031707597], "kappa_c": -0.06803786083544118, "k2": [-0.3304978311061859, 1.7225689888000488, 2.0137882232666016, 2.008610486984253, 2.0075576305389404], "k1": [20.283605575561523, 22.769651412963867, 22.798952102661133, 22.82598876953125, 22.836753845214844], "phi_c": -11.69484681890765}}