{"2": {"phi_c_k": -4.1299858890221195, "abs_cf": 0.4308148385728775, "tip": [39.89604430459726, -7.3792699719682915], "cf": [0.4264136025868197, -0.0614236490572182], "kappa_c": -0.03667302493238073, "k2": [-2.1482343673706055, 1.291151523590088, 1.344558835029602, 1.3609695434570312, 1.3740379810333252], "k1": [33.01706314086914, 37.43324279785156, 37.594635009765625, 37.64728546142578, 37.67181396484375], "phi_c": -4.202419101206914}}