{"cracks": {"0": 0.8613374022384337}, "holes": {"0": 0.24761545707829294, "1": 0.2668293641781984, "2": 0.22813683379286515}}