{"cracks": {}, "holes": {"0": 0.2120149696003212, "1": 0.3059402911171277, "2": 0.26679150359644904}}