{"0": {"phi_c_k": 10.455805207450751, "abs_cf": 0.4396421821930348, "tip": [21.919326510789183, -0.6581768616395469], "cf": [-0.42075264470912543, -0.12748513769741976], "kappa_c": 0.06289749737293501, "k2": [-1.4622443914413452, -3.4062016010284424, -3.4778084754943848, -3.4971835613250732, -3.509286642074585], "k1": [35.17393493652344, 37.31499099731445, 37.51559066772461, 37.58137512207031, 37.61478805541992], "phi_c": 10.811283424213077}}