{"0": {"sI_max": 16.535200119018555, "pos_max": [6.612646102905273, -22.36964225769043], "s_path": [[0.0, 16.535200119018555], [0.033333271741867065, 16.471071243286133], [0.06666684150695801, 16.40692901611328], [0.10000011324882507, 16.342769622802734], [0.13333338499069214, 16.278593063354492], [0.1666666567325592, 16.21440315246582], [0.20000022649765015, 16.150196075439453], [0.2333334982395172, 16.085975646972656], [0.2666667699813843, 16.021738052368164], [0.30000004172325134, 15.957484245300293], [0.3333336114883423, 15.893216133117676], [0.36666688323020935, 15.828932762145996], [0.4000001549720764, 15.764633178710938]], "n": [-0.9879822147479865, 0.1545676012030441]}, "1": {"sI_max": 17.066556930541992, "pos_max": [68.13118743896484, -14.978609085083008], "s_path": [[0.0, 17.066556930541992], [0.03333079814910889, 17.01825714111328], [0.0666690245270729, 16.969959259033203], [0.0999998226761818, 16.92167854309082], [0.13333049416542053, 16.873409271240234], [0.1666688472032547, 16.82513999938965], [0.1999996453523636, 16.77688980102539], [0.23333030939102173, 16.728649139404297], [0.2666686773300171, 16.68040657043457], [0.2999993562698364, 16.632186889648438], [0.3333301544189453, 16.583974838256836], [0.36666837334632874, 16.535762786865234], [0.3999991714954376, 16.487571716308594]], "n": [0.9909078841049019, 0.13454205743464118]}, "2": {"sI_max": 14.239506721496582, "pos_max": [39.2819938659668, 7.548139572143555], "s_path": [[0.0, 14.239506721496582], [0.033334217965602875, 14.198205947875977], [0.06666843593120575, 14.156898498535156], [0.09999904781579971, 14.115589141845703], [0.1333332657814026, 14.074268341064453], [0.16666747629642487, 14.032941818237305], [0.20000168681144714, 13.991608619689941], [0.2333323061466217, 13.950273513793945], [0.26666635274887085, 13.908927917480469], [0.3000005781650543, 13.867576599121094], [0.3333348035812378, 13.826216697692871], [0.36666542291641235, 13.784856796264648], [0.3999996483325958, 13.743484497070312]], "n": [0.9447964960790648, -0.32765771926924253]}}