{"0": {"sI_max": 11.90725326538086, "pos_max": [34.626197814941406, -24.328594207763672], "s_path": [[0.0, 11.90725326538086], [0.03333311155438423, 11.858577728271484], [0.06666622310876846, 11.80997085571289], [0.099999338388443, 11.761431694030762], [0.13333216309547424, 11.712961196899414], [0.16666527092456818, 11.664555549621582], [0.1999983787536621, 11.616218566894531], [0.23333148658275604, 11.567951202392578], [0.2666683793067932, 11.519743919372559], [0.30000150203704834, 11.471611022949219], [0.3333343267440796, 11.423544883728027], [0.3666674494743347, 11.375547409057617], [0.40000057220458984, 11.327616691589355]], "n": [0.9891209711778146, -0.14710439958157867]}, "1": {"sI_max": 16.3627986907959, "pos_max": [41.88401794433594, -7.950471878051758], "s_path": [[0.0, 16.3627986907959], [0.03333331272006035, 16.306625366210938], [0.0666666328907013, 16.250452041625977], [0.09999994188547134, 16.194278717041016], [0.1333332657814026, 16.138103485107422], [0.16666658222675323, 16.081926345825195], [0.19999989867210388, 16.02574920654297], [0.23333321511745453, 15.969568252563477], [0.2666665315628052, 15.913389205932617], [0.29999983310699463, 15.857208251953125], [0.33333316445350647, 15.801025390625], [0.3666664659976959, 15.744843482971191], [0.39999979734420776, 15.688658714294434]], "n": [-0.9998708415930313, 0.01607171839111535]}, "2": {"sI_max": 16.01287841796875, "pos_max": [39.05077362060547, 6.9462409019470215], "s_path": [[0.0, 16.01287841796875], [0.03333457559347153, 15.959712982177734], [0.06666543334722519, 15.906559944152832], [0.10000000894069672, 15.853408813476562], [0.13333459198474884, 15.800262451171875], [0.1666654497385025, 15.747129440307617], [0.20000003278255463, 15.693997383117676], [0.23333461582660675, 15.640871047973633], [0.2666654884815216, 15.587757110595703], [0.30000007152557373, 15.53464412689209], [0.33333465456962585, 15.481536865234375], [0.3666655123233795, 15.428442001342773], [0.40000009536743164, 15.375346183776855]], "n": [0.9279631108676863, -0.37267206075686177]}}