{"0": {"x0": [0, 0], "n0": [1, 0], "da": [10.0, 3.0, 3.0, 3.0, 3.0, 2.573428571428571], "kappa": [0, 0, 0, 0, 0, 0], "dphi": [0, -9.139205434628156, 1.9878893401312485, 4.779696891984953, 8.41678091985374, 10.811283424213077], "is_active": 0, "close_hole": []}, "1": {"x0": [68.0332312170988, -14.33915042383368], "n0": [0.9854046341895675, 0.17022839633188286], "da": [2.0, 3.0, 3.0, 4.033444878875218], "kappa": [0, 0, 0, 0], "dphi": [0, -2.0205521088246554, -4.113368327418533, -2.021160783980975], "is_active": 0, "close_hole": []}, "2": {"x0": [41.891185815338865, -7.518591011713573], "n0": [-0.9975707553708025, 0.06966051987264091], "da": [2.0, 3.0, 3.0, 3.0, 3.0, 7.5], "kappa": [0, 0, 0, 0, 0, 0], "dphi": [0, -4.202419101206914, -2.3474153369738247, -3.969912326672471, -7.653246483570996, -11.69484681890765], "is_active": 1, "close_hole": [2]}}