{"cracks": {"2": 0.9319754844277557}, "holes": {"0": 0.13820830477650198, "1": 0.16622245667357963, "2": 0.2194830849162103}}