{"0": {"sI_max": 5.09664249420166, "pos_max": [34.70951461791992, -21.610544204711914], "s_path": [[0.0, 5.09664249420166], [0.033333033323287964, 5.0808868408203125], [0.06666606664657593, 5.065040111541748], [0.09999910742044449, 5.049102783203125], [0.13333214819431305, 5.033074855804443], [0.166665181517601, 5.016956329345703], [0.19999821484088898, 5.00074577331543], [0.23333506286144257, 4.984442710876465], [0.2666681110858917, 4.968050956726074], [0.3000011444091797, 4.951568603515625], [0.33333417773246765, 4.934995651245117], [0.3666672110557556, 4.918331623077393], [0.4000002443790436, 4.901576042175293]], "n": [0.9999936721405712, -0.0035574820893146393]}, "1": {"sI_max": 2.1452255249023438, "pos_max": [42.35186767578125, -15.345319747924805], "s_path": [[0.0, 2.1452255249023438], [0.03333282098174095, 2.1460654735565186], [0.0666656419634819, 2.146911382675171], [0.09999845921993256, 2.14776349067688], [0.13333487510681152, 2.1486213207244873], [0.16666769981384277, 2.1494853496551514], [0.20000052452087402, 2.150355339050293], [0.23333334922790527, 2.151231288909912], [0.2666661739349365, 2.152113199234009], [0.2999989986419678, 2.153001308441162], [0.333331823348999, 2.153895139694214], [0.3666684031486511, 2.1547951698303223], [0.40000104904174805, 2.155700922012329]], "n": [-0.9847803778283247, -0.17380335855299744]}, "2": {"sI_max": 13.700090408325195, "pos_max": [38.4703254699707, 5.661138534545898], "s_path": [[0.0, 13.700090408325195], [0.03333273530006409, 13.640055656433105], [0.06666547060012817, 13.580018997192383], [0.09999842196702957, 13.51998233795166], [0.13333456218242645, 13.459939956665039], [0.16666729748249054, 13.39990234375], [0.20000003278255463, 13.339864730834961], [0.2333327680826187, 13.279827117919922], [0.2666657269001007, 13.219789505004883], [0.2999984622001648, 13.159751892089844], [0.3333345949649811, 13.099706649780273], [0.36666733026504517, 13.039669036865234], [0.40000006556510925, 12.979629516601562]], "n": [0.8931155990986106, -0.44982721865926445]}}