{"cracks": {}, "holes": {"0": 0.16556599817088874, "1": 0.2741670165532693, "2": 0.23577385335648213}}