{"cracks": {"2": 0.7248460766059533}, "holes": {"0": 0.05056801370826265, "1": 0.01339552469001923, "2": 0.19170599697011192}}