{"cracks": {"1": 1.3897383548346436}, "holes": {"0": 0.1693735299182105, "1": 0.26669759151726113, "2": 0.25415298076459775}}