{"2": {"phi_c_k": -1.7249760920188488, "abs_cf": 0.507439859851279, "tip": [36.92669252461195, -6.951543415979477], "cf": [0.49887104683966754, -0.09285951750348431], "kappa_c": -0.013656708847335141, "k2": [2.9081170558929443, 0.583004891872406, 0.6094185709953308, 0.6097921133041382, 0.6129181981086731], "k1": [29.683324813842773, 40.251617431640625, 40.428680419921875, 40.48756408691406, 40.515357971191406], "phi_c": -2.3474153369738247}}