{"0": {"sI_max": 15.827420234680176, "pos_max": [34.626197814941406, -24.328594207763672], "s_path": [[0.0, 15.827420234680176], [0.03333311155438423, 15.767438888549805], [0.06666622310876846, 15.707459449768066], [0.099999338388443, 15.647480010986328], [0.13333216309547424, 15.587504386901855], [0.16666527092456818, 15.527528762817383], [0.1999983787536621, 15.467552185058594], [0.23333148658275604, 15.407578468322754], [0.2666683793067932, 15.347599029541016], [0.30000150203704834, 15.287627220153809], [0.3333343267440796, 15.227657318115234], [0.3666674494743347, 15.167686462402344], [0.40000057220458984, 15.107717514038086]], "n": [0.9891209711778146, -0.14710439958157867]}, "1": {"sI_max": 17.484725952148438, "pos_max": [68.13118743896484, -14.978609085083008], "s_path": [[0.0, 17.484725952148438], [0.03333079814910889, 17.433706283569336], [0.0666690245270729, 17.38267707824707], [0.0999998226761818, 17.331666946411133], [0.13333049416542053, 17.280664443969727], [0.1666688472032547, 17.229656219482422], [0.1999996453523636, 17.178668975830078], [0.23333030939102173, 17.127687454223633], [0.2666686773300171, 17.076702117919922], [0.2999993562698364, 17.02573585510254], [0.3333301544189453, 16.974775314331055], [0.36666837334632874, 16.923812866210938], [0.3999991714954376, 16.872867584228516]], "n": [0.9909078841049019, 0.13454205743464118]}, "2": {"sI_max": 15.2435941696167, "pos_max": [21.805686950683594, 2.854113817214966], "s_path": [[0.0, 15.2435941696167], [0.033332839608192444, 15.197158813476562], [0.06666719168424606, 15.149890899658203], [0.10000003129243851, 15.101794242858887], [0.13333287835121155, 15.052865982055664], [0.16666722297668457, 15.003104209899902], [0.20000006258487701, 14.952513694763184], [0.23333290219306946, 14.901091575622559], [0.26666736602783203, 14.848836898803711], [0.30000007152557373, 14.795754432678223], [0.33333292603492737, 14.741838455200195], [0.36666738986968994, 14.687090873718262], [0.40000009536743164, 14.631514549255371]], "n": [-0.8558650293668214, -0.5171992377284891]}}