{"cracks": {"2": 0.8831628430923161}, "holes": {"0": 0.0798866297105301, "1": 0.03386314783219114, "2": 0.21418233176209903}}