{"0": {"sI_max": 10.820746421813965, "pos_max": [34.626197814941406, -24.328594207763672], "s_path": [[0.0, 10.820746421813965], [0.03333311155438423, 10.77978515625], [0.06666622310876846, 10.738865852355957], [0.099999338388443, 10.697988510131836], [0.13333216309547424, 10.657155990600586], [0.16666527092456818, 10.616365432739258], [0.1999983787536621, 10.575617790222168], [0.23333148658275604, 10.534913063049316], [0.2666683793067932, 10.494247436523438], [0.30000150203704834, 10.453628540039062], [0.3333343267440796, 10.413054466247559], [0.3666674494743347, 10.37252140045166], [0.40000057220458984, 10.332032203674316]], "n": [0.9891209711778146, -0.14710439958157867]}, "1": {"sI_max": 17.03561019897461, "pos_max": [42.06813430786133, -6.588484287261963], "s_path": [[0.0, 17.03561019897461], [0.033334434032440186, 16.972492218017578], [0.0666651725769043, 16.909526824951172], [0.09999960660934448, 16.84670639038086], [0.13333392143249512, 16.784034729003906], [0.1666683554649353, 16.721511840820312], [0.19999909400939941, 16.65914535522461], [0.2333335280418396, 16.596920013427734], [0.2666679620742798, 16.53484535217285], [0.2999987006187439, 16.472925186157227], [0.3333331346511841, 16.411148071289062], [0.36666756868362427, 16.349519729614258], [0.39999818801879883, 16.28804588317871]], "n": [-0.9682509886532064, 0.2499800451477851]}, "2": {"sI_max": 16.228734970092773, "pos_max": [39.05077362060547, 6.9462409019470215], "s_path": [[0.0, 16.228734970092773], [0.03333457559347153, 16.171411514282227], [0.06666543334722519, 16.114118576049805], [0.10000000894069672, 16.056848526000977], [0.13333459198474884, 15.999603271484375], [0.1666654497385025, 15.942390441894531], [0.20000003278255463, 15.885199546813965], [0.23333461582660675, 15.828033447265625], [0.2666654884815216, 15.77090072631836], [0.30000007152557373, 15.713788032531738], [0.33333465456962585, 15.656702041625977], [0.3666655123233795, 15.599649429321289], [0.40000009536743164, 15.54261589050293]], "n": [0.9279631108676863, -0.37267206075686177]}}