{"0": {"sI_max": 3.216150999069214, "pos_max": [34.486572265625, -20.295040130615234], "s_path": [[0.0, 3.216150999069214], [0.03333408012986183, 3.211195230484009], [0.06666520982980728, 3.206087350845337], [0.09999929368495941, 3.20082950592041], [0.13333401083946228, 3.1954197883605957], [0.1666680872440338, 3.1898598670959473], [0.19999921321868896, 3.184148073196411], [0.2333332896232605, 3.178286075592041], [0.26666736602783203, 3.1722733974456787], [0.2999984920024872, 3.1661088466644287], [0.3333325684070587, 3.1597940921783447], [0.3666673004627228, 3.153327465057373], [0.4000013768672943, 3.1467103958129883]], "n": [0.9421595431099217, 0.3351647286438473]}, "1": {"sI_max": 0.8448876142501831, "pos_max": [42.35186767578125, -15.345319747924805], "s_path": [[0.0, 0.8448876142501831], [0.03333282098174095, 0.8470586538314819], [0.0666656419634819, 0.8492447733879089], [0.09999845921993256, 0.8514461517333984], [0.13333487510681152, 0.8536629676818848], [0.16666769981384277, 0.8558948040008545], [0.20000052452087402, 0.8581418395042419], [0.23333334922790527, 0.8604040145874023], [0.2666661739349365, 0.8626813888549805], [0.2999989986419678, 0.8649740219116211], [0.333331823348999, 0.8672819137573242], [0.3666684031486511, 0.8696050643920898], [0.40000104904174805, 0.8719433546066284]], "n": [-0.9847803778283247, -0.17380335855299744]}, "2": {"sI_max": 12.280609130859375, "pos_max": [37.787445068359375, 4.42740535736084], "s_path": [[0.0, 12.280609130859375], [0.0333322212100029, 12.217826843261719], [0.06666770577430725, 12.155054092407227], [0.09999992698431015, 12.09229850769043], [0.13333189487457275, 12.029556274414062], [0.1666673719882965, 11.966819763183594], [0.1999995857477188, 11.904102325439453], [0.2333317995071411, 11.841397285461426], [0.26666727662086487, 11.77869987487793], [0.29999950528144836, 11.716020584106445], [0.333334743976593, 11.653348922729492], [0.3666669726371765, 11.590694427490234], [0.39999920129776, 11.528055191040039]], "n": [0.8553718421429807, -0.5180144898252595]}}