{"0": {"sI_max": 8.825580596923828, "pos_max": [34.626197814941406, -24.328594207763672], "s_path": [[0.0, 8.825580596923828], [0.03333311155438423, 8.794193267822266], [0.06666622310876846, 8.762853622436523], [0.099999338388443, 8.731561660766602], [0.13333216309547424, 8.7003173828125], [0.16666527092456818, 8.669120788574219], [0.1999983787536621, 8.637971878051758], [0.23333148658275604, 8.606870651245117], [0.2666683793067932, 8.575814247131348], [0.30000150203704834, 8.544808387756348], [0.3333343267440796, 8.513851165771484], [0.3666674494743347, 8.482940673828125], [0.40000057220458984, 8.452078819274902]], "n": [0.9891209711778146, -0.14710439958157867]}, "1": {"sI_max": 10.593929290771484, "pos_max": [42.35186767578125, -15.345319747924805], "s_path": [[0.0, 10.593929290771484], [0.03333282098174095, 10.566439628601074], [0.0666656419634819, 10.538898468017578], [0.09999845921993256, 10.511306762695312], [0.13333487510681152, 10.483661651611328], [0.16666769981384277, 10.455965042114258], [0.20000052452087402, 10.428218841552734], [0.23333334922790527, 10.400421142578125], [0.2666661739349365, 10.37257194519043], [0.2999989986419678, 10.344671249389648], [0.333331823348999, 10.316719055175781], [0.3666684031486511, 10.288712501525879], [0.40000104904174805, 10.26065731048584]], "n": [-0.9847803778283247, -0.17380335855299744]}, "2": {"sI_max": 14.007658004760742, "pos_max": [39.05077362060547, 6.9462409019470215], "s_path": [[0.0, 14.007658004760742], [0.03333457559347153, 13.961786270141602], [0.06666543334722519, 13.915884971618652], [0.10000000894069672, 13.869949340820312], [0.13333459198474884, 13.823981285095215], [0.1666654497385025, 13.777983665466309], [0.20000003278255463, 13.731949806213379], [0.23333461582660675, 13.685883522033691], [0.2666654884815216, 13.639789581298828], [0.30000007152557373, 13.593657493591309], [0.33333465456962585, 13.547493934631348], [0.3666655123233795, 13.501301765441895], [0.40000009536743164, 13.455073356628418]], "n": [0.9279631108676863, -0.37267206075686177]}}