{"0": {"phi_c_k": 8.151346679051814, "abs_cf": 0.35792935977665546, "tip": [18.936008925975194, -0.9741138619095836], "cf": [-0.3559389843809697, -0.03769437607880377], "kappa_c": 0.04896684649016158, "k2": [-2.257410764694214, -2.416731119155884, -2.44246768951416, -2.4516143798828125, -2.4560985565185547], "k1": [32.47150802612305, 33.82505798339844, 34.002716064453125, 34.057247161865234, 34.082035064697266], "phi_c": 8.41678091985374}}