{"0": {"sI_max": 16.13382339477539, "pos_max": [34.626197814941406, -24.328594207763672], "s_path": [[0.0, 16.13382339477539], [0.03333311155438423, 16.083524703979492], [0.06666622310876846, 16.0330810546875], [0.099999338388443, 15.98249626159668], [0.13333216309547424, 15.931767463684082], [0.16666527092456818, 15.880891799926758], [0.1999983787536621, 15.829874992370605], [0.23333148658275604, 15.778712272644043], [0.2666683793067932, 15.72740364074707], [0.30000150203704834, 15.67595386505127], [0.3333343267440796, 15.624359130859375], [0.3666674494743347, 15.572622299194336], [0.40000057220458984, 15.52074146270752]], "n": [0.9891209711778146, -0.14710439958157867]}, "1": {"sI_max": 17.067646026611328, "pos_max": [68.13118743896484, -14.978609085083008], "s_path": [[0.0, 17.067646026611328], [0.03333079814910889, 17.01918601989746], [0.0666690245270729, 16.970722198486328], [0.0999998226761818, 16.922271728515625], [0.13333049416542053, 16.873830795288086], [0.1666688472032547, 16.82538414001465], [0.1999996453523636, 16.776952743530273], [0.23333030939102173, 16.72852897644043], [0.2666686773300171, 16.68010139465332], [0.2999993562698364, 16.631690979003906], [0.3333301544189453, 16.583284378051758], [0.36666837334632874, 16.534875869750977], [0.3999991714954376, 16.486482620239258]], "n": [0.9909078841049019, 0.13454205743464118]}, "2": {"sI_max": 14.182308197021484, "pos_max": [39.2819938659668, 7.548139572143555], "s_path": [[0.0, 14.182308197021484], [0.033334217965602875, 14.144163131713867], [0.06666843593120575, 14.106025695800781], [0.09999904781579971, 14.067902565002441], [0.1333332657814026, 14.02978515625], [0.16666747629642487, 13.991676330566406], [0.20000168681144714, 13.953577995300293], [0.2333323061466217, 13.915493965148926], [0.26666635274887085, 13.87741470336914], [0.3000005781650543, 13.83934497833252], [0.3333348035812378, 13.801284790039062], [0.36666542291641235, 13.763238906860352], [0.3999996483325958, 13.725196838378906]], "n": [0.9447964960790648, -0.32765771926924253]}}