{"0": {"sI_max": 10.618836402893066, "pos_max": [34.5688591003418, -24.781227111816406], "s_path": [[0.0, 10.618836402893066], [0.03333370015025139, 10.558320045471191], [0.06666689366102219, 10.497749328613281], [0.10000059008598328, 10.437119483947754], [0.13333378732204437, 10.376433372497559], [0.16666749119758606, 10.315688133239746], [0.20000068843364716, 10.254888534545898], [0.23333439230918884, 10.194028854370117], [0.26666757464408875, 10.133113861083984], [0.30000126361846924, 10.072139739990234], [0.33333444595336914, 10.011442184448242], [0.36666813492774963, 9.955160140991211], [0.40000131726264954, 9.898796081542969]], "n": [0.9638177753079393, -0.26656199279052256]}, "1": {"sI_max": 17.55029296875, "pos_max": [41.889190673828125, -7.518451690673828], "s_path": [[0.0, 17.55029296875], [0.03333370387554169, 17.466758728027344], [0.06666737049818039, 17.38337516784668], [0.10000107437372208, 17.30014419555664], [0.13333474099636078, 17.217063903808594], [0.16666844487190247, 17.13413429260254], [0.19999834895133972, 17.051368713378906], [0.23333202302455902, 16.96874237060547], [0.2666657269001007, 16.886266708374023], [0.2999994158744812, 16.80394172668457], [0.3333330750465393, 16.721771240234375], [0.3666667640209198, 16.64034652709961], [0.4000004231929779, 16.56174659729004]], "n": [-0.9975707553708025, 0.06966051987264091]}, "2": {"sI_max": 15.064366340637207, "pos_max": [39.17594909667969, 7.226430892944336], "s_path": [[0.0, 15.064366340637207], [0.03333348408341408, 15.006624221801758], [0.06666696816682816, 14.948885917663574], [0.1000002920627594, 14.891151428222656], [0.13333377242088318, 14.833420753479004], [0.16666725277900696, 14.7756929397583], [0.20000073313713074, 14.71796703338623], [0.23333421349525452, 14.660245895385742], [0.26666754484176636, 14.60252857208252], [0.30000102519989014, 14.544814109802246], [0.3333345055580139, 14.487102508544922], [0.3666679859161377, 14.42961311340332], [0.40000131726264954, 14.372145652770996]], "n": [0.938526201946081, -0.34520800723717837]}}