{"0": {"sI_max": 13.608879089355469, "pos_max": [34.5688591003418, -24.781227111816406], "s_path": [[0.0, 13.608879089355469], [0.03333370015025139, 13.525955200195312], [0.06666689366102219, 13.4429349899292], [0.10000059008598328, 13.35981559753418], [0.13333378732204437, 13.276599884033203], [0.16666749119758606, 13.193283081054688], [0.20000068843364716, 13.109871864318848], [0.23333439230918884, 13.026358604431152], [0.26666757464408875, 12.942749977111816], [0.30000126361846924, 12.859040260314941], [0.33333444595336914, 12.775463104248047], [0.36666813492774963, 12.693930625915527], [0.40000131726264954, 12.61225700378418]], "n": [0.9638177753079393, -0.26656199279052256]}, "1": {"sI_max": 19.545852661132812, "pos_max": [68.03520202636719, -14.338809967041016], "s_path": [[0.0, 19.545852661132812], [0.03333110362291336, 19.47176170349121], [0.06666972488164902, 19.39766502380371], [0.10000082850456238, 19.323596954345703], [0.13333192467689514, 19.249540328979492], [0.1666630208492279, 19.175495147705078], [0.20000147819519043, 19.1014461517334], [0.2333325743675232, 19.027423858642578], [0.26666367053985596, 18.953414916992188], [0.3000022768974304, 18.879886627197266], [0.3333333730697632, 18.8077449798584], [0.36666446924209595, 18.73558235168457], [0.4000030755996704, 18.663379669189453]], "n": [0.9854046341895675, 0.17022839633188286]}, "2": {"sI_max": 17.04271697998047, "pos_max": [39.17594909667969, 7.226430892944336], "s_path": [[0.0, 17.04271697998047], [0.03333348408341408, 16.979110717773438], [0.06666696816682816, 16.915489196777344], [0.1000002920627594, 16.851848602294922], [0.13333377242088318, 16.788192749023438], [0.16666725277900696, 16.724517822265625], [0.20000073313713074, 16.66082763671875], [0.23333421349525452, 16.597118377685547], [0.26666754484176636, 16.533395767211914], [0.30000102519989014, 16.469654083251953], [0.3333345055580139, 16.405019760131836], [0.3666679859161377, 16.340129852294922], [0.40000131726264954, 16.275239944458008]], "n": [0.938526201946081, -0.34520800723717837]}}