{"0": {"sI_max": 16.591951370239258, "pos_max": [34.626197814941406, -24.328594207763672], "s_path": [[0.0, 16.591951370239258], [0.03333311155438423, 16.530759811401367], [0.06666622310876846, 16.469562530517578], [0.099999338388443, 16.40835952758789], [0.13333216309547424, 16.347150802612305], [0.16666527092456818, 16.285934448242188], [0.1999983787536621, 16.22471046447754], [0.23333148658275604, 16.163482666015625], [0.2666683793067932, 16.10223960876465], [0.30000150203704834, 16.040998458862305], [0.3333343267440796, 15.979751586914062], [0.3666674494743347, 15.918497085571289], [0.40000057220458984, 15.857236862182617]], "n": [0.9891209711778146, -0.14710439958157867]}, "1": {"sI_max": 17.23424530029297, "pos_max": [68.13118743896484, -14.978609085083008], "s_path": [[0.0, 17.23424530029297], [0.03333079814910889, 17.184980392456055], [0.0666690245270729, 17.135711669921875], [0.0999998226761818, 17.086462020874023], [0.13333049416542053, 17.03722381591797], [0.1666688472032547, 16.987979888916016], [0.1999996453523636, 16.938756942749023], [0.23333030939102173, 16.889545440673828], [0.2666686773300171, 16.840330123901367], [0.2999993562698364, 16.791135787963867], [0.3333301544189453, 16.7419490814209], [0.36666837334632874, 16.692760467529297], [0.3999991714954376, 16.643592834472656]], "n": [0.9909078841049019, 0.13454205743464118]}, "2": {"sI_max": 14.545696258544922, "pos_max": [39.2819938659668, 7.548139572143555], "s_path": [[0.0, 14.545696258544922], [0.033334217965602875, 14.508234024047852], [0.06666843593120575, 14.47079086303711], [0.09999904781579971, 14.433369636535645], [0.1333332657814026, 14.395962715148926], [0.16666747629642487, 14.358574867248535], [0.20000168681144714, 14.32120418548584], [0.2333323061466217, 14.283857345581055], [0.26666635274887085, 14.246524810791016], [0.3000005781650543, 14.209210395812988], [0.3333348035812378, 14.171915054321289], [0.36666542291641235, 14.134641647338867], [0.3999996483325958, 14.097381591796875]], "n": [0.9447964960790648, -0.32765771926924253]}}