{"0": {"sI_max": 2.0814833641052246, "pos_max": [34.486572265625, -20.295040130615234], "s_path": [[0.0, 2.0814833641052246], [0.03333408012986183, 2.076019287109375], [0.06666520982980728, 2.07047963142395], [0.09999929368495941, 2.0648653507232666], [0.13333401083946228, 2.059175491333008], [0.1666680872440338, 2.053410768508911], [0.19999921321868896, 2.0475709438323975], [0.2333332896232605, 2.041656017303467], [0.26666736602783203, 2.0356662273406982], [0.2999984920024872, 2.0296010971069336], [0.3333325684070587, 2.023460865020752], [0.3666673004627228, 2.017245292663574], [0.4000013768672943, 2.0109548568725586]], "n": [0.9421595431099217, 0.3351647286438473]}, "1": {"sI_max": 0.343976765871048, "pos_max": [42.35186767578125, -15.345319747924805], "s_path": [[0.0, 0.343976765871048], [0.03333282098174095, 0.3451087474822998], [0.0666656419634819, 0.3462589681148529], [0.09999845921993256, 0.34742745757102966], [0.13333487510681152, 0.3486143946647644], [0.16666769981384277, 0.3498194217681885], [0.20000052452087402, 0.3510427176952362], [0.23333334922790527, 0.3522842824459076], [0.2666661739349365, 0.35354411602020264], [0.2999989986419678, 0.35482218861579895], [0.333331823348999, 0.3561185598373413], [0.3666684031486511, 0.35743334889411926], [0.40000104904174805, 0.35876625776290894]], "n": [-0.9847803778283247, -0.17380335855299744]}, "2": {"sI_max": 10.458582878112793, "pos_max": [37.787445068359375, 4.42740535736084], "s_path": [[0.0, 10.458582878112793], [0.0333322212100029, 10.405034065246582], [0.06666770577430725, 10.351492881774902], [0.09999992698431015, 10.297969818115234], [0.13333189487457275, 10.24445915222168], [0.1666673719882965, 10.19095516204834], [0.1999995857477188, 10.137468338012695], [0.2333317995071411, 10.083995819091797], [0.26666727662086487, 10.030529022216797], [0.29999950528144836, 9.977079391479492], [0.333334743976593, 9.923638343811035], [0.3666669726371765, 9.870214462280273], [0.39999920129776, 9.816802978515625]], "n": [0.8553718421429807, -0.5180144898252595]}}