{"1": {"phi_c_k": -2.214399387907894, "abs_cf": 0.9579608566696568, "tip": [75.97027933691982, -13.400674151727676], "cf": [-0.9575655705609165, -0.02751692184109622], "kappa_c": -0.011758636797552626, "k2": [0.9933508038520813, 1.0704702138900757, 1.0772331953048706, 1.0817221403121948, 1.084110140800476], "k1": [53.4627571105957, 55.514766693115234, 55.820068359375, 55.9285774230957, 55.98450469970703], "phi_c": -2.021160783980975}}