{"0": {"kappa": [0, 0, 0, 0, 0, 0], "is_active": 0, "da": [10.0, 3.0, 3.0, 3.0, 3.0, 2.573428571428571], "n0": [1, 0], "dphi": [0, -9.139205434628156, 1.9878893401312485, 4.779696891984953, 8.41678091985374, 10.811283424213077], "x0": [0, 0], "close_hole": []}, "1": {"kappa": [0], "is_active": 1, "da": [2.0], "n0": [0.9854046341895675, 0.17022839633188286], "dphi": [0], "x0": [68.0332312170988, -14.33915042383368], "close_hole": []}}