{"cracks": {"0": 0.8494891251471423}, "holes": {"0": 0.2597584867807312, "1": 0.2702683293581502, "2": 0.22823751786630825}}