{"0": {"kappa": [0, 0, 0], "is_active": 1, "da": [10.0, 3.0, 3.0], "n0": [1, 0], "dphi": [0, -9.139205434628156, 1.9878893401312485], "x0": [0, 0], "close_hole": []}}