{"0": {"x0": [0, 0], "n0": [1, 0], "da": [10.0, 3.0, 3.0, 3.0, 3.0, 2.573428571428571], "kappa": [0, 0, 0, 0, 0, 0], "dphi": [0, -9.139205434628156, 1.9878893401312485, 4.779696891984953, 8.41678091985374, 10.811283424213077], "is_active": 0, "close_hole": []}}