{"0": {"sI_max": 6.998601913452148, "pos_max": [34.626197814941406, -24.328594207763672], "s_path": [[0.0, 6.998601913452148], [0.03333311155438423, 6.975227355957031], [0.06666622310876846, 6.95184326171875], [0.099999338388443, 6.928448677062988], [0.13333216309547424, 6.905045509338379], [0.16666527092456818, 6.881631851196289], [0.1999983787536621, 6.858207702636719], [0.23333148658275604, 6.834774494171143], [0.2666683793067932, 6.811328887939453], [0.30000150203704834, 6.787875175476074], [0.3333343267440796, 6.764412879943848], [0.3666674494743347, 6.740940093994141], [0.40000057220458984, 6.7174577713012695]], "n": [0.9891209711778146, -0.14710439958157867]}, "1": {"sI_max": 5.248537063598633, "pos_max": [42.35186767578125, -15.345319747924805], "s_path": [[0.0, 5.248537063598633], [0.03333282098174095, 5.238595485687256], [0.0666656419634819, 5.2287092208862305], [0.09999845921993256, 5.218876838684082], [0.13333487510681152, 5.209097385406494], [0.16666769981384277, 5.199374675750732], [0.20000052452087402, 5.189705848693848], [0.23333334922790527, 5.180091857910156], [0.2666661739349365, 5.170532703399658], [0.2999989986419678, 5.161027431488037], [0.333331823348999, 5.151577472686768], [0.3666684031486511, 5.142180442810059], [0.40000104904174805, 5.132839202880859]], "n": [-0.9847803778283247, -0.17380335855299744]}, "2": {"sI_max": 14.118192672729492, "pos_max": [39.05077362060547, 6.9462409019470215], "s_path": [[0.0, 14.118192672729492], [0.03333457559347153, 14.064006805419922], [0.06666543334722519, 14.00984001159668], [0.10000000894069672, 13.955680847167969], [0.13333459198474884, 13.901533126831055], [0.1666654497385025, 13.847405433654785], [0.20000003278255463, 13.79328441619873], [0.23333461582660675, 13.739175796508789], [0.2666654884815216, 13.685086250305176], [0.30000007152557373, 13.631004333496094], [0.33333465456962585, 13.576932907104492], [0.3666655123233795, 13.522882461547852], [0.40000009536743164, 13.468838691711426]], "n": [0.9279631108676863, -0.37267206075686177]}}