{"cracks": {"0": 0.8870396480357496}, "holes": {"0": 0.2528763138654594, "1": 0.2676661508228229, "2": 0.2224839666013244}}