{"0": {"sI_max": 11.40298843383789, "pos_max": [34.626197814941406, -24.328594207763672], "s_path": [[0.0, 11.40298843383789], [0.03333311155438423, 11.357952117919922], [0.06666622310876846, 11.312976837158203], [0.099999338388443, 11.268060684204102], [0.13333216309547424, 11.2232027053833], [0.16666527092456818, 11.178404808044434], [0.1999983787536621, 11.133666038513184], [0.23333148658275604, 11.088987350463867], [0.2666683793067932, 11.044361114501953], [0.30000150203704834, 10.999801635742188], [0.3333343267440796, 10.955299377441406], [0.3666674494743347, 10.910856246948242], [0.40000057220458984, 10.866473197937012]], "n": [0.9891209711778146, -0.14710439958157867]}, "1": {"sI_max": 17.041748046875, "pos_max": [41.88401794433594, -7.950471878051758], "s_path": [[0.0, 17.041748046875], [0.03333331272006035, 16.98484992980957], [0.0666666328907013, 16.927993774414062], [0.09999994188547134, 16.87117576599121], [0.1333332657814026, 16.814395904541016], [0.16666658222675323, 16.75765609741211], [0.19999989867210388, 16.70095443725586], [0.23333321511745453, 16.644290924072266], [0.2666665315628052, 16.58766746520996], [0.29999983310699463, 16.531082153320312], [0.33333316445350647, 16.474536895751953], [0.3666664659976959, 16.41802978515625], [0.39999979734420776, 16.361562728881836]], "n": [-0.9998708415930313, 0.01607171839111535]}, "2": {"sI_max": 16.058805465698242, "pos_max": [39.05077362060547, 6.9462409019470215], "s_path": [[0.0, 16.058805465698242], [0.03333457559347153, 16.006126403808594], [0.06666543334722519, 15.953470230102539], [0.10000000894069672, 15.900825500488281], [0.13333459198474884, 15.848199844360352], [0.1666654497385025, 15.795597076416016], [0.20000003278255463, 15.743005752563477], [0.23333461582660675, 15.690433502197266], [0.2666654884815216, 15.637884140014648], [0.30000007152557373, 15.585348129272461], [0.33333465456962585, 15.532829284667969], [0.3666655123233795, 15.480332374572754], [0.40000009536743164, 15.427848815917969]], "n": [0.9279631108676863, -0.37267206075686177]}}