{"cracks": {"2": 1.0114663778747799}, "holes": {"0": 0.10964525236356243, "1": 0.08246953569575914, "2": 0.2209631693393956}}