{"cracks": {"1": 1.3525789876753829}, "holes": {"0": 0.17842799802967826, "1": 0.2669902628046155, "2": 0.25162013923979476}}