{"1": {"phi_c_k": -2.6349797669377275, "abs_cf": 0.5774017386166086, "tip": [70.00404048547793, -13.998693631169914], "cf": [-0.5720860986371008, -0.07816817449361224], "kappa_c": -0.017632643503552505, "k2": [0.906471312046051, 1.022757887840271, 1.0086863040924072, 1.0071313381195068, 1.004774570465088], "k1": [41.78895950317383, 43.441532135009766, 43.669734954833984, 43.74467849731445, 43.78026580810547], "phi_c": -2.0205521088246554}}